"the ignomon",unique,"[{""key"":""sixLink"",""value"":false},{""key"":""corrupted"",""value"":false},{""key"":""foilVariation"",""value"":0}]",totalQuantity,0,6
"high-impact mine support",gem,"[{""key"":""lvl"",""value"":""1-18""},{""key"":""corrupted"",""value"":false},{""key"":""quality"",""value"":""0""}]",totalQuantity,0,12
"wurm's molt",unique,"[{""key"":""sixLink"",""value"":false},{""key"":""corrupted"",""value"":false},{""key"":""foilVariation"",""value"":0}]",totalQuantity,0,5
"close combat support",gem,"[{""key"":""lvl"",""value"":""1-18""},{""key"":""corrupted"",""value"":false},{""key"":""quality"",""value"":""0""}]",totalQuantity,0,10
"power charge on critical support",gem,"[{""key"":""lvl"",""value"":""1-18""},{""key"":""corrupted"",""value"":false},{""key"":""quality"",""value"":""0""}]",totalQuantity,0,13
"flame surge",gem,"[{""key"":""lvl"",""value"":""1-18""},{""key"":""corrupted"",""value"":false},{""key"":""quality"",""value"":""0""}]",totalQuantity,0,7
"summon holy relic",gem,"[{""key"":""lvl"",""value"":""1-18""},{""key"":""corrupted"",""value"":false},{""key"":""quality"",""value"":""0""}]",totalQuantity,0,10
"riposte",gem,"[{""key"":""lvl"",""value"":""1-18""},{""key"":""corrupted"",""value"":false},{""key"":""quality"",""value"":""0""}]",totalQuantity,0,12
"lightning arrow",gem,"[{""key"":""lvl"",""value"":""1-18""},{""key"":""corrupted"",""value"":false},{""key"":""quality"",""value"":""0""}]",totalQuantity,0,12
"ancestral cry",gem,"[{""key"":""lvl"",""value"":""1-18""},{""key"":""corrupted"",""value"":false},{""key"":""quality"",""value"":""0""}]",totalQuantity,0,8
"desecrate",gem,"[{""key"":""lvl"",""value"":""1-18""},{""key"":""corrupted"",""value"":false},{""key"":""quality"",""value"":""0""}]",totalQuantity,0,9
"ice crash",gem,"[{""key"":""lvl"",""value"":""1-18""},{""key"":""corrupted"",""value"":false},{""key"":""quality"",""value"":""0""}]",totalQuantity,0,12
"pyroshock clasp",unique,"[{""key"":""sixLink"",""value"":false},{""key"":""corrupted"",""value"":false},{""key"":""foilVariation"",""value"":0}]",totalQuantity,0,7
"bated breath",unique,"[{""key"":""sixLink"",""value"":false},{""key"":""corrupted"",""value"":false},{""key"":""foilVariation"",""value"":0}]",totalQuantity,0,5
"summon skeletons",gem,"[{""key"":""lvl"",""value"":""1-18""},{""key"":""corrupted"",""value"":false},{""key"":""quality"",""value"":""0""}]",totalQuantity,0,8
"cluster traps support",gem,"[{""key"":""lvl"",""value"":""1-18""},{""key"":""corrupted"",""value"":false},{""key"":""quality"",""value"":""0""}]",totalQuantity,0,15
"voltaxic burst",gem,"[{""key"":""lvl"",""value"":""1-18""},{""key"":""corrupted"",""value"":false},{""key"":""quality"",""value"":""0""}]",totalQuantity,0,7
"consecrated path",gem,"[{""key"":""lvl"",""value"":""1-18""},{""key"":""corrupted"",""value"":false},{""key"":""quality"",""value"":""0""}]",totalQuantity,0,10
"storm call",gem,"[{""key"":""lvl"",""value"":""1-18""},{""key"":""corrupted"",""value"":false},{""key"":""quality"",""value"":""0""}]",totalQuantity,0,16
"ancestral protector",gem,"[{""key"":""lvl"",""value"":""1-18""},{""key"":""corrupted"",""value"":false},{""key"":""quality"",""value"":""0""}]",totalQuantity,0,7
"chaos orb",currency,"[]",totalQuantity,0,506
"minion life support",gem,"[{""key"":""lvl"",""value"":""1-18""},{""key"":""corrupted"",""value"":false},{""key"":""quality"",""value"":""0""}]",totalQuantity,0,8
"rune blast",gem,"[{""key"":""lvl"",""value"":""1-18""},{""key"":""corrupted"",""value"":false},{""key"":""quality"",""value"":""0""}]",totalQuantity,0,10
"enduring cry",gem,"[{""key"":""lvl"",""value"":""1-18""},{""key"":""corrupted"",""value"":false},{""key"":""quality"",""value"":""0""}]",totalQuantity,0,10
"darkray vectors",unique,"[{""key"":""sixLink"",""value"":false},{""key"":""corrupted"",""value"":false},{""key"":""foilVariation"",""value"":0}]",totalQuantity,0,5
"dominating blow",gem,"[{""key"":""lvl"",""value"":""1-18""},{""key"":""corrupted"",""value"":false},{""key"":""quality"",""value"":""0""}]",totalQuantity,0,11
"stormblast mine",gem,"[{""key"":""lvl"",""value"":""1-18""},{""key"":""corrupted"",""value"":false},{""key"":""quality"",""value"":""0""}]",totalQuantity,0,11
"mana leech support",gem,"[{""key"":""lvl"",""value"":""1-18""},{""key"":""corrupted"",""value"":false},{""key"":""quality"",""value"":""0""}]",totalQuantity,0,15
"less duration support",gem,"[{""key"":""lvl"",""value"":""1-18""},{""key"":""corrupted"",""value"":false},{""key"":""quality"",""value"":""0""}]",totalQuantity,0,7
"physical to lightning support",gem,"[{""key"":""lvl"",""value"":""1-18""},{""key"":""corrupted"",""value"":false},{""key"":""quality"",""value"":""0""}]",totalQuantity,0,14
"bone offering",gem,"[{""key"":""lvl"",""value"":""1-18""},{""key"":""corrupted"",""value"":false},{""key"":""quality"",""value"":""0""}]",totalQuantity,0,5
"ground slam",gem,"[{""key"":""lvl"",""value"":""1-18""},{""key"":""corrupted"",""value"":false},{""key"":""quality"",""value"":""0""}]",totalQuantity,0,11
"chance to poison support",gem,"[{""key"":""lvl"",""value"":""1-18""},{""key"":""corrupted"",""value"":false},{""key"":""quality"",""value"":""0""}]",totalQuantity,0,14
"rallying cry",gem,"[{""key"":""lvl"",""value"":""1-18""},{""key"":""corrupted"",""value"":false},{""key"":""quality"",""value"":""0""}]",totalQuantity,0,13
"daresso's passion",unique,"[{""key"":""sixLink"",""value"":false},{""key"":""corrupted"",""value"":false},{""key"":""foilVariation"",""value"":0}]",totalQuantity,0,6
"signal prey",gem,"[{""key"":""lvl"",""value"":""1-18""},{""key"":""corrupted"",""value"":false},{""key"":""quality"",""value"":""0""}]",totalQuantity,0,17
"arrow nova support",gem,"[{""key"":""lvl"",""value"":""1-18""},{""key"":""corrupted"",""value"":false},{""key"":""quality"",""value"":""0""}]",totalQuantity,0,16
"vile toxins support",gem,"[{""key"":""lvl"",""value"":""1-18""},{""key"":""corrupted"",""value"":false},{""key"":""quality"",""value"":""0""}]",totalQuantity,0,16
"cast when stunned support",gem,"[{""key"":""lvl"",""value"":""1-18""},{""key"":""corrupted"",""value"":false},{""key"":""quality"",""value"":""0""}]",totalQuantity,0,23
"generosity support",gem,"[{""key"":""lvl"",""value"":""1-18""},{""key"":""corrupted"",""value"":false},{""key"":""quality"",""value"":""0""}]",totalQuantity,0,13
"earthbreaker support",gem,"[{""key"":""lvl"",""value"":""1-18""},{""key"":""corrupted"",""value"":false},{""key"":""quality"",""value"":""0""}]",totalQuantity,0,16
"reave",gem,"[{""key"":""lvl"",""value"":""1-18""},{""key"":""corrupted"",""value"":false},{""key"":""quality"",""value"":""0""}]",totalQuantity,0,5
"cast on melee kill support",gem,"[{""key"":""lvl"",""value"":""1-18""},{""key"":""corrupted"",""value"":false},{""key"":""quality"",""value"":""0""}]",totalQuantity,0,11
"overcharge support",gem,"[{""key"":""lvl"",""value"":""1-18""},{""key"":""corrupted"",""value"":false},{""key"":""quality"",""value"":""0""}]",totalQuantity,0,13
"spectral helix",gem,"[{""key"":""lvl"",""value"":""1-18""},{""key"":""corrupted"",""value"":false},{""key"":""quality"",""value"":""0""}]",totalQuantity,0,9
"sniper's mark",gem,"[{""key"":""lvl"",""value"":""1-18""},{""key"":""corrupted"",""value"":false},{""key"":""quality"",""value"":""0""}]",totalQuantity,0,6
"divine ire",gem,"[{""key"":""lvl"",""value"":""1-18""},{""key"":""corrupted"",""value"":false},{""key"":""quality"",""value"":""0""}]",totalQuantity,0,9
"siphoning trap",gem,"[{""key"":""lvl"",""value"":""1-18""},{""key"":""corrupted"",""value"":false},{""key"":""quality"",""value"":""0""}]",totalQuantity,0,10
"heavy strike",gem,"[{""key"":""lvl"",""value"":""1-18""},{""key"":""corrupted"",""value"":false},{""key"":""quality"",""value"":""0""}]",totalQuantity,0,13
"pestilent strike",gem,"[{""key"":""lvl"",""value"":""1-18""},{""key"":""corrupted"",""value"":false},{""key"":""quality"",""value"":""0""}]",totalQuantity,0,10
"malevolence",gem,"[{""key"":""lvl"",""value"":""1-18""},{""key"":""corrupted"",""value"":false},{""key"":""quality"",""value"":""0""}]",totalQuantity,0,6
"second wind support",gem,"[{""key"":""lvl"",""value"":""1-18""},{""key"":""corrupted"",""value"":false},{""key"":""quality"",""value"":""0""}]",totalQuantity,0,15
"divine blessing support",gem,"[{""key"":""lvl"",""value"":""1-18""},{""key"":""corrupted"",""value"":false},{""key"":""quality"",""value"":""0""}]",totalQuantity,0,17
"point blank support",gem,"[{""key"":""lvl"",""value"":""1-18""},{""key"":""corrupted"",""value"":false},{""key"":""quality"",""value"":""0""}]",totalQuantity,0,15
"hydrosphere",gem,"[{""key"":""lvl"",""value"":""1-18""},{""key"":""corrupted"",""value"":false},{""key"":""quality"",""value"":""0""}]",totalQuantity,0,8
"storm brand",gem,"[{""key"":""lvl"",""value"":""1-18""},{""key"":""corrupted"",""value"":false},{""key"":""quality"",""value"":""0""}]",totalQuantity,0,15
"balefire",unique,"[{""key"":""sixLink"",""value"":false},{""key"":""corrupted"",""value"":false},{""key"":""foilVariation"",""value"":0}]",totalQuantity,0,5
"earthshatter",gem,"[{""key"":""lvl"",""value"":""1-18""},{""key"":""corrupted"",""value"":false},{""key"":""quality"",""value"":""0""}]",totalQuantity,0,9
"tectonic slam",gem,"[{""key"":""lvl"",""value"":""1-18""},{""key"":""corrupted"",""value"":false},{""key"":""quality"",""value"":""0""}]",totalQuantity,0,11
"nightblade support",gem,"[{""key"":""lvl"",""value"":""1-18""},{""key"":""corrupted"",""value"":false},{""key"":""quality"",""value"":""0""}]",totalQuantity,0,14
"charged traps support",gem,"[{""key"":""lvl"",""value"":""1-18""},{""key"":""corrupted"",""value"":false},{""key"":""quality"",""value"":""0""}]",totalQuantity,0,15
"barrage support",gem,"[{""key"":""lvl"",""value"":""1-18""},{""key"":""corrupted"",""value"":false},{""key"":""quality"",""value"":""0""}]",totalQuantity,0,19
"urgent orders support",gem,"[{""key"":""lvl"",""value"":""1-18""},{""key"":""corrupted"",""value"":false},{""key"":""quality"",""value"":""0""}]",totalQuantity,0,13
"bloodlust support",gem,"[{""key"":""lvl"",""value"":""1-18""},{""key"":""corrupted"",""value"":false},{""key"":""quality"",""value"":""0""}]",totalQuantity,0,14
"soul catcher",unique,"[{""key"":""sixLink"",""value"":false},{""key"":""corrupted"",""value"":false},{""key"":""foilVariation"",""value"":0}]",totalQuantity,0,6
"fireball",gem,"[{""key"":""lvl"",""value"":""1-18""},{""key"":""corrupted"",""value"":false},{""key"":""quality"",""value"":""0""}]",totalQuantity,0,6
"viper strike",gem,"[{""key"":""lvl"",""value"":""1-18""},{""key"":""corrupted"",""value"":false},{""key"":""quality"",""value"":""0""}]",totalQuantity,0,12
"infernal legion support",gem,"[{""key"":""lvl"",""value"":""1-18""},{""key"":""corrupted"",""value"":false},{""key"":""quality"",""value"":""0""}]",totalQuantity,0,13
"lightning trap",gem,"[{""key"":""lvl"",""value"":""1-18""},{""key"":""corrupted"",""value"":false},{""key"":""quality"",""value"":""0""}]",totalQuantity,0,7
"searing bond",gem,"[{""key"":""lvl"",""value"":""1-18""},{""key"":""corrupted"",""value"":false},{""key"":""quality"",""value"":""0""}]",totalQuantity,0,13
"elemental army support",gem,"[{""key"":""lvl"",""value"":""1-18""},{""key"":""corrupted"",""value"":false},{""key"":""quality"",""value"":""0""}]",totalQuantity,0,14
"glassblower's bauble",currency,"[]",totalQuantity,50,381
"deadly ailments support",gem,"[{""key"":""lvl"",""value"":""1-18""},{""key"":""corrupted"",""value"":false},{""key"":""quality"",""value"":""0""}]",totalQuantity,0,9
"shockwave",gem,"[{""key"":""lvl"",""value"":""1-18""},{""key"":""corrupted"",""value"":false},{""key"":""quality"",""value"":""0""}]",totalQuantity,0,10
"void manipulation support",gem,"[{""key"":""lvl"",""value"":""1-18""},{""key"":""corrupted"",""value"":false},{""key"":""quality"",""value"":""0""}]",totalQuantity,0,9
"cursed ground support",gem,"[{""key"":""lvl"",""value"":""1-18""},{""key"":""corrupted"",""value"":false},{""key"":""quality"",""value"":""0""}]",totalQuantity,0,16
"slower projectiles support",gem,"[{""key"":""lvl"",""value"":""1-18""},{""key"":""corrupted"",""value"":false},{""key"":""quality"",""value"":""0""}]",totalQuantity,0,16
"volley support",gem,"[{""key"":""lvl"",""value"":""1-18""},{""key"":""corrupted"",""value"":false},{""key"":""quality"",""value"":""0""}]",totalQuantity,0,14
"pierce support",gem,"[{""key"":""lvl"",""value"":""1-18""},{""key"":""corrupted"",""value"":false},{""key"":""quality"",""value"":""0""}]",totalQuantity,0,13
"onslaught support",gem,"[{""key"":""lvl"",""value"":""1-18""},{""key"":""corrupted"",""value"":false},{""key"":""quality"",""value"":""0""}]",totalQuantity,0,12
"increased area of effect support",gem,"[{""key"":""lvl"",""value"":""1-18""},{""key"":""corrupted"",""value"":false},{""key"":""quality"",""value"":""0""}]",totalQuantity,0,10
"cast while channelling support",gem,"[{""key"":""lvl"",""value"":""1-18""},{""key"":""corrupted"",""value"":false},{""key"":""quality"",""value"":""0""}]",totalQuantity,0,10
"ignite proliferation support",gem,"[{""key"":""lvl"",""value"":""1-18""},{""key"":""corrupted"",""value"":false},{""key"":""quality"",""value"":""0""}]",totalQuantity,0,10
"endurance charge on melee stun support",gem,"[{""key"":""lvl"",""value"":""1-18""},{""key"":""corrupted"",""value"":false},{""key"":""quality"",""value"":""0""}]",totalQuantity,0,12
"behead support",gem,"[{""key"":""lvl"",""value"":""1-18""},{""key"":""corrupted"",""value"":false},{""key"":""quality"",""value"":""0""}]",totalQuantity,0,17
"skullhead",unique,"[{""key"":""sixLink"",""value"":false},{""key"":""corrupted"",""value"":false},{""key"":""foilVariation"",""value"":0}]",totalQuantity,0,5
"blade blast",gem,"[{""key"":""lvl"",""value"":""1-18""},{""key"":""corrupted"",""value"":false},{""key"":""quality"",""value"":""0""}]",totalQuantity,0,13
"protective link",gem,"[{""key"":""lvl"",""value"":""1-18""},{""key"":""corrupted"",""value"":false},{""key"":""quality"",""value"":""0""}]",totalQuantity,0,9
"concentrated effect support",gem,"[{""key"":""lvl"",""value"":""1-18""},{""key"":""corrupted"",""value"":false},{""key"":""quality"",""value"":""0""}]",totalQuantity,0,14
"chance to bleed support",gem,"[{""key"":""lvl"",""value"":""1-18""},{""key"":""corrupted"",""value"":false},{""key"":""quality"",""value"":""0""}]",totalQuantity,0,11
"purity of lightning",gem,"[{""key"":""lvl"",""value"":""1-18""},{""key"":""corrupted"",""value"":false},{""key"":""quality"",""value"":""0""}]",totalQuantity,0,9
"stun support",gem,"[{""key"":""lvl"",""value"":""1-18""},{""key"":""corrupted"",""value"":false},{""key"":""quality"",""value"":""0""}]",totalQuantity,0,13
"ambush",gem,"[{""key"":""lvl"",""value"":""1-18""},{""key"":""corrupted"",""value"":false},{""key"":""quality"",""value"":""0""}]",totalQuantity,0,11
"elemental proliferation support",gem,"[{""key"":""lvl"",""value"":""1-18""},{""key"":""corrupted"",""value"":false},{""key"":""quality"",""value"":""0""}]",totalQuantity,0,15
"wither",gem,"[{""key"":""lvl"",""value"":""1-18""},{""key"":""corrupted"",""value"":false},{""key"":""quality"",""value"":""0""}]",totalQuantity,0,11
"trap support",gem,"[{""key"":""lvl"",""value"":""1-18""},{""key"":""corrupted"",""value"":false},{""key"":""quality"",""value"":""0""}]",totalQuantity,0,16
"bloodthirst support",gem,"[{""key"":""lvl"",""value"":""1-18""},{""key"":""corrupted"",""value"":false},{""key"":""quality"",""value"":""0""}]",totalQuantity,0,18
"increased duration support",gem,"[{""key"":""lvl"",""value"":""1-18""},{""key"":""corrupted"",""value"":false},{""key"":""quality"",""value"":""0""}]",totalQuantity,0,8
"increased critical strikes support",gem,"[{""key"":""lvl"",""value"":""1-18""},{""key"":""corrupted"",""value"":false},{""key"":""quality"",""value"":""0""}]",totalQuantity,0,10
"intensify support",gem,"[{""key"":""lvl"",""value"":""1-18""},{""key"":""corrupted"",""value"":false},{""key"":""quality"",""value"":""0""}]",totalQuantity,0,19
"chain hook",gem,"[{""key"":""lvl"",""value"":""1-18""},{""key"":""corrupted"",""value"":false},{""key"":""quality"",""value"":""0""}]",totalQuantity,0,13
"rain of arrows",gem,"[{""key"":""lvl"",""value"":""1-18""},{""key"":""corrupted"",""value"":false},{""key"":""quality"",""value"":""0""}]",totalQuantity,0,8
"summon chaos golem",gem,"[{""key"":""lvl"",""value"":""1-18""},{""key"":""corrupted"",""value"":false},{""key"":""quality"",""value"":""0""}]",totalQuantity,0,14
"tempered flesh",unique,"[{""key"":""sixLink"",""value"":false},{""key"":""corrupted"",""value"":false},{""key"":""foilVariation"",""value"":0}]",totalQuantity,0,7
"the consuming dark",unique,"[{""key"":""sixLink"",""value"":false},{""key"":""corrupted"",""value"":false},{""key"":""foilVariation"",""value"":0}]",totalQuantity,0,6
"pyroclast mine",gem,"[{""key"":""lvl"",""value"":""1-18""},{""key"":""corrupted"",""value"":false},{""key"":""quality"",""value"":""0""}]",totalQuantity,0,11
"energy leech support",gem,"[{""key"":""lvl"",""value"":""1-18""},{""key"":""corrupted"",""value"":false},{""key"":""quality"",""value"":""0""}]",totalQuantity,0,15
"the devouring diadem",unique,"[{""key"":""sixLink"",""value"":false},{""key"":""corrupted"",""value"":false},{""key"":""foilVariation"",""value"":0}]",totalQuantity,0,8
"multiple traps support",gem,"[{""key"":""lvl"",""value"":""1-18""},{""key"":""corrupted"",""value"":false},{""key"":""quality"",""value"":""0""}]",totalQuantity,0,16
"fist of war support",gem,"[{""key"":""lvl"",""value"":""1-18""},{""key"":""corrupted"",""value"":false},{""key"":""quality"",""value"":""0""}]",totalQuantity,0,13
"swiftbrand support",gem,"[{""key"":""lvl"",""value"":""1-18""},{""key"":""corrupted"",""value"":false},{""key"":""quality"",""value"":""0""}]",totalQuantity,0,19
"hypothermia support",gem,"[{""key"":""lvl"",""value"":""1-18""},{""key"":""corrupted"",""value"":false},{""key"":""quality"",""value"":""0""}]",totalQuantity,0,10
"frost shield",gem,"[{""key"":""lvl"",""value"":""1-18""},{""key"":""corrupted"",""value"":false},{""key"":""quality"",""value"":""0""}]",totalQuantity,0,7
"artillery ballista",gem,"[{""key"":""lvl"",""value"":""1-18""},{""key"":""corrupted"",""value"":false},{""key"":""quality"",""value"":""0""}]",totalQuantity,0,10
"hextouch support",gem,"[{""key"":""lvl"",""value"":""1-18""},{""key"":""corrupted"",""value"":false},{""key"":""quality"",""value"":""0""}]",totalQuantity,0,14
"faster projectiles support",gem,"[{""key"":""lvl"",""value"":""1-18""},{""key"":""corrupted"",""value"":false},{""key"":""quality"",""value"":""0""}]",totalQuantity,0,14
"unbound ailments support",gem,"[{""key"":""lvl"",""value"":""1-18""},{""key"":""corrupted"",""value"":false},{""key"":""quality"",""value"":""0""}]",totalQuantity,0,12
"kinetic blast",gem,"[{""key"":""lvl"",""value"":""1-18""},{""key"":""corrupted"",""value"":false},{""key"":""quality"",""value"":""0""}]",totalQuantity,0,9
"trinity support",gem,"[{""key"":""lvl"",""value"":""1-18""},{""key"":""corrupted"",""value"":false},{""key"":""quality"",""value"":""0""}]",totalQuantity,0,9
"intimidating cry",gem,"[{""key"":""lvl"",""value"":""1-18""},{""key"":""corrupted"",""value"":false},{""key"":""quality"",""value"":""0""}]",totalQuantity,0,9
"vampiric link",gem,"[{""key"":""lvl"",""value"":""1-18""},{""key"":""corrupted"",""value"":false},{""key"":""quality"",""value"":""0""}]",totalQuantity,0,11
"flameblast",gem,"[{""key"":""lvl"",""value"":""1-18""},{""key"":""corrupted"",""value"":false},{""key"":""quality"",""value"":""0""}]",totalQuantity,0,12
"summon raging spirit",gem,"[{""key"":""lvl"",""value"":""1-18""},{""key"":""corrupted"",""value"":false},{""key"":""quality"",""value"":""0""}]",totalQuantity,0,5
"immolate support",gem,"[{""key"":""lvl"",""value"":""1-18""},{""key"":""corrupted"",""value"":false},{""key"":""quality"",""value"":""0""}]",totalQuantity,0,14
"kinetic bolt",gem,"[{""key"":""lvl"",""value"":""1-18""},{""key"":""corrupted"",""value"":false},{""key"":""quality"",""value"":""0""}]",totalQuantity,0,13
"archmage support",gem,"[{""key"":""lvl"",""value"":""1-18""},{""key"":""corrupted"",""value"":false},{""key"":""quality"",""value"":""0""}]",totalQuantity,0,16
"fortify support",gem,"[{""key"":""lvl"",""value"":""1-18""},{""key"":""corrupted"",""value"":false},{""key"":""quality"",""value"":""0""}]",totalQuantity,0,12
"decay support",gem,"[{""key"":""lvl"",""value"":""1-18""},{""key"":""corrupted"",""value"":false},{""key"":""quality"",""value"":""0""}]",totalQuantity,0,14
"manabond",gem,"[{""key"":""lvl"",""value"":""1-18""},{""key"":""corrupted"",""value"":false},{""key"":""quality"",""value"":""0""}]",totalQuantity,0,9
"flammability",gem,"[{""key"":""lvl"",""value"":""1-18""},{""key"":""corrupted"",""value"":false},{""key"":""quality"",""value"":""0""}]",totalQuantity,0,7
"innervate support",gem,"[{""key"":""lvl"",""value"":""1-18""},{""key"":""corrupted"",""value"":false},{""key"":""quality"",""value"":""0""}]",totalQuantity,0,17
"berserk",gem,"[{""key"":""lvl"",""value"":""1-18""},{""key"":""corrupted"",""value"":false},{""key"":""quality"",""value"":""0""}]",totalQuantity,0,7
"summon stone golem",gem,"[{""key"":""lvl"",""value"":""1-18""},{""key"":""corrupted"",""value"":false},{""key"":""quality"",""value"":""0""}]",totalQuantity,0,12
"cold snap",gem,"[{""key"":""lvl"",""value"":""1-18""},{""key"":""corrupted"",""value"":false},{""key"":""quality"",""value"":""0""}]",totalQuantity,0,12
"summon carrion golem",gem,"[{""key"":""lvl"",""value"":""1-18""},{""key"":""corrupted"",""value"":false},{""key"":""quality"",""value"":""0""}]",totalQuantity,0,8
"doom blast",gem,"[{""key"":""lvl"",""value"":""1-18""},{""key"":""corrupted"",""value"":false},{""key"":""quality"",""value"":""0""}]",totalQuantity,0,12
"spell echo support",gem,"[{""key"":""lvl"",""value"":""1-18""},{""key"":""corrupted"",""value"":false},{""key"":""quality"",""value"":""0""}]",totalQuantity,0,5
"spell totem support",gem,"[{""key"":""lvl"",""value"":""1-18""},{""key"":""corrupted"",""value"":false},{""key"":""quality"",""value"":""0""}]",totalQuantity,0,10
"cast on critical strike support",gem,"[{""key"":""lvl"",""value"":""1-18""},{""key"":""corrupted"",""value"":false},{""key"":""quality"",""value"":""0""}]",totalQuantity,0,16
"eternal blessing support",gem,"[{""key"":""lvl"",""value"":""1-18""},{""key"":""corrupted"",""value"":false},{""key"":""quality"",""value"":""0""}]",totalQuantity,0,14
"eye of winter",gem,"[{""key"":""lvl"",""value"":""1-18""},{""key"":""corrupted"",""value"":false},{""key"":""quality"",""value"":""0""}]",totalQuantity,0,10
"frost bomb",gem,"[{""key"":""lvl"",""value"":""1-18""},{""key"":""corrupted"",""value"":false},{""key"":""quality"",""value"":""0""}]",totalQuantity,0,9
"lacerate",gem,"[{""key"":""lvl"",""value"":""1-18""},{""key"":""corrupted"",""value"":false},{""key"":""quality"",""value"":""0""}]",totalQuantity,0,6
"assassin's mark",gem,"[{""key"":""lvl"",""value"":""1-18""},{""key"":""corrupted"",""value"":false},{""key"":""quality"",""value"":""0""}]",totalQuantity,0,7
"smite",gem,"[{""key"":""lvl"",""value"":""1-18""},{""key"":""corrupted"",""value"":false},{""key"":""quality"",""value"":""0""}]",totalQuantity,0,8
"blood and sand",gem,"[{""key"":""lvl"",""value"":""1-18""},{""key"":""corrupted"",""value"":false},{""key"":""quality"",""value"":""0""}]",totalQuantity,0,10
"blood rage",gem,"[{""key"":""lvl"",""value"":""1-18""},{""key"":""corrupted"",""value"":false},{""key"":""quality"",""value"":""0""}]",totalQuantity,0,12
"elemental focus support",gem,"[{""key"":""lvl"",""value"":""1-18""},{""key"":""corrupted"",""value"":false},{""key"":""quality"",""value"":""0""}]",totalQuantity,0,11
"cold to fire support",gem,"[{""key"":""lvl"",""value"":""1-18""},{""key"":""corrupted"",""value"":false},{""key"":""quality"",""value"":""0""}]",totalQuantity,0,14
"minion speed support",gem,"[{""key"":""lvl"",""value"":""1-18""},{""key"":""corrupted"",""value"":false},{""key"":""quality"",""value"":""0""}]",totalQuantity,0,14
"armageddon brand",gem,"[{""key"":""lvl"",""value"":""1-18""},{""key"":""corrupted"",""value"":false},{""key"":""quality"",""value"":""0""}]",totalQuantity,0,13
"galvanic arrow",gem,"[{""key"":""lvl"",""value"":""1-18""},{""key"":""corrupted"",""value"":false},{""key"":""quality"",""value"":""0""}]",totalQuantity,0,8
"incinerate",gem,"[{""key"":""lvl"",""value"":""1-18""},{""key"":""corrupted"",""value"":false},{""key"":""quality"",""value"":""0""}]",totalQuantity,0,10
"increased critical damage support",gem,"[{""key"":""lvl"",""value"":""1-18""},{""key"":""corrupted"",""value"":false},{""key"":""quality"",""value"":""0""}]",totalQuantity,0,11
"blight",gem,"[{""key"":""lvl"",""value"":""1-18""},{""key"":""corrupted"",""value"":false},{""key"":""quality"",""value"":""0""}]",totalQuantity,0,9
"battlemage's cry support",gem,"[{""key"":""lvl"",""value"":""1-18""},{""key"":""corrupted"",""value"":false},{""key"":""quality"",""value"":""0""}]",totalQuantity,0,11
"critical strike affliction support",gem,"[{""key"":""lvl"",""value"":""1-18""},{""key"":""corrupted"",""value"":false},{""key"":""quality"",""value"":""0""}]",totalQuantity,0,14
"flamethrower trap",gem,"[{""key"":""lvl"",""value"":""1-18""},{""key"":""corrupted"",""value"":false},{""key"":""quality"",""value"":""0""}]",totalQuantity,0,8
"damage on full life support",gem,"[{""key"":""lvl"",""value"":""1-18""},{""key"":""corrupted"",""value"":false},{""key"":""quality"",""value"":""0""}]",totalQuantity,0,16
"decoy totem",gem,"[{""key"":""lvl"",""value"":""1-18""},{""key"":""corrupted"",""value"":false},{""key"":""quality"",""value"":""0""}]",totalQuantity,0,11
"fire penetration support",gem,"[{""key"":""lvl"",""value"":""1-18""},{""key"":""corrupted"",""value"":false},{""key"":""quality"",""value"":""0""}]",totalQuantity,0,12
"additional accuracy support",gem,"[{""key"":""lvl"",""value"":""1-18""},{""key"":""corrupted"",""value"":false},{""key"":""quality"",""value"":""0""}]",totalQuantity,0,12
"minefield support",gem,"[{""key"":""lvl"",""value"":""1-18""},{""key"":""corrupted"",""value"":false},{""key"":""quality"",""value"":""0""}]",totalQuantity,0,22
"lancing steel",gem,"[{""key"":""lvl"",""value"":""1-18""},{""key"":""corrupted"",""value"":false},{""key"":""quality"",""value"":""0""}]",totalQuantity,0,8
"tornado",gem,"[{""key"":""lvl"",""value"":""1-18""},{""key"":""corrupted"",""value"":false},{""key"":""quality"",""value"":""0""}]",totalQuantity,0,9
"summon skitterbots",gem,"[{""key"":""lvl"",""value"":""1-18""},{""key"":""corrupted"",""value"":false},{""key"":""quality"",""value"":""0""}]",totalQuantity,0,5
"lightning spire trap",gem,"[{""key"":""lvl"",""value"":""1-18""},{""key"":""corrupted"",""value"":false},{""key"":""quality"",""value"":""0""}]",totalQuantity,0,10
"frostbolt",gem,"[{""key"":""lvl"",""value"":""1-18""},{""key"":""corrupted"",""value"":false},{""key"":""quality"",""value"":""0""}]",totalQuantity,0,6
"bonechill support",gem,"[{""key"":""lvl"",""value"":""1-18""},{""key"":""corrupted"",""value"":false},{""key"":""quality"",""value"":""0""}]",totalQuantity,0,12
"dark pact",gem,"[{""key"":""lvl"",""value"":""1-18""},{""key"":""corrupted"",""value"":false},{""key"":""quality"",""value"":""0""}]",totalQuantity,0,7
"lightning strike",gem,"[{""key"":""lvl"",""value"":""1-18""},{""key"":""corrupted"",""value"":false},{""key"":""quality"",""value"":""0""}]",totalQuantity,0,9
"conductivity",gem,"[{""key"":""lvl"",""value"":""1-18""},{""key"":""corrupted"",""value"":false},{""key"":""quality"",""value"":""0""}]",totalQuantity,0,6
"spectral shield throw",gem,"[{""key"":""lvl"",""value"":""1-18""},{""key"":""corrupted"",""value"":false},{""key"":""quality"",""value"":""0""}]",totalQuantity,0,14
"added cold damage support",gem,"[{""key"":""lvl"",""value"":""1-18""},{""key"":""corrupted"",""value"":false},{""key"":""quality"",""value"":""0""}]",totalQuantity,0,8
"winter orb",gem,"[{""key"":""lvl"",""value"":""1-18""},{""key"":""corrupted"",""value"":false},{""key"":""quality"",""value"":""0""}]",totalQuantity,0,11
"creeping frost",gem,"[{""key"":""lvl"",""value"":""1-18""},{""key"":""corrupted"",""value"":false},{""key"":""quality"",""value"":""0""}]",totalQuantity,0,14
"frenzy",gem,"[{""key"":""lvl"",""value"":""1-18""},{""key"":""corrupted"",""value"":false},{""key"":""quality"",""value"":""0""}]",totalQuantity,0,11
"advanced traps support",gem,"[{""key"":""lvl"",""value"":""1-18""},{""key"":""corrupted"",""value"":false},{""key"":""quality"",""value"":""0""}]",totalQuantity,0,16
"blast rain",gem,"[{""key"":""lvl"",""value"":""1-18""},{""key"":""corrupted"",""value"":false},{""key"":""quality"",""value"":""0""}]",totalQuantity,0,7
"infused channelling support",gem,"[{""key"":""lvl"",""value"":""1-18""},{""key"":""corrupted"",""value"":false},{""key"":""quality"",""value"":""0""}]",totalQuantity,0,14
"rearguard",unique,"[{""key"":""sixLink"",""value"":false},{""key"":""corrupted"",""value"":false},{""key"":""foilVariation"",""value"":0}]",totalQuantity,0,5
"unleash support",gem,"[{""key"":""lvl"",""value"":""1-18""},{""key"":""corrupted"",""value"":false},{""key"":""quality"",""value"":""0""}]",totalQuantity,0,7
"fork support",gem,"[{""key"":""lvl"",""value"":""1-18""},{""key"":""corrupted"",""value"":false},{""key"":""quality"",""value"":""0""}]",totalQuantity,0,15
"reap",gem,"[{""key"":""lvl"",""value"":""1-18""},{""key"":""corrupted"",""value"":false},{""key"":""quality"",""value"":""0""}]",totalQuantity,0,8
"maim support",gem,"[{""key"":""lvl"",""value"":""1-18""},{""key"":""corrupted"",""value"":false},{""key"":""quality"",""value"":""0""}]",totalQuantity,0,8
"toxic rain",gem,"[{""key"":""lvl"",""value"":""1-18""},{""key"":""corrupted"",""value"":false},{""key"":""quality"",""value"":""0""}]",totalQuantity,0,7
"added lightning damage support",gem,"[{""key"":""lvl"",""value"":""1-18""},{""key"":""corrupted"",""value"":false},{""key"":""quality"",""value"":""0""}]",totalQuantity,0,13
"controlled destruction support",gem,"[{""key"":""lvl"",""value"":""1-18""},{""key"":""corrupted"",""value"":false},{""key"":""quality"",""value"":""0""}]",totalQuantity,0,10
"summon ice golem",gem,"[{""key"":""lvl"",""value"":""1-18""},{""key"":""corrupted"",""value"":false},{""key"":""quality"",""value"":""0""}]",totalQuantity,0,11
"firestorm",gem,"[{""key"":""lvl"",""value"":""1-18""},{""key"":""corrupted"",""value"":false},{""key"":""quality"",""value"":""0""}]",totalQuantity,0,7
"frost blades",gem,"[{""key"":""lvl"",""value"":""1-18""},{""key"":""corrupted"",""value"":false},{""key"":""quality"",""value"":""0""}]",totalQuantity,0,6
"lightning penetration support",gem,"[{""key"":""lvl"",""value"":""1-18""},{""key"":""corrupted"",""value"":false},{""key"":""quality"",""value"":""0""}]",totalQuantity,0,17
"void sphere",gem,"[{""key"":""lvl"",""value"":""1-18""},{""key"":""corrupted"",""value"":false},{""key"":""quality"",""value"":""0""}]",totalQuantity,0,9
"blade vortex",gem,"[{""key"":""lvl"",""value"":""1-18""},{""key"":""corrupted"",""value"":false},{""key"":""quality"",""value"":""0""}]",totalQuantity,0,13
"ascent from flesh",unique,"[{""key"":""sixLink"",""value"":false},{""key"":""corrupted"",""value"":false},{""key"":""foilVariation"",""value"":0}]",totalQuantity,0,6
"spell cascade support",gem,"[{""key"":""lvl"",""value"":""1-18""},{""key"":""corrupted"",""value"":false},{""key"":""quality"",""value"":""0""}]",totalQuantity,0,17
"general's cry support",gem,"[{""key"":""lvl"",""value"":""1-18""},{""key"":""corrupted"",""value"":false},{""key"":""quality"",""value"":""0""}]",totalQuantity,0,10
"rejuvenation totem",gem,"[{""key"":""lvl"",""value"":""1-18""},{""key"":""corrupted"",""value"":false},{""key"":""quality"",""value"":""0""}]",totalQuantity,0,5
"seismic cry",gem,"[{""key"":""lvl"",""value"":""1-18""},{""key"":""corrupted"",""value"":false},{""key"":""quality"",""value"":""0""}]",totalQuantity,0,11
"spellslinger support",gem,"[{""key"":""lvl"",""value"":""1-18""},{""key"":""corrupted"",""value"":false},{""key"":""quality"",""value"":""0""}]",totalQuantity,0,6
"wild strike",gem,"[{""key"":""lvl"",""value"":""1-18""},{""key"":""corrupted"",""value"":false},{""key"":""quality"",""value"":""0""}]",totalQuantity,0,11
"bladefall",gem,"[{""key"":""lvl"",""value"":""1-18""},{""key"":""corrupted"",""value"":false},{""key"":""quality"",""value"":""0""}]",totalQuantity,0,10
"tornado shot",gem,"[{""key"":""lvl"",""value"":""1-18""},{""key"":""corrupted"",""value"":false},{""key"":""quality"",""value"":""0""}]",totalQuantity,0,12
"shock nova",gem,"[{""key"":""lvl"",""value"":""1-18""},{""key"":""corrupted"",""value"":false},{""key"":""quality"",""value"":""0""}]",totalQuantity,0,7
"scorching ray",gem,"[{""key"":""lvl"",""value"":""1-18""},{""key"":""corrupted"",""value"":false},{""key"":""quality"",""value"":""0""}]",totalQuantity,0,8
"arcane cloak",gem,"[{""key"":""lvl"",""value"":""1-18""},{""key"":""corrupted"",""value"":false},{""key"":""quality"",""value"":""0""}]",totalQuantity,0,11
"penance brand",gem,"[{""key"":""lvl"",""value"":""1-18""},{""key"":""corrupted"",""value"":false},{""key"":""quality"",""value"":""0""}]",totalQuantity,0,9
"pinpoint support",gem,"[{""key"":""lvl"",""value"":""1-18""},{""key"":""corrupted"",""value"":false},{""key"":""quality"",""value"":""0""}]",totalQuantity,0,14
"static strike",gem,"[{""key"":""lvl"",""value"":""1-18""},{""key"":""corrupted"",""value"":false},{""key"":""quality"",""value"":""0""}]",totalQuantity,0,10
"spectral throw",gem,"[{""key"":""lvl"",""value"":""1-18""},{""key"":""corrupted"",""value"":false},{""key"":""quality"",""value"":""0""}]",totalQuantity,0,12
"animate weapon",gem,"[{""key"":""lvl"",""value"":""1-18""},{""key"":""corrupted"",""value"":false},{""key"":""quality"",""value"":""0""}]",totalQuantity,0,9
"summon reaper",gem,"[{""key"":""lvl"",""value"":""1-18""},{""key"":""corrupted"",""value"":false},{""key"":""quality"",""value"":""0""}]",totalQuantity,0,8
"meat shield support",gem,"[{""key"":""lvl"",""value"":""1-18""},{""key"":""corrupted"",""value"":false},{""key"":""quality"",""value"":""0""}]",totalQuantity,0,10
"focused ballista support",gem,"[{""key"":""lvl"",""value"":""1-18""},{""key"":""corrupted"",""value"":false},{""key"":""quality"",""value"":""0""}]",totalQuantity,0,14
"vigilant strike",gem,"[{""key"":""lvl"",""value"":""1-18""},{""key"":""corrupted"",""value"":false},{""key"":""quality"",""value"":""0""}]",totalQuantity,0,8
"exsanguinate",gem,"[{""key"":""lvl"",""value"":""1-18""},{""key"":""corrupted"",""value"":false},{""key"":""quality"",""value"":""0""}]",totalQuantity,0,11
"cold penetration support",gem,"[{""key"":""lvl"",""value"":""1-18""},{""key"":""corrupted"",""value"":false},{""key"":""quality"",""value"":""0""}]",totalQuantity,0,13
"swift assembly support",gem,"[{""key"":""lvl"",""value"":""1-18""},{""key"":""corrupted"",""value"":false},{""key"":""quality"",""value"":""0""}]",totalQuantity,0,12
"shrapnel ballista",gem,"[{""key"":""lvl"",""value"":""1-18""},{""key"":""corrupted"",""value"":false},{""key"":""quality"",""value"":""0""}]",totalQuantity,0,11
"steelskin",gem,"[{""key"":""lvl"",""value"":""1-18""},{""key"":""corrupted"",""value"":false},{""key"":""quality"",""value"":""0""}]",totalQuantity,0,6
"iron grip support",gem,"[{""key"":""lvl"",""value"":""1-18""},{""key"":""corrupted"",""value"":false},{""key"":""quality"",""value"":""0""}]",totalQuantity,0,17
"chain support",gem,"[{""key"":""lvl"",""value"":""1-18""},{""key"":""corrupted"",""value"":false},{""key"":""quality"",""value"":""0""}]",totalQuantity,0,7
"soulrend",gem,"[{""key"":""lvl"",""value"":""1-18""},{""key"":""corrupted"",""value"":false},{""key"":""quality"",""value"":""0""}]",totalQuantity,0,10
"life gain on hit support",gem,"[{""key"":""lvl"",""value"":""1-18""},{""key"":""corrupted"",""value"":false},{""key"":""quality"",""value"":""0""}]",totalQuantity,0,8
"double strike",gem,"[{""key"":""lvl"",""value"":""1-18""},{""key"":""corrupted"",""value"":false},{""key"":""quality"",""value"":""0""}]",totalQuantity,0,9
"flesh and stone",gem,"[{""key"":""lvl"",""value"":""1-18""},{""key"":""corrupted"",""value"":false},{""key"":""quality"",""value"":""0""}]",totalQuantity,0,7
"corrupting fever",gem,"[{""key"":""lvl"",""value"":""1-18""},{""key"":""corrupted"",""value"":false},{""key"":""quality"",""value"":""0""}]",totalQuantity,0,9
"combustion support",gem,"[{""key"":""lvl"",""value"":""1-18""},{""key"":""corrupted"",""value"":false},{""key"":""quality"",""value"":""0""}]",totalQuantity,0,10
"animate guardian",gem,"[{""key"":""lvl"",""value"":""1-18""},{""key"":""corrupted"",""value"":false},{""key"":""quality"",""value"":""0""}]",totalQuantity,0,8
"freezing pulse",gem,"[{""key"":""lvl"",""value"":""1-18""},{""key"":""corrupted"",""value"":false},{""key"":""quality"",""value"":""0""}]",totalQuantity,0,7
"rage support",gem,"[{""key"":""lvl"",""value"":""1-18""},{""key"":""corrupted"",""value"":false},{""key"":""quality"",""value"":""0""}]",totalQuantity,0,14
"cast on death support",gem,"[{""key"":""lvl"",""value"":""1-18""},{""key"":""corrupted"",""value"":false},{""key"":""quality"",""value"":""0""}]",totalQuantity,0,12
"blazing salvo",gem,"[{""key"":""lvl"",""value"":""1-18""},{""key"":""corrupted"",""value"":false},{""key"":""quality"",""value"":""0""}]",totalQuantity,0,8
"ancestral call support",gem,"[{""key"":""lvl"",""value"":""1-18""},{""key"":""corrupted"",""value"":false},{""key"":""quality"",""value"":""0""}]",totalQuantity,0,13
"molten strike",gem,"[{""key"":""lvl"",""value"":""1-18""},{""key"":""corrupted"",""value"":false},{""key"":""quality"",""value"":""0""}]",totalQuantity,0,9
"flesh offering",gem,"[{""key"":""lvl"",""value"":""1-18""},{""key"":""corrupted"",""value"":false},{""key"":""quality"",""value"":""0""}]",totalQuantity,0,8
"conversion trap",gem,"[{""key"":""lvl"",""value"":""1-18""},{""key"":""corrupted"",""value"":false},{""key"":""quality"",""value"":""0""}]",totalQuantity,0,9
"blastchain mine support",gem,"[{""key"":""lvl"",""value"":""1-18""},{""key"":""corrupted"",""value"":false},{""key"":""quality"",""value"":""0""}]",totalQuantity,0,15
"ethereal knives",gem,"[{""key"":""lvl"",""value"":""1-18""},{""key"":""corrupted"",""value"":false},{""key"":""quality"",""value"":""0""}]",totalQuantity,0,8
"infernal blow",gem,"[{""key"":""lvl"",""value"":""1-18""},{""key"":""corrupted"",""value"":false},{""key"":""quality"",""value"":""0""}]",totalQuantity,0,9
"arcane surge support",gem,"[{""key"":""lvl"",""value"":""1-18""},{""key"":""corrupted"",""value"":false},{""key"":""quality"",""value"":""0""}]",totalQuantity,0,10
"warlord's mark",gem,"[{""key"":""lvl"",""value"":""1-18""},{""key"":""corrupted"",""value"":false},{""key"":""quality"",""value"":""0""}]",totalQuantity,0,12
"knockback support",gem,"[{""key"":""lvl"",""value"":""1-18""},{""key"":""corrupted"",""value"":false},{""key"":""quality"",""value"":""0""}]",totalQuantity,0,9
"iron will support",gem,"[{""key"":""lvl"",""value"":""1-18""},{""key"":""corrupted"",""value"":false},{""key"":""quality"",""value"":""0""}]",totalQuantity,0,13
"volatile dead",gem,"[{""key"":""lvl"",""value"":""1-18""},{""key"":""corrupted"",""value"":false},{""key"":""quality"",""value"":""0""}]",totalQuantity,0,14
"summon phantasm support",gem,"[{""key"":""lvl"",""value"":""1-18""},{""key"":""corrupted"",""value"":false},{""key"":""quality"",""value"":""0""}]",totalQuantity,0,9
"cremation",gem,"[{""key"":""lvl"",""value"":""1-18""},{""key"":""corrupted"",""value"":false},{""key"":""quality"",""value"":""0""}]",totalQuantity,0,8
"explosive trap",gem,"[{""key"":""lvl"",""value"":""1-18""},{""key"":""corrupted"",""value"":false},{""key"":""quality"",""value"":""0""}]",totalQuantity,0,7
"puncture",gem,"[{""key"":""lvl"",""value"":""1-18""},{""key"":""corrupted"",""value"":false},{""key"":""quality"",""value"":""0""}]",totalQuantity,0,9
"cleave",gem,"[{""key"":""lvl"",""value"":""1-18""},{""key"":""corrupted"",""value"":false},{""key"":""quality"",""value"":""0""}]",totalQuantity,0,12
"blade flurry",gem,"[{""key"":""lvl"",""value"":""1-18""},{""key"":""corrupted"",""value"":false},{""key"":""quality"",""value"":""0""}]",totalQuantity,0,10
"icicle mine",gem,"[{""key"":""lvl"",""value"":""1-18""},{""key"":""corrupted"",""value"":false},{""key"":""quality"",""value"":""0""}]",totalQuantity,0,13
"essence drain",gem,"[{""key"":""lvl"",""value"":""1-18""},{""key"":""corrupted"",""value"":false},{""key"":""quality"",""value"":""0""}]",totalQuantity,0,9
"sunder",gem,"[{""key"":""lvl"",""value"":""1-18""},{""key"":""corrupted"",""value"":false},{""key"":""quality"",""value"":""0""}]",totalQuantity,0,9
"burning arrow",gem,"[{""key"":""lvl"",""value"":""1-18""},{""key"":""corrupted"",""value"":false},{""key"":""quality"",""value"":""0""}]",totalQuantity,0,11
"flame wall",gem,"[{""key"":""lvl"",""value"":""1-18""},{""key"":""corrupted"",""value"":false},{""key"":""quality"",""value"":""0""}]",totalQuantity,0,10
"cobra lash",gem,"[{""key"":""lvl"",""value"":""1-18""},{""key"":""corrupted"",""value"":false},{""key"":""quality"",""value"":""0""}]",totalQuantity,0,6
"absolution",gem,"[{""key"":""lvl"",""value"":""1-18""},{""key"":""corrupted"",""value"":false},{""key"":""quality"",""value"":""0""}]",totalQuantity,0,6
"poacher's mark",gem,"[{""key"":""lvl"",""value"":""1-18""},{""key"":""corrupted"",""value"":false},{""key"":""quality"",""value"":""0""}]",totalQuantity,0,12
"sweep",gem,"[{""key"":""lvl"",""value"":""1-18""},{""key"":""corrupted"",""value"":false},{""key"":""quality"",""value"":""0""}]",totalQuantity,0,5
"ice bite support",gem,"[{""key"":""lvl"",""value"":""1-18""},{""key"":""corrupted"",""value"":false},{""key"":""quality"",""value"":""0""}]",totalQuantity,0,16
"enfeeble",gem,"[{""key"":""lvl"",""value"":""1-18""},{""key"":""corrupted"",""value"":false},{""key"":""quality"",""value"":""0""}]",totalQuantity,0,9
"hexblast",gem,"[{""key"":""lvl"",""value"":""1-18""},{""key"":""corrupted"",""value"":false},{""key"":""quality"",""value"":""0""}]",totalQuantity,0,11
"dread banner",gem,"[{""key"":""lvl"",""value"":""1-18""},{""key"":""corrupted"",""value"":false},{""key"":""quality"",""value"":""0""}]",totalQuantity,0,6
"added chaos damage support",gem,"[{""key"":""lvl"",""value"":""1-18""},{""key"":""corrupted"",""value"":false},{""key"":""quality"",""value"":""0""}]",totalQuantity,0,8
"pulverise support",gem,"[{""key"":""lvl"",""value"":""1-18""},{""key"":""corrupted"",""value"":false},{""key"":""quality"",""value"":""0""}]",totalQuantity,0,6
"sigil of power",gem,"[{""key"":""lvl"",""value"":""1-18""},{""key"":""corrupted"",""value"":false},{""key"":""quality"",""value"":""0""}]",totalQuantity,0,9
"blind support",gem,"[{""key"":""lvl"",""value"":""1-18""},{""key"":""corrupted"",""value"":false},{""key"":""quality"",""value"":""0""}]",totalQuantity,0,11
"life leech support",gem,"[{""key"":""lvl"",""value"":""1-18""},{""key"":""corrupted"",""value"":false},{""key"":""quality"",""value"":""0""}]",totalQuantity,0,10
"raise spectre",gem,"[{""key"":""lvl"",""value"":""1-18""},{""key"":""corrupted"",""value"":false},{""key"":""quality"",""value"":""0""}]",totalQuantity,0,8
"chromatic orb",currency,"[]",totalQuantity,18,2069
"withering touch support",gem,"[{""key"":""lvl"",""value"":""1-18""},{""key"":""corrupted"",""value"":false},{""key"":""quality"",""value"":""0""}]",totalQuantity,0,7
"shattering steel",gem,"[{""key"":""lvl"",""value"":""1-18""},{""key"":""corrupted"",""value"":false},{""key"":""quality"",""value"":""0""}]",totalQuantity,0,12
"blade trap",gem,"[{""key"":""lvl"",""value"":""1-18""},{""key"":""corrupted"",""value"":false},{""key"":""quality"",""value"":""0""}]",totalQuantity,0,8
"mirror arrow",gem,"[{""key"":""lvl"",""value"":""1-18""},{""key"":""corrupted"",""value"":false},{""key"":""quality"",""value"":""0""}]",totalQuantity,0,8
"hex bloom support",gem,"[{""key"":""lvl"",""value"":""1-18""},{""key"":""corrupted"",""value"":false},{""key"":""quality"",""value"":""0""}]",totalQuantity,0,14
"orb of storms",gem,"[{""key"":""lvl"",""value"":""1-18""},{""key"":""corrupted"",""value"":false},{""key"":""quality"",""value"":""0""}]",totalQuantity,0,12
"brand recall",gem,"[{""key"":""lvl"",""value"":""1-18""},{""key"":""corrupted"",""value"":false},{""key"":""quality"",""value"":""0""}]",totalQuantity,0,5
"summon lightning golem",gem,"[{""key"":""lvl"",""value"":""1-18""},{""key"":""corrupted"",""value"":false},{""key"":""quality"",""value"":""0""}]",totalQuantity,0,14
"precision",gem,"[{""key"":""lvl"",""value"":""1-18""},{""key"":""corrupted"",""value"":false},{""key"":""quality"",""value"":""0""}]",totalQuantity,0,5
"galvanic field",gem,"[{""key"":""lvl"",""value"":""1-18""},{""key"":""corrupted"",""value"":false},{""key"":""quality"",""value"":""0""}]",totalQuantity,0,10
"forbidden rite",gem,"[{""key"":""lvl"",""value"":""1-18""},{""key"":""corrupted"",""value"":false},{""key"":""quality"",""value"":""0""}]",totalQuantity,0,8
"lightning tendrils",gem,"[{""key"":""lvl"",""value"":""1-18""},{""key"":""corrupted"",""value"":false},{""key"":""quality"",""value"":""0""}]",totalQuantity,0,7
"chance to flee support",gem,"[{""key"":""lvl"",""value"":""1-18""},{""key"":""corrupted"",""value"":false},{""key"":""quality"",""value"":""0""}]",totalQuantity,0,12
"dual strike",gem,"[{""key"":""lvl"",""value"":""1-18""},{""key"":""corrupted"",""value"":false},{""key"":""quality"",""value"":""0""}]",totalQuantity,0,8
"rage vortex",gem,"[{""key"":""lvl"",""value"":""1-18""},{""key"":""corrupted"",""value"":false},{""key"":""quality"",""value"":""0""}]",totalQuantity,0,11
"glacial cascade",gem,"[{""key"":""lvl"",""value"":""1-18""},{""key"":""corrupted"",""value"":false},{""key"":""quality"",""value"":""0""}]",totalQuantity,0,7
"scourge arrow",gem,"[{""key"":""lvl"",""value"":""1-18""},{""key"":""corrupted"",""value"":false},{""key"":""quality"",""value"":""0""}]",totalQuantity,0,9
"summon flame golem",gem,"[{""key"":""lvl"",""value"":""1-18""},{""key"":""corrupted"",""value"":false},{""key"":""quality"",""value"":""0""}]",totalQuantity,0,10
"glassblower's bauble",currency,"[]",totalQuantity,18,381
"glassblower's bauble",currency,"[]",totalQuantity,0,381
"fracturing shard",currency,"[]",totalQuantity,0,20
"glassblower's bauble",currency,"[]",totalQuantity,9,381
"chromatic orb",currency,"[]",totalQuantity,0,2069
"intrinsic catalyst",currency,"[]",totalQuantity,0,25
"string of servitude",unique,"[{""key"":""sixLink"",""value"":false},{""key"":""corrupted"",""value"":true},{""key"":""foilVariation"",""value"":0}]",totalQuantity,0,26
"chromatic orb",currency,"[]",totalQuantity,100,2069
"chromatic orb",currency,"[]",totalQuantity,30,2069
"chromatic orb",currency,"[]",totalQuantity,50,2069
"rive",unique,"[{""key"":""sixLink"",""value"":false},{""key"":""corrupted"",""value"":false},{""key"":""foilVariation"",""value"":0}]",totalQuantity,0,6
"chromatic orb",currency,"[]",totalQuantity,9,2069
"glassblower's bauble",currency,"[]",totalQuantity,30,381
"blood of the karui",unique,"[{""key"":""sixLink"",""value"":false},{""key"":""corrupted"",""value"":false},{""key"":""foilVariation"",""value"":0}]",totalQuantity,0,8
"kondo's pride",unique,"[{""key"":""sixLink"",""value"":false},{""key"":""corrupted"",""value"":false},{""key"":""foilVariation"",""value"":0}]",totalQuantity,0,5
"zeel's amplifier",unique,"[{""key"":""sixLink"",""value"":false},{""key"":""corrupted"",""value"":false},{""key"":""foilVariation"",""value"":0}]",totalQuantity,0,9