"manabond",gem,"[{""key"":""lvl"",""value"":""1-18""},{""key"":""corrupted"",""value"":false},{""key"":""quality"",""value"":""0""}]",p20,0,0.5
"imbued catalyst",currency,"[]",p20,9,0.33
"the ignomon",unique,"[{""key"":""sixLink"",""value"":false},{""key"":""corrupted"",""value"":false},{""key"":""foilVariation"",""value"":0}]",p20,0,1
"imbued catalyst",currency,"[]",p20,0,0.33
"orb of transmutation",currency,"[]",p20,500,0.04060606060606061
"flame surge",gem,"[{""key"":""lvl"",""value"":""1-18""},{""key"":""corrupted"",""value"":false},{""key"":""quality"",""value"":""0""}]",p20,0,0.5
"summon holy relic",gem,"[{""key"":""lvl"",""value"":""1-18""},{""key"":""corrupted"",""value"":false},{""key"":""quality"",""value"":""0""}]",p20,0,0.5
"mana leech support",gem,"[{""key"":""lvl"",""value"":""1-18""},{""key"":""corrupted"",""value"":false},{""key"":""quality"",""value"":""0""}]",p20,0,0.5
"summon lightning golem",gem,"[{""key"":""lvl"",""value"":""1-18""},{""key"":""corrupted"",""value"":false},{""key"":""quality"",""value"":""0""}]",p20,0,0.5
"al dhih",unique,"[{""key"":""sixLink"",""value"":false},{""key"":""corrupted"",""value"":false},{""key"":""foilVariation"",""value"":0}]",p20,0,0.5
"swift affliction support",gem,"[{""key"":""lvl"",""value"":""1-18""},{""key"":""corrupted"",""value"":false},{""key"":""quality"",""value"":""0""}]",p20,0,0.9
"wave of conviction",gem,"[{""key"":""lvl"",""value"":""1-18""},{""key"":""corrupted"",""value"":false},{""key"":""quality"",""value"":""0""}]",p20,0,0.5
"stormblast mine",gem,"[{""key"":""lvl"",""value"":""1-18""},{""key"":""corrupted"",""value"":false},{""key"":""quality"",""value"":""0""}]",p20,0,0.5
"chain support",gem,"[{""key"":""lvl"",""value"":""1-18""},{""key"":""corrupted"",""value"":false},{""key"":""quality"",""value"":""0""}]",p20,0,0.5
"belt of the deceiver",unique,"[{""key"":""sixLink"",""value"":false},{""key"":""corrupted"",""value"":false},{""key"":""foilVariation"",""value"":0}]",p20,0,1.8
"blightwell",unique,"[{""key"":""sixLink"",""value"":false},{""key"":""corrupted"",""value"":true},{""key"":""foilVariation"",""value"":0}]",p20,0,1
"lesser eldritch ichor",currency,"[]",p20,18,1
"ancestral cry",gem,"[{""key"":""lvl"",""value"":""1-18""},{""key"":""corrupted"",""value"":false},{""key"":""quality"",""value"":""0""}]",p20,0,0.5
"vortex",gem,"[{""key"":""lvl"",""value"":""1-18""},{""key"":""corrupted"",""value"":false},{""key"":""quality"",""value"":""0""}]",p20,0,1
"bane",gem,"[{""key"":""lvl"",""value"":""1-18""},{""key"":""corrupted"",""value"":false},{""key"":""quality"",""value"":""0""}]",p20,0,0.5
"rune blast",gem,"[{""key"":""lvl"",""value"":""1-18""},{""key"":""corrupted"",""value"":false},{""key"":""quality"",""value"":""0""}]",p20,0,0.5
"atziri's promise",unique,"[{""key"":""sixLink"",""value"":false},{""key"":""corrupted"",""value"":false},{""key"":""foilVariation"",""value"":0}]",p20,0,1
"pyroshock clasp",unique,"[{""key"":""sixLink"",""value"":false},{""key"":""corrupted"",""value"":false},{""key"":""foilVariation"",""value"":0}]",p20,0,1
"bated breath",unique,"[{""key"":""sixLink"",""value"":false},{""key"":""corrupted"",""value"":false},{""key"":""foilVariation"",""value"":0}]",p20,0,1
"cluster traps support",gem,"[{""key"":""lvl"",""value"":""1-18""},{""key"":""corrupted"",""value"":false},{""key"":""quality"",""value"":""0""}]",p20,0,0.5
"life gain on hit support",gem,"[{""key"":""lvl"",""value"":""1-18""},{""key"":""corrupted"",""value"":false},{""key"":""quality"",""value"":""0""}]",p20,0,0.5
"voltaxic burst",gem,"[{""key"":""lvl"",""value"":""1-18""},{""key"":""corrupted"",""value"":false},{""key"":""quality"",""value"":""0""}]",p20,0,0.5
"primal crystallised lifeforce",currency,"[]",p20,0,0.009067262664963816
"infernal legion support",gem,"[{""key"":""lvl"",""value"":""1-18""},{""key"":""corrupted"",""value"":false},{""key"":""quality"",""value"":""0""}]",p20,0,0.5
"primal crystallised lifeforce",currency,"[]",p20,9,0.009067262664963816
"primal crystallised lifeforce",currency,"[]",p20,18,0.009067262664963816
"blasphemy support",gem,"[{""key"":""lvl"",""value"":""1-18""},{""key"":""corrupted"",""value"":false},{""key"":""quality"",""value"":""0""}]",p20,0,0.5
"clarity",gem,"[{""key"":""lvl"",""value"":""1-18""},{""key"":""corrupted"",""value"":false},{""key"":""quality"",""value"":""0""}]",p20,0,0.5
"ancestral protector",gem,"[{""key"":""lvl"",""value"":""1-18""},{""key"":""corrupted"",""value"":false},{""key"":""quality"",""value"":""0""}]",p20,0,0.5
"primal crystallised lifeforce",currency,"[]",p20,30,0.009067262664963816
"burning damage support",gem,"[{""key"":""lvl"",""value"":""1-18""},{""key"":""corrupted"",""value"":false},{""key"":""quality"",""value"":""0""}]",p20,0,1
"daresso's passion",unique,"[{""key"":""sixLink"",""value"":false},{""key"":""corrupted"",""value"":false},{""key"":""foilVariation"",""value"":0}]",p20,0,1
"cyclone",gem,"[{""key"":""lvl"",""value"":""1-18""},{""key"":""corrupted"",""value"":false},{""key"":""quality"",""value"":""0""}]",p20,0,0.5
"iron will support",gem,"[{""key"":""lvl"",""value"":""1-18""},{""key"":""corrupted"",""value"":false},{""key"":""quality"",""value"":""0""}]",p20,0,0.5
"storm call",gem,"[{""key"":""lvl"",""value"":""1-18""},{""key"":""corrupted"",""value"":false},{""key"":""quality"",""value"":""0""}]",p20,0,0.5
"primal crystallised lifeforce",currency,"[]",p20,100,0.009067262664963816
"consecrated path",gem,"[{""key"":""lvl"",""value"":""1-18""},{""key"":""corrupted"",""value"":false},{""key"":""quality"",""value"":""0""}]",p20,0,0.5
"primal crystallised lifeforce",currency,"[]",p20,50,0.009067262664963816
"void manipulation support",gem,"[{""key"":""lvl"",""value"":""1-18""},{""key"":""corrupted"",""value"":false},{""key"":""quality"",""value"":""0""}]",p20,0,0.5
"primal crystallised lifeforce",currency,"[]",p20,1000,0.009067262664963816
"smite",gem,"[{""key"":""lvl"",""value"":""1-18""},{""key"":""corrupted"",""value"":false},{""key"":""quality"",""value"":""0""}]",p20,0,0.5
"close combat support",gem,"[{""key"":""lvl"",""value"":""1-18""},{""key"":""corrupted"",""value"":false},{""key"":""quality"",""value"":""0""}]",p20,0,0.5
"desecrate",gem,"[{""key"":""lvl"",""value"":""1-18""},{""key"":""corrupted"",""value"":false},{""key"":""quality"",""value"":""0""}]",p20,0,0.5
"convocation",gem,"[{""key"":""lvl"",""value"":""1-18""},{""key"":""corrupted"",""value"":false},{""key"":""quality"",""value"":""0""}]",p20,0,0.5
"wurm's molt",unique,"[{""key"":""sixLink"",""value"":false},{""key"":""corrupted"",""value"":false},{""key"":""foilVariation"",""value"":0}]",p20,0,1
"primal crystallised lifeforce",currency,"[]",p20,500,0.009067262664963816
"elemental proliferation support",gem,"[{""key"":""lvl"",""value"":""1-18""},{""key"":""corrupted"",""value"":false},{""key"":""quality"",""value"":""0""}]",p20,0,0.5
"arctic armour",gem,"[{""key"":""lvl"",""value"":""1-18""},{""key"":""corrupted"",""value"":false},{""key"":""quality"",""value"":""0""}]",p20,0,0.5
"contagion",gem,"[{""key"":""lvl"",""value"":""1-18""},{""key"":""corrupted"",""value"":false},{""key"":""quality"",""value"":""0""}]",p20,0,0.5
"pinpoint support",gem,"[{""key"":""lvl"",""value"":""1-18""},{""key"":""corrupted"",""value"":false},{""key"":""quality"",""value"":""0""}]",p20,0,0.5
"faster casting support",gem,"[{""key"":""lvl"",""value"":""1-18""},{""key"":""corrupted"",""value"":false},{""key"":""quality"",""value"":""0""}]",p20,0,0.5
"chance to poison support",gem,"[{""key"":""lvl"",""value"":""1-18""},{""key"":""corrupted"",""value"":false},{""key"":""quality"",""value"":""0""}]",p20,0,0.5
"less duration support",gem,"[{""key"":""lvl"",""value"":""1-18""},{""key"":""corrupted"",""value"":false},{""key"":""quality"",""value"":""0""}]",p20,0,0.5
"chaos orb",currency,"[]",p20,0,1.933333333333333
"arrow nova support",gem,"[{""key"":""lvl"",""value"":""1-18""},{""key"":""corrupted"",""value"":false},{""key"":""quality"",""value"":""0""}]",p20,0,0.5
"physical to lightning support",gem,"[{""key"":""lvl"",""value"":""1-18""},{""key"":""corrupted"",""value"":false},{""key"":""quality"",""value"":""0""}]",p20,0,0.5
"cast when stunned support",gem,"[{""key"":""lvl"",""value"":""1-18""},{""key"":""corrupted"",""value"":false},{""key"":""quality"",""value"":""0""}]",p20,0,0.5
"generosity support",gem,"[{""key"":""lvl"",""value"":""1-18""},{""key"":""corrupted"",""value"":false},{""key"":""quality"",""value"":""0""}]",p20,0,0.5
"dark pact",gem,"[{""key"":""lvl"",""value"":""1-18""},{""key"":""corrupted"",""value"":false},{""key"":""quality"",""value"":""0""}]",p20,0,0.5
"ground slam",gem,"[{""key"":""lvl"",""value"":""1-18""},{""key"":""corrupted"",""value"":false},{""key"":""quality"",""value"":""0""}]",p20,0,0.5
"reave",gem,"[{""key"":""lvl"",""value"":""1-18""},{""key"":""corrupted"",""value"":false},{""key"":""quality"",""value"":""0""}]",p20,0,0.5
"lesser eldritch ichor",currency,"[]",p20,9,1
"overcharge support",gem,"[{""key"":""lvl"",""value"":""1-18""},{""key"":""corrupted"",""value"":false},{""key"":""quality"",""value"":""0""}]",p20,0,0.5
"holy flame totem",gem,"[{""key"":""lvl"",""value"":""1-18""},{""key"":""corrupted"",""value"":false},{""key"":""quality"",""value"":""0""}]",p20,0,0.5
"rallying cry",gem,"[{""key"":""lvl"",""value"":""1-18""},{""key"":""corrupted"",""value"":false},{""key"":""quality"",""value"":""0""}]",p20,0,0.5
"enduring cry",gem,"[{""key"":""lvl"",""value"":""1-18""},{""key"":""corrupted"",""value"":false},{""key"":""quality"",""value"":""0""}]",p20,0,0.5
"divine ire",gem,"[{""key"":""lvl"",""value"":""1-18""},{""key"":""corrupted"",""value"":false},{""key"":""quality"",""value"":""0""}]",p20,0,0.5
"reckoning",gem,"[{""key"":""lvl"",""value"":""1-18""},{""key"":""corrupted"",""value"":false},{""key"":""quality"",""value"":""0""}]",p20,0,0.5
"vile toxins support",gem,"[{""key"":""lvl"",""value"":""1-18""},{""key"":""corrupted"",""value"":false},{""key"":""quality"",""value"":""0""}]",p20,0,0.5
"malevolence",gem,"[{""key"":""lvl"",""value"":""1-18""},{""key"":""corrupted"",""value"":false},{""key"":""quality"",""value"":""0""}]",p20,0,3
"hydrosphere",gem,"[{""key"":""lvl"",""value"":""1-18""},{""key"":""corrupted"",""value"":false},{""key"":""quality"",""value"":""0""}]",p20,0,0.5
"blade trap",gem,"[{""key"":""lvl"",""value"":""1-18""},{""key"":""corrupted"",""value"":false},{""key"":""quality"",""value"":""0""}]",p20,0,0.5
"petrified blood",gem,"[{""key"":""lvl"",""value"":""1-18""},{""key"":""corrupted"",""value"":false},{""key"":""quality"",""value"":""0""}]",p20,0,0.5
"dominating blow",gem,"[{""key"":""lvl"",""value"":""1-18""},{""key"":""corrupted"",""value"":false},{""key"":""quality"",""value"":""0""}]",p20,0,0.5
"animate weapon",gem,"[{""key"":""lvl"",""value"":""1-18""},{""key"":""corrupted"",""value"":false},{""key"":""quality"",""value"":""0""}]",p20,0,0.5
"bone offering",gem,"[{""key"":""lvl"",""value"":""1-18""},{""key"":""corrupted"",""value"":false},{""key"":""quality"",""value"":""0""}]",p20,0,0.5
"pride",gem,"[{""key"":""lvl"",""value"":""1-18""},{""key"":""corrupted"",""value"":false},{""key"":""quality"",""value"":""0""}]",p20,0,1
"elemental army support",gem,"[{""key"":""lvl"",""value"":""1-18""},{""key"":""corrupted"",""value"":false},{""key"":""quality"",""value"":""0""}]",p20,0,0.5
"balefire",unique,"[{""key"":""sixLink"",""value"":false},{""key"":""corrupted"",""value"":false},{""key"":""foilVariation"",""value"":0}]",p20,0,1.7
"brutality support",gem,"[{""key"":""lvl"",""value"":""1-18""},{""key"":""corrupted"",""value"":false},{""key"":""quality"",""value"":""0""}]",p20,0,0.5
"mark on hit support",gem,"[{""key"":""lvl"",""value"":""1-18""},{""key"":""corrupted"",""value"":false},{""key"":""quality"",""value"":""0""}]",p20,0,0.5
"glassblower's bauble",currency,"[]",p20,50,0.2
"riposte",gem,"[{""key"":""lvl"",""value"":""1-18""},{""key"":""corrupted"",""value"":false},{""key"":""quality"",""value"":""0""}]",p20,0,0.5
"nightblade support",gem,"[{""key"":""lvl"",""value"":""1-18""},{""key"":""corrupted"",""value"":false},{""key"":""quality"",""value"":""0""}]",p20,0,0.5
"barrage support",gem,"[{""key"":""lvl"",""value"":""1-18""},{""key"":""corrupted"",""value"":false},{""key"":""quality"",""value"":""0""}]",p20,0,0.5
"kinetic bolt",gem,"[{""key"":""lvl"",""value"":""1-18""},{""key"":""corrupted"",""value"":false},{""key"":""quality"",""value"":""0""}]",p20,0,0.5
"fist of war support",gem,"[{""key"":""lvl"",""value"":""1-18""},{""key"":""corrupted"",""value"":false},{""key"":""quality"",""value"":""0""}]",p20,0,0.5
"slower projectiles support",gem,"[{""key"":""lvl"",""value"":""1-18""},{""key"":""corrupted"",""value"":false},{""key"":""quality"",""value"":""0""}]",p20,0,0.5
"viper strike",gem,"[{""key"":""lvl"",""value"":""1-18""},{""key"":""corrupted"",""value"":false},{""key"":""quality"",""value"":""0""}]",p20,0,0.5
"fireball",gem,"[{""key"":""lvl"",""value"":""1-18""},{""key"":""corrupted"",""value"":false},{""key"":""quality"",""value"":""0""}]",p20,0,0.5
"pyroclast mine",gem,"[{""key"":""lvl"",""value"":""1-18""},{""key"":""corrupted"",""value"":false},{""key"":""quality"",""value"":""0""}]",p20,0,0.5
"controlled destruction support",gem,"[{""key"":""lvl"",""value"":""1-18""},{""key"":""corrupted"",""value"":false},{""key"":""quality"",""value"":""0""}]",p20,0,1
"tempered flesh",unique,"[{""key"":""sixLink"",""value"":false},{""key"":""corrupted"",""value"":false},{""key"":""foilVariation"",""value"":0}]",p20,0,1
"heavy strike",gem,"[{""key"":""lvl"",""value"":""1-18""},{""key"":""corrupted"",""value"":false},{""key"":""quality"",""value"":""0""}]",p20,0,0.5
"earthshatter",gem,"[{""key"":""lvl"",""value"":""1-18""},{""key"":""corrupted"",""value"":false},{""key"":""quality"",""value"":""0""}]",p20,0,0.5
"artillery ballista",gem,"[{""key"":""lvl"",""value"":""1-18""},{""key"":""corrupted"",""value"":false},{""key"":""quality"",""value"":""0""}]",p20,0,0.5
"the devouring diadem",unique,"[{""key"":""sixLink"",""value"":false},{""key"":""corrupted"",""value"":false},{""key"":""foilVariation"",""value"":0}]",p20,0,30
"vampiric link",gem,"[{""key"":""lvl"",""value"":""1-18""},{""key"":""corrupted"",""value"":false},{""key"":""quality"",""value"":""0""}]",p20,0,0.5
"deadly ailments support",gem,"[{""key"":""lvl"",""value"":""1-18""},{""key"":""corrupted"",""value"":false},{""key"":""quality"",""value"":""0""}]",p20,0,0.5
"summon raging spirit",gem,"[{""key"":""lvl"",""value"":""1-18""},{""key"":""corrupted"",""value"":false},{""key"":""quality"",""value"":""0""}]",p20,0,0.5
"archmage support",gem,"[{""key"":""lvl"",""value"":""1-18""},{""key"":""corrupted"",""value"":false},{""key"":""quality"",""value"":""0""}]",p20,0,0.5
"trinity support",gem,"[{""key"":""lvl"",""value"":""1-18""},{""key"":""corrupted"",""value"":false},{""key"":""quality"",""value"":""0""}]",p20,0,0.5
"faster projectiles support",gem,"[{""key"":""lvl"",""value"":""1-18""},{""key"":""corrupted"",""value"":false},{""key"":""quality"",""value"":""0""}]",p20,0,0.5
"spell totem support",gem,"[{""key"":""lvl"",""value"":""1-18""},{""key"":""corrupted"",""value"":false},{""key"":""quality"",""value"":""0""}]",p20,0,1
"kinetic blast",gem,"[{""key"":""lvl"",""value"":""1-18""},{""key"":""corrupted"",""value"":false},{""key"":""quality"",""value"":""0""}]",p20,0,0.5
"spell echo support",gem,"[{""key"":""lvl"",""value"":""1-18""},{""key"":""corrupted"",""value"":false},{""key"":""quality"",""value"":""0""}]",p20,0,1
"pierce support",gem,"[{""key"":""lvl"",""value"":""1-18""},{""key"":""corrupted"",""value"":false},{""key"":""quality"",""value"":""0""}]",p20,0,0.5
"high-impact mine support",gem,"[{""key"":""lvl"",""value"":""1-18""},{""key"":""corrupted"",""value"":false},{""key"":""quality"",""value"":""0""}]",p20,0,0.5
"cast on critical strike support",gem,"[{""key"":""lvl"",""value"":""1-18""},{""key"":""corrupted"",""value"":false},{""key"":""quality"",""value"":""0""}]",p20,0,0.5
"summon carrion golem",gem,"[{""key"":""lvl"",""value"":""1-18""},{""key"":""corrupted"",""value"":false},{""key"":""quality"",""value"":""0""}]",p20,0,0.5
"volatile dead",gem,"[{""key"":""lvl"",""value"":""1-18""},{""key"":""corrupted"",""value"":false},{""key"":""quality"",""value"":""0""}]",p20,0,0.5
"ice crash",gem,"[{""key"":""lvl"",""value"":""1-18""},{""key"":""corrupted"",""value"":false},{""key"":""quality"",""value"":""0""}]",p20,0,0.5
"decay support",gem,"[{""key"":""lvl"",""value"":""1-18""},{""key"":""corrupted"",""value"":false},{""key"":""quality"",""value"":""0""}]",p20,0,0.5
"soul catcher",unique,"[{""key"":""sixLink"",""value"":false},{""key"":""corrupted"",""value"":false},{""key"":""foilVariation"",""value"":0}]",p20,0,0.5
"eternal blessing support",gem,"[{""key"":""lvl"",""value"":""1-18""},{""key"":""corrupted"",""value"":false},{""key"":""quality"",""value"":""0""}]",p20,0,0.5
"eye of winter",gem,"[{""key"":""lvl"",""value"":""1-18""},{""key"":""corrupted"",""value"":false},{""key"":""quality"",""value"":""0""}]",p20,0,0.5
"galvanic arrow",gem,"[{""key"":""lvl"",""value"":""1-18""},{""key"":""corrupted"",""value"":false},{""key"":""quality"",""value"":""0""}]",p20,0,0.5
"armageddon brand",gem,"[{""key"":""lvl"",""value"":""1-18""},{""key"":""corrupted"",""value"":false},{""key"":""quality"",""value"":""0""}]",p20,0,0.5
"sigil of power",gem,"[{""key"":""lvl"",""value"":""1-18""},{""key"":""corrupted"",""value"":false},{""key"":""quality"",""value"":""0""}]",p20,0,0.5
"volley support",gem,"[{""key"":""lvl"",""value"":""1-18""},{""key"":""corrupted"",""value"":false},{""key"":""quality"",""value"":""0""}]",p20,0,0.5
"berserk",gem,"[{""key"":""lvl"",""value"":""1-18""},{""key"":""corrupted"",""value"":false},{""key"":""quality"",""value"":""0""}]",p20,0,0.5
"alchemist's mark",gem,"[{""key"":""lvl"",""value"":""1-18""},{""key"":""corrupted"",""value"":false},{""key"":""quality"",""value"":""0""}]",p20,0,0.5
"hextouch support",gem,"[{""key"":""lvl"",""value"":""1-18""},{""key"":""corrupted"",""value"":false},{""key"":""quality"",""value"":""0""}]",p20,0,0.5
"intimidating cry",gem,"[{""key"":""lvl"",""value"":""1-18""},{""key"":""corrupted"",""value"":false},{""key"":""quality"",""value"":""0""}]",p20,0,0.5
"bonechill support",gem,"[{""key"":""lvl"",""value"":""1-18""},{""key"":""corrupted"",""value"":false},{""key"":""quality"",""value"":""0""}]",p20,0,0.5
"summon stone golem",gem,"[{""key"":""lvl"",""value"":""1-18""},{""key"":""corrupted"",""value"":false},{""key"":""quality"",""value"":""0""}]",p20,0,0.5
"doom blast",gem,"[{""key"":""lvl"",""value"":""1-18""},{""key"":""corrupted"",""value"":false},{""key"":""quality"",""value"":""0""}]",p20,0,0.5
"summon flame golem",gem,"[{""key"":""lvl"",""value"":""1-18""},{""key"":""corrupted"",""value"":false},{""key"":""quality"",""value"":""0""}]",p20,0,0.5
"lacerate",gem,"[{""key"":""lvl"",""value"":""1-18""},{""key"":""corrupted"",""value"":false},{""key"":""quality"",""value"":""0""}]",p20,0,0.5
"lancing steel",gem,"[{""key"":""lvl"",""value"":""1-18""},{""key"":""corrupted"",""value"":false},{""key"":""quality"",""value"":""0""}]",p20,0,0.5
"assassin's mark",gem,"[{""key"":""lvl"",""value"":""1-18""},{""key"":""corrupted"",""value"":false},{""key"":""quality"",""value"":""0""}]",p20,0,0.5
"winter orb",gem,"[{""key"":""lvl"",""value"":""1-18""},{""key"":""corrupted"",""value"":false},{""key"":""quality"",""value"":""0""}]",p20,0,0.5
"minefield support",gem,"[{""key"":""lvl"",""value"":""1-18""},{""key"":""corrupted"",""value"":false},{""key"":""quality"",""value"":""0""}]",p20,0,0.5
"blight",gem,"[{""key"":""lvl"",""value"":""1-18""},{""key"":""corrupted"",""value"":false},{""key"":""quality"",""value"":""0""}]",p20,0,0.5
"lightning strike",gem,"[{""key"":""lvl"",""value"":""1-18""},{""key"":""corrupted"",""value"":false},{""key"":""quality"",""value"":""0""}]",p20,0,0.5
"flamethrower trap",gem,"[{""key"":""lvl"",""value"":""1-18""},{""key"":""corrupted"",""value"":false},{""key"":""quality"",""value"":""0""}]",p20,0,0.5
"flammability",gem,"[{""key"":""lvl"",""value"":""1-18""},{""key"":""corrupted"",""value"":false},{""key"":""quality"",""value"":""0""}]",p20,0,0.5
"increased duration support",gem,"[{""key"":""lvl"",""value"":""1-18""},{""key"":""corrupted"",""value"":false},{""key"":""quality"",""value"":""0""}]",p20,0,0.5
"glacial cascade",gem,"[{""key"":""lvl"",""value"":""1-18""},{""key"":""corrupted"",""value"":false},{""key"":""quality"",""value"":""0""}]",p20,0,0.5
"divine blessing support",gem,"[{""key"":""lvl"",""value"":""1-18""},{""key"":""corrupted"",""value"":false},{""key"":""quality"",""value"":""0""}]",p20,0,0.5
"fire penetration support",gem,"[{""key"":""lvl"",""value"":""1-18""},{""key"":""corrupted"",""value"":false},{""key"":""quality"",""value"":""0""}]",p20,0,0.5
"focused ballista support",gem,"[{""key"":""lvl"",""value"":""1-18""},{""key"":""corrupted"",""value"":false},{""key"":""quality"",""value"":""0""}]",p20,0,0.5
"concentrated effect support",gem,"[{""key"":""lvl"",""value"":""1-18""},{""key"":""corrupted"",""value"":false},{""key"":""quality"",""value"":""0""}]",p20,0,0.5
"summon skitterbots",gem,"[{""key"":""lvl"",""value"":""1-18""},{""key"":""corrupted"",""value"":false},{""key"":""quality"",""value"":""0""}]",p20,0,1
"critical strike affliction support",gem,"[{""key"":""lvl"",""value"":""1-18""},{""key"":""corrupted"",""value"":false},{""key"":""quality"",""value"":""0""}]",p20,0,0.5
"increased critical damage support",gem,"[{""key"":""lvl"",""value"":""1-18""},{""key"":""corrupted"",""value"":false},{""key"":""quality"",""value"":""0""}]",p20,0,0.5
"charged traps support",gem,"[{""key"":""lvl"",""value"":""1-18""},{""key"":""corrupted"",""value"":false},{""key"":""quality"",""value"":""0""}]",p20,0,0.5
"exsanguinate",gem,"[{""key"":""lvl"",""value"":""1-18""},{""key"":""corrupted"",""value"":false},{""key"":""quality"",""value"":""0""}]",p20,0,0.5
"bloodlust support",gem,"[{""key"":""lvl"",""value"":""1-18""},{""key"":""corrupted"",""value"":false},{""key"":""quality"",""value"":""0""}]",p20,0,0.5
"iron grip support",gem,"[{""key"":""lvl"",""value"":""1-18""},{""key"":""corrupted"",""value"":false},{""key"":""quality"",""value"":""0""}]",p20,0,0.5
"general's cry support",gem,"[{""key"":""lvl"",""value"":""1-18""},{""key"":""corrupted"",""value"":false},{""key"":""quality"",""value"":""0""}]",p20,0,0.5
"spectral helix",gem,"[{""key"":""lvl"",""value"":""1-18""},{""key"":""corrupted"",""value"":false},{""key"":""quality"",""value"":""0""}]",p20,0,0.5
"static strike",gem,"[{""key"":""lvl"",""value"":""1-18""},{""key"":""corrupted"",""value"":false},{""key"":""quality"",""value"":""0""}]",p20,0,0.5
"firestorm",gem,"[{""key"":""lvl"",""value"":""1-18""},{""key"":""corrupted"",""value"":false},{""key"":""quality"",""value"":""0""}]",p20,0,0.5
"lightning penetration support",gem,"[{""key"":""lvl"",""value"":""1-18""},{""key"":""corrupted"",""value"":false},{""key"":""quality"",""value"":""0""}]",p20,0,0.5
"spectral throw",gem,"[{""key"":""lvl"",""value"":""1-18""},{""key"":""corrupted"",""value"":false},{""key"":""quality"",""value"":""0""}]",p20,0,0.5
"swift assembly support",gem,"[{""key"":""lvl"",""value"":""1-18""},{""key"":""corrupted"",""value"":false},{""key"":""quality"",""value"":""0""}]",p20,0,0.5
"trap support",gem,"[{""key"":""lvl"",""value"":""1-18""},{""key"":""corrupted"",""value"":false},{""key"":""quality"",""value"":""0""}]",p20,0,0.5
"blast rain",gem,"[{""key"":""lvl"",""value"":""1-18""},{""key"":""corrupted"",""value"":false},{""key"":""quality"",""value"":""0""}]",p20,0,0.5
"conversion trap",gem,"[{""key"":""lvl"",""value"":""1-18""},{""key"":""corrupted"",""value"":false},{""key"":""quality"",""value"":""0""}]",p20,0,0.5
"cleave",gem,"[{""key"":""lvl"",""value"":""1-18""},{""key"":""corrupted"",""value"":false},{""key"":""quality"",""value"":""0""}]",p20,0,0.5
"penance brand",gem,"[{""key"":""lvl"",""value"":""1-18""},{""key"":""corrupted"",""value"":false},{""key"":""quality"",""value"":""0""}]",p20,0,0.5
"advanced traps support",gem,"[{""key"":""lvl"",""value"":""1-18""},{""key"":""corrupted"",""value"":false},{""key"":""quality"",""value"":""0""}]",p20,0,0.5
"spell cascade support",gem,"[{""key"":""lvl"",""value"":""1-18""},{""key"":""corrupted"",""value"":false},{""key"":""quality"",""value"":""0""}]",p20,0,0.5
"meat shield support",gem,"[{""key"":""lvl"",""value"":""1-18""},{""key"":""corrupted"",""value"":false},{""key"":""quality"",""value"":""0""}]",p20,0,0.5
"added lightning damage support",gem,"[{""key"":""lvl"",""value"":""1-18""},{""key"":""corrupted"",""value"":false},{""key"":""quality"",""value"":""0""}]",p20,0,0.5
"chance to bleed support",gem,"[{""key"":""lvl"",""value"":""1-18""},{""key"":""corrupted"",""value"":false},{""key"":""quality"",""value"":""0""}]",p20,0,0.5
"void sphere",gem,"[{""key"":""lvl"",""value"":""1-18""},{""key"":""corrupted"",""value"":false},{""key"":""quality"",""value"":""0""}]",p20,0,0.5
"frost blades",gem,"[{""key"":""lvl"",""value"":""1-18""},{""key"":""corrupted"",""value"":false},{""key"":""quality"",""value"":""0""}]",p20,0,0.5
"bladefall",gem,"[{""key"":""lvl"",""value"":""1-18""},{""key"":""corrupted"",""value"":false},{""key"":""quality"",""value"":""0""}]",p20,0,0.5
"vengeance",gem,"[{""key"":""lvl"",""value"":""1-18""},{""key"":""corrupted"",""value"":false},{""key"":""quality"",""value"":""0""}]",p20,0,0.5
"shock nova",gem,"[{""key"":""lvl"",""value"":""1-18""},{""key"":""corrupted"",""value"":false},{""key"":""quality"",""value"":""0""}]",p20,0,0.5
"unleash support",gem,"[{""key"":""lvl"",""value"":""1-18""},{""key"":""corrupted"",""value"":false},{""key"":""quality"",""value"":""0""}]",p20,0,0.5
"elemental focus support",gem,"[{""key"":""lvl"",""value"":""1-18""},{""key"":""corrupted"",""value"":false},{""key"":""quality"",""value"":""0""}]",p20,0,0.5
"behead support",gem,"[{""key"":""lvl"",""value"":""1-18""},{""key"":""corrupted"",""value"":false},{""key"":""quality"",""value"":""0""}]",p20,0,0.5
"ethereal knives",gem,"[{""key"":""lvl"",""value"":""1-18""},{""key"":""corrupted"",""value"":false},{""key"":""quality"",""value"":""0""}]",p20,0,0.5
"blade blast",gem,"[{""key"":""lvl"",""value"":""1-18""},{""key"":""corrupted"",""value"":false},{""key"":""quality"",""value"":""0""}]",p20,0,0.5
"burning arrow",gem,"[{""key"":""lvl"",""value"":""1-18""},{""key"":""corrupted"",""value"":false},{""key"":""quality"",""value"":""0""}]",p20,0,0.5
"ambush",gem,"[{""key"":""lvl"",""value"":""1-18""},{""key"":""corrupted"",""value"":false},{""key"":""quality"",""value"":""0""}]",p20,0,0.5
"forbidden rite",gem,"[{""key"":""lvl"",""value"":""1-18""},{""key"":""corrupted"",""value"":false},{""key"":""quality"",""value"":""0""}]",p20,0,0.5
"flameblast",gem,"[{""key"":""lvl"",""value"":""1-18""},{""key"":""corrupted"",""value"":false},{""key"":""quality"",""value"":""0""}]",p20,0,0.5
"double strike",gem,"[{""key"":""lvl"",""value"":""1-18""},{""key"":""corrupted"",""value"":false},{""key"":""quality"",""value"":""0""}]",p20,0,0.5
"tornado",gem,"[{""key"":""lvl"",""value"":""1-18""},{""key"":""corrupted"",""value"":false},{""key"":""quality"",""value"":""0""}]",p20,0,0.5
"protective link",gem,"[{""key"":""lvl"",""value"":""1-18""},{""key"":""corrupted"",""value"":false},{""key"":""quality"",""value"":""0""}]",p20,0,0.5
"precision",gem,"[{""key"":""lvl"",""value"":""1-18""},{""key"":""corrupted"",""value"":false},{""key"":""quality"",""value"":""0""}]",p20,0,1
"freezing pulse",gem,"[{""key"":""lvl"",""value"":""1-18""},{""key"":""corrupted"",""value"":false},{""key"":""quality"",""value"":""0""}]",p20,0,0.5
"purity of lightning",gem,"[{""key"":""lvl"",""value"":""1-18""},{""key"":""corrupted"",""value"":false},{""key"":""quality"",""value"":""0""}]",p20,0,0.5
"tornado shot",gem,"[{""key"":""lvl"",""value"":""1-18""},{""key"":""corrupted"",""value"":false},{""key"":""quality"",""value"":""0""}]",p20,0,0.5
"earthquake",gem,"[{""key"":""lvl"",""value"":""1-18""},{""key"":""corrupted"",""value"":false},{""key"":""quality"",""value"":""0""}]",p20,0,0.5
"onslaught support",gem,"[{""key"":""lvl"",""value"":""1-18""},{""key"":""corrupted"",""value"":false},{""key"":""quality"",""value"":""0""}]",p20,0,0.5
"shockwave",gem,"[{""key"":""lvl"",""value"":""1-18""},{""key"":""corrupted"",""value"":false},{""key"":""quality"",""value"":""0""}]",p20,0,0.5
"animate guardian",gem,"[{""key"":""lvl"",""value"":""1-18""},{""key"":""corrupted"",""value"":false},{""key"":""quality"",""value"":""0""}]",p20,0,0.5
"tectonic slam",gem,"[{""key"":""lvl"",""value"":""1-18""},{""key"":""corrupted"",""value"":false},{""key"":""quality"",""value"":""0""}]",p20,0,0.5
"stun support",gem,"[{""key"":""lvl"",""value"":""1-18""},{""key"":""corrupted"",""value"":false},{""key"":""quality"",""value"":""0""}]",p20,0,0.5
"rage vortex",gem,"[{""key"":""lvl"",""value"":""1-18""},{""key"":""corrupted"",""value"":false},{""key"":""quality"",""value"":""0""}]",p20,0,0.5
"skullhead",unique,"[{""key"":""sixLink"",""value"":false},{""key"":""corrupted"",""value"":false},{""key"":""foilVariation"",""value"":0}]",p20,0,0.9
"toxic rain",gem,"[{""key"":""lvl"",""value"":""1-18""},{""key"":""corrupted"",""value"":false},{""key"":""quality"",""value"":""0""}]",p20,0,0.5
"pestilent strike",gem,"[{""key"":""lvl"",""value"":""1-18""},{""key"":""corrupted"",""value"":false},{""key"":""quality"",""value"":""0""}]",p20,0,0.5
"warlord's mark",gem,"[{""key"":""lvl"",""value"":""1-18""},{""key"":""corrupted"",""value"":false},{""key"":""quality"",""value"":""0""}]",p20,0,0.5
"frostbolt",gem,"[{""key"":""lvl"",""value"":""1-18""},{""key"":""corrupted"",""value"":false},{""key"":""quality"",""value"":""0""}]",p20,0,0.5
"creeping frost",gem,"[{""key"":""lvl"",""value"":""1-18""},{""key"":""corrupted"",""value"":false},{""key"":""quality"",""value"":""0""}]",p20,0,0.5
"energy leech support",gem,"[{""key"":""lvl"",""value"":""1-18""},{""key"":""corrupted"",""value"":false},{""key"":""quality"",""value"":""0""}]",p20,0,0.5
"brand recall",gem,"[{""key"":""lvl"",""value"":""1-18""},{""key"":""corrupted"",""value"":false},{""key"":""quality"",""value"":""0""}]",p20,0,0.5
"combustion support",gem,"[{""key"":""lvl"",""value"":""1-18""},{""key"":""corrupted"",""value"":false},{""key"":""quality"",""value"":""0""}]",p20,0,1
"plague bearer",gem,"[{""key"":""lvl"",""value"":""1-18""},{""key"":""corrupted"",""value"":false},{""key"":""quality"",""value"":""0""}]",p20,0,0.5
"additional accuracy support",gem,"[{""key"":""lvl"",""value"":""1-18""},{""key"":""corrupted"",""value"":false},{""key"":""quality"",""value"":""0""}]",p20,0,0.5
"fortify support",gem,"[{""key"":""lvl"",""value"":""1-18""},{""key"":""corrupted"",""value"":false},{""key"":""quality"",""value"":""0""}]",p20,0,0.5
"rain of arrows",gem,"[{""key"":""lvl"",""value"":""1-18""},{""key"":""corrupted"",""value"":false},{""key"":""quality"",""value"":""0""}]",p20,0,0.5
"ascent from flesh",unique,"[{""key"":""sixLink"",""value"":false},{""key"":""corrupted"",""value"":false},{""key"":""foilVariation"",""value"":0}]",p20,0,1
"galvanic field",gem,"[{""key"":""lvl"",""value"":""1-18""},{""key"":""corrupted"",""value"":false},{""key"":""quality"",""value"":""0""}]",p20,0,0.5
"withering touch support",gem,"[{""key"":""lvl"",""value"":""1-18""},{""key"":""corrupted"",""value"":false},{""key"":""quality"",""value"":""0""}]",p20,0,0.5
"life leech support",gem,"[{""key"":""lvl"",""value"":""1-18""},{""key"":""corrupted"",""value"":false},{""key"":""quality"",""value"":""0""}]",p20,0,0.5
"increased critical strikes support",gem,"[{""key"":""lvl"",""value"":""1-18""},{""key"":""corrupted"",""value"":false},{""key"":""quality"",""value"":""0""}]",p20,0,0.5
"multiple traps support",gem,"[{""key"":""lvl"",""value"":""1-18""},{""key"":""corrupted"",""value"":false},{""key"":""quality"",""value"":""0""}]",p20,0,0.5
"cursed ground support",gem,"[{""key"":""lvl"",""value"":""1-18""},{""key"":""corrupted"",""value"":false},{""key"":""quality"",""value"":""0""}]",p20,0,0.5
"flame wall",gem,"[{""key"":""lvl"",""value"":""1-18""},{""key"":""corrupted"",""value"":false},{""key"":""quality"",""value"":""0""}]",p20,0,0.5
"seismic cry",gem,"[{""key"":""lvl"",""value"":""1-18""},{""key"":""corrupted"",""value"":false},{""key"":""quality"",""value"":""0""}]",p20,0,0.5
"essence drain",gem,"[{""key"":""lvl"",""value"":""1-18""},{""key"":""corrupted"",""value"":false},{""key"":""quality"",""value"":""0""}]",p20,0,0.5
"mirror arrow",gem,"[{""key"":""lvl"",""value"":""1-18""},{""key"":""corrupted"",""value"":false},{""key"":""quality"",""value"":""0""}]",p20,0,0.5
"damage on full life support",gem,"[{""key"":""lvl"",""value"":""1-18""},{""key"":""corrupted"",""value"":false},{""key"":""quality"",""value"":""0""}]",p20,0,0.5
"frost bomb",gem,"[{""key"":""lvl"",""value"":""1-18""},{""key"":""corrupted"",""value"":false},{""key"":""quality"",""value"":""0""}]",p20,0,0.5
"summon reaper",gem,"[{""key"":""lvl"",""value"":""1-18""},{""key"":""corrupted"",""value"":false},{""key"":""quality"",""value"":""0""}]",p20,0,0.5
"rearguard",unique,"[{""key"":""sixLink"",""value"":false},{""key"":""corrupted"",""value"":false},{""key"":""foilVariation"",""value"":0}]",p20,0,1
"melee splash support",gem,"[{""key"":""lvl"",""value"":""1-18""},{""key"":""corrupted"",""value"":false},{""key"":""quality"",""value"":""0""}]",p20,0,0.5
"decoy totem",gem,"[{""key"":""lvl"",""value"":""1-18""},{""key"":""corrupted"",""value"":false},{""key"":""quality"",""value"":""0""}]",p20,0,0.5
"ruthless support",gem,"[{""key"":""lvl"",""value"":""1-18""},{""key"":""corrupted"",""value"":false},{""key"":""quality"",""value"":""0""}]",p20,0,0.5
"increased area of effect support",gem,"[{""key"":""lvl"",""value"":""1-18""},{""key"":""corrupted"",""value"":false},{""key"":""quality"",""value"":""0""}]",p20,0,0.5
"corrupting fever",gem,"[{""key"":""lvl"",""value"":""1-18""},{""key"":""corrupted"",""value"":false},{""key"":""quality"",""value"":""0""}]",p20,0,0.5
"swiftbrand support",gem,"[{""key"":""lvl"",""value"":""1-18""},{""key"":""corrupted"",""value"":false},{""key"":""quality"",""value"":""0""}]",p20,0,0.5
"scorching ray",gem,"[{""key"":""lvl"",""value"":""1-18""},{""key"":""corrupted"",""value"":false},{""key"":""quality"",""value"":""0""}]",p20,0,0.5
"hypothermia support",gem,"[{""key"":""lvl"",""value"":""1-18""},{""key"":""corrupted"",""value"":false},{""key"":""quality"",""value"":""0""}]",p20,0,0.5
"splitting steel",gem,"[{""key"":""lvl"",""value"":""1-18""},{""key"":""corrupted"",""value"":false},{""key"":""quality"",""value"":""0""}]",p20,0,0.5
"raise zombie",gem,"[{""key"":""lvl"",""value"":""1-18""},{""key"":""corrupted"",""value"":false},{""key"":""quality"",""value"":""0""}]",p20,0,0.5
"added fire damage support",gem,"[{""key"":""lvl"",""value"":""1-18""},{""key"":""corrupted"",""value"":false},{""key"":""quality"",""value"":""0""}]",p20,0,0.5
"punishment",gem,"[{""key"":""lvl"",""value"":""1-18""},{""key"":""corrupted"",""value"":false},{""key"":""quality"",""value"":""0""}]",p20,0,0.5
"mirage archer support",gem,"[{""key"":""lvl"",""value"":""1-18""},{""key"":""corrupted"",""value"":false},{""key"":""quality"",""value"":""0""}]",p20,0,0.5
"sniper's mark",gem,"[{""key"":""lvl"",""value"":""1-18""},{""key"":""corrupted"",""value"":false},{""key"":""quality"",""value"":""0""}]",p20,0,0.5
"orb of transmutation",currency,"[]",p20,0,0.03575757575757576
"silverbranch",unique,"[{""key"":""sixLink"",""value"":false},{""key"":""corrupted"",""value"":false},{""key"":""foilVariation"",""value"":0}]",p20,0,1
"orb of transmutation",currency,"[]",p20,9,0.03575757575757576
"scourge arrow",gem,"[{""key"":""lvl"",""value"":""1-18""},{""key"":""corrupted"",""value"":false},{""key"":""quality"",""value"":""0""}]",p20,0,0.5
"the consuming dark",unique,"[{""key"":""sixLink"",""value"":false},{""key"":""corrupted"",""value"":false},{""key"":""foilVariation"",""value"":0}]",p20,0,1.7
"spirit offering",gem,"[{""key"":""lvl"",""value"":""1-18""},{""key"":""corrupted"",""value"":false},{""key"":""quality"",""value"":""0""}]",p20,0,0.5
"arcane surge support",gem,"[{""key"":""lvl"",""value"":""1-18""},{""key"":""corrupted"",""value"":false},{""key"":""quality"",""value"":""0""}]",p20,0,0.5
"hex bloom support",gem,"[{""key"":""lvl"",""value"":""1-18""},{""key"":""corrupted"",""value"":false},{""key"":""quality"",""value"":""0""}]",p20,0,0.5
"lesser eldritch ichor",currency,"[]",p20,0,1
"summon skeletons",gem,"[{""key"":""lvl"",""value"":""1-18""},{""key"":""corrupted"",""value"":false},{""key"":""quality"",""value"":""0""}]",p20,0,0.5
"power charge on critical support",gem,"[{""key"":""lvl"",""value"":""1-18""},{""key"":""corrupted"",""value"":false},{""key"":""quality"",""value"":""0""}]",p20,0,0.5
"summon chaos golem",gem,"[{""key"":""lvl"",""value"":""1-18""},{""key"":""corrupted"",""value"":false},{""key"":""quality"",""value"":""0""}]",p20,0,0.5
"elemental damage with attacks support",gem,"[{""key"":""lvl"",""value"":""1-18""},{""key"":""corrupted"",""value"":false},{""key"":""quality"",""value"":""0""}]",p20,0,0.8500000000000001
"barrage",gem,"[{""key"":""lvl"",""value"":""1-18""},{""key"":""corrupted"",""value"":false},{""key"":""quality"",""value"":""0""}]",p20,0,0.5
"discharge",gem,"[{""key"":""lvl"",""value"":""1-18""},{""key"":""corrupted"",""value"":false},{""key"":""quality"",""value"":""0""}]",p20,0,0.5
"lightning arrow",gem,"[{""key"":""lvl"",""value"":""1-18""},{""key"":""corrupted"",""value"":false},{""key"":""quality"",""value"":""0""}]",p20,0,0.5
"cruelty support",gem,"[{""key"":""lvl"",""value"":""1-18""},{""key"":""corrupted"",""value"":false},{""key"":""quality"",""value"":""0""}]",p20,0,0.5
"tainted blacksmith's whetstone",currency,"[]",p20,0,1
"wintertide brand",gem,"[{""key"":""lvl"",""value"":""1-18""},{""key"":""corrupted"",""value"":false},{""key"":""quality"",""value"":""0""}]",p20,0,0.5
"seismic trap",gem,"[{""key"":""lvl"",""value"":""1-18""},{""key"":""corrupted"",""value"":false},{""key"":""quality"",""value"":""0""}]",p20,0,0.5
"flicker strike",gem,"[{""key"":""lvl"",""value"":""1-18""},{""key"":""corrupted"",""value"":false},{""key"":""quality"",""value"":""0""}]",p20,0,0.5
"wither",gem,"[{""key"":""lvl"",""value"":""1-18""},{""key"":""corrupted"",""value"":false},{""key"":""quality"",""value"":""0""}]",p20,0,0.5
"despair",gem,"[{""key"":""lvl"",""value"":""1-18""},{""key"":""corrupted"",""value"":false},{""key"":""quality"",""value"":""0""}]",p20,0,0.5
"impale support",gem,"[{""key"":""lvl"",""value"":""1-18""},{""key"":""corrupted"",""value"":false},{""key"":""quality"",""value"":""0""}]",p20,0,0.5
"endurance charge on melee stun support",gem,"[{""key"":""lvl"",""value"":""1-18""},{""key"":""corrupted"",""value"":false},{""key"":""quality"",""value"":""0""}]",p20,0,0.5
"cold snap",gem,"[{""key"":""lvl"",""value"":""1-18""},{""key"":""corrupted"",""value"":false},{""key"":""quality"",""value"":""0""}]",p20,0,0.5
"culling strike support",gem,"[{""key"":""lvl"",""value"":""1-18""},{""key"":""corrupted"",""value"":false},{""key"":""quality"",""value"":""0""}]",p20,0,0.5
"offering to the goddess",fragment,"[]",p20,0,1.833333333333333
"immortal call",gem,"[{""key"":""lvl"",""value"":""1-18""},{""key"":""corrupted"",""value"":false},{""key"":""quality"",""value"":""0""}]",p20,0,0.5
"ancestral call support",gem,"[{""key"":""lvl"",""value"":""1-18""},{""key"":""corrupted"",""value"":false},{""key"":""quality"",""value"":""0""}]",p20,0,0.5
"feeding frenzy support",gem,"[{""key"":""lvl"",""value"":""1-18""},{""key"":""corrupted"",""value"":false},{""key"":""quality"",""value"":""0""}]",p20,0,1
"explosive concoction",gem,"[{""key"":""lvl"",""value"":""1-18""},{""key"":""corrupted"",""value"":false},{""key"":""quality"",""value"":""0""}]",p20,0,0.5
"meginord's girdle",unique,"[{""key"":""sixLink"",""value"":false},{""key"":""corrupted"",""value"":false},{""key"":""foilVariation"",""value"":0}]",p20,0,2.6
"tainted jeweller's orb",currency,"[]",p20,0,2
"purifying flame",gem,"[{""key"":""lvl"",""value"":""1-18""},{""key"":""corrupted"",""value"":false},{""key"":""quality"",""value"":""0""}]",p20,0,0.5
"the gluttonous tide",unique,"[{""key"":""sixLink"",""value"":false},{""key"":""corrupted"",""value"":false},{""key"":""foilVariation"",""value"":0}]",p20,0,2
"herald of thunder",gem,"[{""key"":""lvl"",""value"":""1-18""},{""key"":""corrupted"",""value"":false},{""key"":""quality"",""value"":""0""}]",p20,0,0.5
"malachai's loop",unique,"[{""key"":""sixLink"",""value"":false},{""key"":""corrupted"",""value"":false},{""key"":""foilVariation"",""value"":0}]",p20,0,2.8
"the baron",unique,"[{""key"":""sixLink"",""value"":false},{""key"":""corrupted"",""value"":false},{""key"":""foilVariation"",""value"":0}]",p20,0,0.9
"earthbreaker support",gem,"[{""key"":""lvl"",""value"":""1-18""},{""key"":""corrupted"",""value"":false},{""key"":""quality"",""value"":""0""}]",p20,0,0.5
"rage support",gem,"[{""key"":""lvl"",""value"":""1-18""},{""key"":""corrupted"",""value"":false},{""key"":""quality"",""value"":""0""}]",p20,0,0.5
"molten strike",gem,"[{""key"":""lvl"",""value"":""1-18""},{""key"":""corrupted"",""value"":false},{""key"":""quality"",""value"":""0""}]",p20,0,0.5
"incinerate",gem,"[{""key"":""lvl"",""value"":""1-18""},{""key"":""corrupted"",""value"":false},{""key"":""quality"",""value"":""0""}]",p20,0,0.5
"shrapnel ballista",gem,"[{""key"":""lvl"",""value"":""1-18""},{""key"":""corrupted"",""value"":false},{""key"":""quality"",""value"":""0""}]",p20,0,0.5
"knockback support",gem,"[{""key"":""lvl"",""value"":""1-18""},{""key"":""corrupted"",""value"":false},{""key"":""quality"",""value"":""0""}]",p20,0,0.5
"ice trap",gem,"[{""key"":""lvl"",""value"":""1-18""},{""key"":""corrupted"",""value"":false},{""key"":""quality"",""value"":""0""}]",p20,0,0.5
"darkray vectors",unique,"[{""key"":""sixLink"",""value"":false},{""key"":""corrupted"",""value"":false},{""key"":""foilVariation"",""value"":0}]",p20,0,0.9
"steelskin",gem,"[{""key"":""lvl"",""value"":""1-18""},{""key"":""corrupted"",""value"":false},{""key"":""quality"",""value"":""0""}]",p20,0,1
"frostbite",gem,"[{""key"":""lvl"",""value"":""1-18""},{""key"":""corrupted"",""value"":false},{""key"":""quality"",""value"":""0""}]",p20,0,0.5
"rejuvenation totem",gem,"[{""key"":""lvl"",""value"":""1-18""},{""key"":""corrupted"",""value"":false},{""key"":""quality"",""value"":""0""}]",p20,0,0.5
"arc",gem,"[{""key"":""lvl"",""value"":""1-18""},{""key"":""corrupted"",""value"":false},{""key"":""quality"",""value"":""0""}]",p20,0,0.5
"cast on death support",gem,"[{""key"":""lvl"",""value"":""1-18""},{""key"":""corrupted"",""value"":false},{""key"":""quality"",""value"":""0""}]",p20,0,0.5
"immolate support",gem,"[{""key"":""lvl"",""value"":""1-18""},{""key"":""corrupted"",""value"":false},{""key"":""quality"",""value"":""0""}]",p20,0,0.5
"soulrend",gem,"[{""key"":""lvl"",""value"":""1-18""},{""key"":""corrupted"",""value"":false},{""key"":""quality"",""value"":""0""}]",p20,0,0.5
"signal prey",gem,"[{""key"":""lvl"",""value"":""1-18""},{""key"":""corrupted"",""value"":false},{""key"":""quality"",""value"":""0""}]",p20,0,0.5
"lifetap support",gem,"[{""key"":""lvl"",""value"":""1-18""},{""key"":""corrupted"",""value"":false},{""key"":""quality"",""value"":""0""}]",p20,0,1
"blade flurry",gem,"[{""key"":""lvl"",""value"":""1-18""},{""key"":""corrupted"",""value"":false},{""key"":""quality"",""value"":""0""}]",p20,0,0.5
"blind support",gem,"[{""key"":""lvl"",""value"":""1-18""},{""key"":""corrupted"",""value"":false},{""key"":""quality"",""value"":""0""}]",p20,0,0.5
"summon ice golem",gem,"[{""key"":""lvl"",""value"":""1-18""},{""key"":""corrupted"",""value"":false},{""key"":""quality"",""value"":""0""}]",p20,0,0.5
"infernal blow",gem,"[{""key"":""lvl"",""value"":""1-18""},{""key"":""corrupted"",""value"":false},{""key"":""quality"",""value"":""0""}]",p20,0,0.5
"lightning trap",gem,"[{""key"":""lvl"",""value"":""1-18""},{""key"":""corrupted"",""value"":false},{""key"":""quality"",""value"":""0""}]",p20,0,0.5
"shockwave totem",gem,"[{""key"":""lvl"",""value"":""1-18""},{""key"":""corrupted"",""value"":false},{""key"":""quality"",""value"":""0""}]",p20,0,0.5
"cast while channelling support",gem,"[{""key"":""lvl"",""value"":""1-18""},{""key"":""corrupted"",""value"":false},{""key"":""quality"",""value"":""0""}]",p20,0,0.5
"intensify support",gem,"[{""key"":""lvl"",""value"":""1-18""},{""key"":""corrupted"",""value"":false},{""key"":""quality"",""value"":""0""}]",p20,0,0.5
"greater volley support",gem,"[{""key"":""lvl"",""value"":""1-18""},{""key"":""corrupted"",""value"":false},{""key"":""quality"",""value"":""0""}]",p20,0,0.5
"charged mines support",gem,"[{""key"":""lvl"",""value"":""1-18""},{""key"":""corrupted"",""value"":false},{""key"":""quality"",""value"":""0""}]",p20,0,0.5
"dual strike",gem,"[{""key"":""lvl"",""value"":""1-18""},{""key"":""corrupted"",""value"":false},{""key"":""quality"",""value"":""0""}]",p20,0,0.5
"explosive trap",gem,"[{""key"":""lvl"",""value"":""1-18""},{""key"":""corrupted"",""value"":false},{""key"":""quality"",""value"":""0""}]",p20,0,0.5
"volcanic fissure",gem,"[{""key"":""lvl"",""value"":""1-18""},{""key"":""corrupted"",""value"":false},{""key"":""quality"",""value"":""0""}]",p20,0,0.5
"chance to flee support",gem,"[{""key"":""lvl"",""value"":""1-18""},{""key"":""corrupted"",""value"":false},{""key"":""quality"",""value"":""0""}]",p20,0,0.5
"sweep",gem,"[{""key"":""lvl"",""value"":""1-18""},{""key"":""corrupted"",""value"":false},{""key"":""quality"",""value"":""0""}]",p20,0,0.5
"urgent orders support",gem,"[{""key"":""lvl"",""value"":""1-18""},{""key"":""corrupted"",""value"":false},{""key"":""quality"",""value"":""0""}]",p20,0,0.5
"spellslinger support",gem,"[{""key"":""lvl"",""value"":""1-18""},{""key"":""corrupted"",""value"":false},{""key"":""quality"",""value"":""0""}]",p20,0,0.5
"cast on melee kill support",gem,"[{""key"":""lvl"",""value"":""1-18""},{""key"":""corrupted"",""value"":false},{""key"":""quality"",""value"":""0""}]",p20,0,0.5
"herald of ash",gem,"[{""key"":""lvl"",""value"":""1-18""},{""key"":""corrupted"",""value"":false},{""key"":""quality"",""value"":""0""}]",p20,0,3
"flesh offering",gem,"[{""key"":""lvl"",""value"":""1-18""},{""key"":""corrupted"",""value"":false},{""key"":""quality"",""value"":""0""}]",p20,0,0.5
"temporal chains",gem,"[{""key"":""lvl"",""value"":""1-18""},{""key"":""corrupted"",""value"":false},{""key"":""quality"",""value"":""0""}]",p20,0,0.5
"sunder",gem,"[{""key"":""lvl"",""value"":""1-18""},{""key"":""corrupted"",""value"":false},{""key"":""quality"",""value"":""0""}]",p20,0,0.5
"cremation",gem,"[{""key"":""lvl"",""value"":""1-18""},{""key"":""corrupted"",""value"":false},{""key"":""quality"",""value"":""0""}]",p20,0,0.5
"spectral shield throw",gem,"[{""key"":""lvl"",""value"":""1-18""},{""key"":""corrupted"",""value"":false},{""key"":""quality"",""value"":""0""}]",p20,0,0.5
"shield crush",gem,"[{""key"":""lvl"",""value"":""1-18""},{""key"":""corrupted"",""value"":false},{""key"":""quality"",""value"":""0""}]",p20,0,0.5
"raise spectre",gem,"[{""key"":""lvl"",""value"":""1-18""},{""key"":""corrupted"",""value"":false},{""key"":""quality"",""value"":""0""}]",p20,0,0.5
"point blank support",gem,"[{""key"":""lvl"",""value"":""1-18""},{""key"":""corrupted"",""value"":false},{""key"":""quality"",""value"":""0""}]",p20,0,0.5
"lightning spire trap",gem,"[{""key"":""lvl"",""value"":""1-18""},{""key"":""corrupted"",""value"":false},{""key"":""quality"",""value"":""0""}]",p20,0,0.5
"cold penetration support",gem,"[{""key"":""lvl"",""value"":""1-18""},{""key"":""corrupted"",""value"":false},{""key"":""quality"",""value"":""0""}]",p20,0,0.5
"orb of transmutation",currency,"[]",p20,100,0.04545454545454546
"fork support",gem,"[{""key"":""lvl"",""value"":""1-18""},{""key"":""corrupted"",""value"":false},{""key"":""quality"",""value"":""0""}]",p20,0,0.5
"icicle mine",gem,"[{""key"":""lvl"",""value"":""1-18""},{""key"":""corrupted"",""value"":false},{""key"":""quality"",""value"":""0""}]",p20,0,0.5
"soul link",gem,"[{""key"":""lvl"",""value"":""1-18""},{""key"":""corrupted"",""value"":false},{""key"":""quality"",""value"":""0""}]",p20,0,0.5
"atziri's step",unique,"[{""key"":""sixLink"",""value"":false},{""key"":""corrupted"",""value"":false},{""key"":""foilVariation"",""value"":0}]",p20,0,8.4
"orb of transmutation",currency,"[]",p20,50,0.04545454545454546
"searing bond",gem,"[{""key"":""lvl"",""value"":""1-18""},{""key"":""corrupted"",""value"":false},{""key"":""quality"",""value"":""0""}]",p20,0,0.5
"the broken crown",unique,"[{""key"":""sixLink"",""value"":false},{""key"":""corrupted"",""value"":false},{""key"":""foilVariation"",""value"":0}]",p20,0,0.9
"wrath",gem,"[{""key"":""lvl"",""value"":""1-18""},{""key"":""corrupted"",""value"":false},{""key"":""quality"",""value"":""0""}]",p20,0,2
"minion life support",gem,"[{""key"":""lvl"",""value"":""1-18""},{""key"":""corrupted"",""value"":false},{""key"":""quality"",""value"":""0""}]",p20,0,0.5
"glacial hammer",gem,"[{""key"":""lvl"",""value"":""1-18""},{""key"":""corrupted"",""value"":false},{""key"":""quality"",""value"":""0""}]",p20,0,0.5
"ancestral warchief",gem,"[{""key"":""lvl"",""value"":""1-18""},{""key"":""corrupted"",""value"":false},{""key"":""quality"",""value"":""0""}]",p20,0,0.5
"hexblast",gem,"[{""key"":""lvl"",""value"":""1-18""},{""key"":""corrupted"",""value"":false},{""key"":""quality"",""value"":""0""}]",p20,0,0.5
"added chaos damage support",gem,"[{""key"":""lvl"",""value"":""1-18""},{""key"":""corrupted"",""value"":false},{""key"":""quality"",""value"":""0""}]",p20,0,0.5
"dread banner",gem,"[{""key"":""lvl"",""value"":""1-18""},{""key"":""corrupted"",""value"":false},{""key"":""quality"",""value"":""0""}]",p20,0,0.5
"pulverise support",gem,"[{""key"":""lvl"",""value"":""1-18""},{""key"":""corrupted"",""value"":false},{""key"":""quality"",""value"":""0""}]",p20,0,0.5
"summon phantasm support",gem,"[{""key"":""lvl"",""value"":""1-18""},{""key"":""corrupted"",""value"":false},{""key"":""quality"",""value"":""0""}]",p20,0,0.5
"blade vortex",gem,"[{""key"":""lvl"",""value"":""1-18""},{""key"":""corrupted"",""value"":false},{""key"":""quality"",""value"":""0""}]",p20,0,0.5
"infused channelling support",gem,"[{""key"":""lvl"",""value"":""1-18""},{""key"":""corrupted"",""value"":false},{""key"":""quality"",""value"":""0""}]",p20,0,0.5
"ignite proliferation support",gem,"[{""key"":""lvl"",""value"":""1-18""},{""key"":""corrupted"",""value"":false},{""key"":""quality"",""value"":""0""}]",p20,0,0.5
"battlemage's cry support",gem,"[{""key"":""lvl"",""value"":""1-18""},{""key"":""corrupted"",""value"":false},{""key"":""quality"",""value"":""0""}]",p20,0,0.5
"herald of agony",gem,"[{""key"":""lvl"",""value"":""1-18""},{""key"":""corrupted"",""value"":false},{""key"":""quality"",""value"":""0""}]",p20,0,0.5
"cobra lash",gem,"[{""key"":""lvl"",""value"":""1-18""},{""key"":""corrupted"",""value"":false},{""key"":""quality"",""value"":""0""}]",p20,0,0.5
"added cold damage support",gem,"[{""key"":""lvl"",""value"":""1-18""},{""key"":""corrupted"",""value"":false},{""key"":""quality"",""value"":""0""}]",p20,0,0.5
"cold to fire support",gem,"[{""key"":""lvl"",""value"":""1-18""},{""key"":""corrupted"",""value"":false},{""key"":""quality"",""value"":""0""}]",p20,0,0.5
"caustic arrow",gem,"[{""key"":""lvl"",""value"":""1-18""},{""key"":""corrupted"",""value"":false},{""key"":""quality"",""value"":""0""}]",p20,0,0.5
"storm rain",gem,"[{""key"":""lvl"",""value"":""1-18""},{""key"":""corrupted"",""value"":false},{""key"":""quality"",""value"":""0""}]",p20,0,0.5
"split arrow",gem,"[{""key"":""lvl"",""value"":""1-18""},{""key"":""corrupted"",""value"":false},{""key"":""quality"",""value"":""0""}]",p20,0,0.5
"elemental weakness",gem,"[{""key"":""lvl"",""value"":""1-18""},{""key"":""corrupted"",""value"":false},{""key"":""quality"",""value"":""0""}]",p20,0,0.9
"shattering steel",gem,"[{""key"":""lvl"",""value"":""1-18""},{""key"":""corrupted"",""value"":false},{""key"":""quality"",""value"":""0""}]",p20,0,0.5
"storm brand",gem,"[{""key"":""lvl"",""value"":""1-18""},{""key"":""corrupted"",""value"":false},{""key"":""quality"",""value"":""0""}]",p20,0,0.5
"frost shield",gem,"[{""key"":""lvl"",""value"":""1-18""},{""key"":""corrupted"",""value"":false},{""key"":""quality"",""value"":""0""}]",p20,0,0.5
"maim support",gem,"[{""key"":""lvl"",""value"":""1-18""},{""key"":""corrupted"",""value"":false},{""key"":""quality"",""value"":""0""}]",p20,0,0.5
"trap and mine damage support",gem,"[{""key"":""lvl"",""value"":""1-18""},{""key"":""corrupted"",""value"":false},{""key"":""quality"",""value"":""0""}]",p20,0,1
"unbound ailments support",gem,"[{""key"":""lvl"",""value"":""1-18""},{""key"":""corrupted"",""value"":false},{""key"":""quality"",""value"":""0""}]",p20,0,0.5
"innervate support",gem,"[{""key"":""lvl"",""value"":""1-18""},{""key"":""corrupted"",""value"":false},{""key"":""quality"",""value"":""0""}]",p20,0,0.5
"spark",gem,"[{""key"":""lvl"",""value"":""1-18""},{""key"":""corrupted"",""value"":false},{""key"":""quality"",""value"":""0""}]",p20,0,0.5
"sire of shards",unique,"[{""key"":""sixLink"",""value"":false},{""key"":""corrupted"",""value"":false},{""key"":""foilVariation"",""value"":0}]",p20,0,1
"vigilant strike",gem,"[{""key"":""lvl"",""value"":""1-18""},{""key"":""corrupted"",""value"":false},{""key"":""quality"",""value"":""0""}]",p20,0,0.5
"siphoning trap",gem,"[{""key"":""lvl"",""value"":""1-18""},{""key"":""corrupted"",""value"":false},{""key"":""quality"",""value"":""0""}]",p20,0,0.5
"ice bite support",gem,"[{""key"":""lvl"",""value"":""1-18""},{""key"":""corrupted"",""value"":false},{""key"":""quality"",""value"":""0""}]",p20,0,0.5
"blood rage",gem,"[{""key"":""lvl"",""value"":""1-18""},{""key"":""corrupted"",""value"":false},{""key"":""quality"",""value"":""0""}]",p20,0,0.5
"destructive link",gem,"[{""key"":""lvl"",""value"":""1-18""},{""key"":""corrupted"",""value"":false},{""key"":""quality"",""value"":""0""}]",p20,0,0.5
"orb of regret",currency,"[]",p20,0,3.866666666666667
"orb of storms",gem,"[{""key"":""lvl"",""value"":""1-18""},{""key"":""corrupted"",""value"":false},{""key"":""quality"",""value"":""0""}]",p20,0,0.5
"frenzy",gem,"[{""key"":""lvl"",""value"":""1-18""},{""key"":""corrupted"",""value"":false},{""key"":""quality"",""value"":""0""}]",p20,0,0.5
"reap",gem,"[{""key"":""lvl"",""value"":""1-18""},{""key"":""corrupted"",""value"":false},{""key"":""quality"",""value"":""0""}]",p20,0,0.5
"sinvicta's mettle",unique,"[{""key"":""sixLink"",""value"":false},{""key"":""corrupted"",""value"":false},{""key"":""foilVariation"",""value"":0}]",p20,0,2.8
"faster attacks support",gem,"[{""key"":""lvl"",""value"":""1-18""},{""key"":""corrupted"",""value"":false},{""key"":""quality"",""value"":""0""}]",p20,0,0.5
"ice nova",gem,"[{""key"":""lvl"",""value"":""1-18""},{""key"":""corrupted"",""value"":false},{""key"":""quality"",""value"":""0""}]",p20,0,0.5
"blood and sand",gem,"[{""key"":""lvl"",""value"":""1-18""},{""key"":""corrupted"",""value"":false},{""key"":""quality"",""value"":""0""}]",p20,0,0.5
"regal orb",currency,"[]",p20,0,3.97
"absolution",gem,"[{""key"":""lvl"",""value"":""1-18""},{""key"":""corrupted"",""value"":false},{""key"":""quality"",""value"":""0""}]",p20,0,0.5
"storm burst",gem,"[{""key"":""lvl"",""value"":""1-18""},{""key"":""corrupted"",""value"":false},{""key"":""quality"",""value"":""0""}]",p20,0,0.5
"arcane cloak",gem,"[{""key"":""lvl"",""value"":""1-18""},{""key"":""corrupted"",""value"":false},{""key"":""quality"",""value"":""0""}]",p20,0,0.5
"bloodthirst support",gem,"[{""key"":""lvl"",""value"":""1-18""},{""key"":""corrupted"",""value"":false},{""key"":""quality"",""value"":""0""}]",p20,0,0.5
"orb of alteration",currency,"[]",p20,30,0.3333333333333333
"conductivity",gem,"[{""key"":""lvl"",""value"":""1-18""},{""key"":""corrupted"",""value"":false},{""key"":""quality"",""value"":""0""}]",p20,0,0.5
"three-step assault",unique,"[{""key"":""sixLink"",""value"":false},{""key"":""corrupted"",""value"":false},{""key"":""foilVariation"",""value"":0}]",p20,0,1
"intuitive link support",gem,"[{""key"":""lvl"",""value"":""1-18""},{""key"":""corrupted"",""value"":false},{""key"":""quality"",""value"":""0""}]",p20,0,0.5
"orb of alteration",currency,"[]",p20,50,0.3333333333333333
"temporal rift",gem,"[{""key"":""lvl"",""value"":""1-18""},{""key"":""corrupted"",""value"":false},{""key"":""quality"",""value"":""0""}]",p20,0,0.5
"energy blade",gem,"[{""key"":""lvl"",""value"":""1-18""},{""key"":""corrupted"",""value"":false},{""key"":""quality"",""value"":""0""}]",p20,0,0.5
"cinderswallow urn",unique,"[{""key"":""sixLink"",""value"":false},{""key"":""corrupted"",""value"":false},{""key"":""foilVariation"",""value"":0}]",p20,0,1
"orb of alteration",currency,"[]",p20,0,0.3333333333333333
"detonate dead",gem,"[{""key"":""lvl"",""value"":""1-18""},{""key"":""corrupted"",""value"":false},{""key"":""quality"",""value"":""0""}]",p20,0,0.5
"herald of purity",gem,"[{""key"":""lvl"",""value"":""1-18""},{""key"":""corrupted"",""value"":false},{""key"":""quality"",""value"":""0""}]",p20,0,1.5
"perquil's toe",unique,"[{""key"":""sixLink"",""value"":false},{""key"":""corrupted"",""value"":false},{""key"":""foilVariation"",""value"":0}]",p20,0,1
"orb of alteration",currency,"[]",p20,9,0.3333333333333333
"prismatic eclipse",unique,"[{""key"":""sixLink"",""value"":false},{""key"":""corrupted"",""value"":false},{""key"":""foilVariation"",""value"":0}]",p20,0,1
"minion speed support",gem,"[{""key"":""lvl"",""value"":""1-18""},{""key"":""corrupted"",""value"":false},{""key"":""quality"",""value"":""0""}]",p20,0,0.5
"second wind support",gem,"[{""key"":""lvl"",""value"":""1-18""},{""key"":""corrupted"",""value"":false},{""key"":""quality"",""value"":""0""}]",p20,0,0.5
"orb of transmutation",currency,"[]",p20,30,0.03575757575757576
"blastchain mine support",gem,"[{""key"":""lvl"",""value"":""1-18""},{""key"":""corrupted"",""value"":false},{""key"":""quality"",""value"":""0""}]",p20,0,0.5
"puncture",gem,"[{""key"":""lvl"",""value"":""1-18""},{""key"":""corrupted"",""value"":false},{""key"":""quality"",""value"":""0""}]",p20,0,0.5
"minion damage support",gem,"[{""key"":""lvl"",""value"":""1-18""},{""key"":""corrupted"",""value"":false},{""key"":""quality"",""value"":""0""}]",p20,0,0.9
"enfeeble",gem,"[{""key"":""lvl"",""value"":""1-18""},{""key"":""corrupted"",""value"":false},{""key"":""quality"",""value"":""0""}]",p20,0,0.5
"lightning tendrils",gem,"[{""key"":""lvl"",""value"":""1-18""},{""key"":""corrupted"",""value"":false},{""key"":""quality"",""value"":""0""}]",p20,0,0.5
"poacher's mark",gem,"[{""key"":""lvl"",""value"":""1-18""},{""key"":""corrupted"",""value"":false},{""key"":""quality"",""value"":""0""}]",p20,0,0.5
"lesser multiple projectiles support",gem,"[{""key"":""lvl"",""value"":""1-18""},{""key"":""corrupted"",""value"":false},{""key"":""quality"",""value"":""0""}]",p20,0,0.5
"flesh and stone",gem,"[{""key"":""lvl"",""value"":""1-18""},{""key"":""corrupted"",""value"":false},{""key"":""quality"",""value"":""0""}]",p20,0,0.5
"the three dragons",unique,"[{""key"":""sixLink"",""value"":false},{""key"":""corrupted"",""value"":false},{""key"":""foilVariation"",""value"":0}]",p20,0,1.8
"abrasive catalyst",currency,"[]",p20,0,0.33
"string of servitude",unique,"[{""key"":""sixLink"",""value"":false},{""key"":""corrupted"",""value"":true},{""key"":""foilVariation"",""value"":0}]",p20,0,1
"rolling magma",gem,"[{""key"":""lvl"",""value"":""1-18""},{""key"":""corrupted"",""value"":false},{""key"":""quality"",""value"":""0""}]",p20,0,0.5
"greater multiple projectiles support",gem,"[{""key"":""lvl"",""value"":""1-18""},{""key"":""corrupted"",""value"":false},{""key"":""quality"",""value"":""0""}]",p20,0,0.9
"frozen sweep",gem,"[{""key"":""lvl"",""value"":""1-18""},{""key"":""corrupted"",""value"":false},{""key"":""quality"",""value"":""0""}]",p20,0,0.5
"orb of scouring",currency,"[]",p20,0,2
"orb of alteration",currency,"[]",p20,18,0.3333333333333333
"wild strike",gem,"[{""key"":""lvl"",""value"":""1-18""},{""key"":""corrupted"",""value"":false},{""key"":""quality"",""value"":""0""}]",p20,0,0.5
"ballista totem support",gem,"[{""key"":""lvl"",""value"":""1-18""},{""key"":""corrupted"",""value"":false},{""key"":""quality"",""value"":""0""}]",p20,0,1
"bound fossil",fossil,"[]",p20,0,2
"vicious projectiles support",gem,"[{""key"":""lvl"",""value"":""1-18""},{""key"":""corrupted"",""value"":false},{""key"":""quality"",""value"":""0""}]",p20,0,0.5
"perseverance",unique,"[{""key"":""sixLink"",""value"":false},{""key"":""corrupted"",""value"":false},{""key"":""foilVariation"",""value"":0}]",p20,0,3.8
"chain hook",gem,"[{""key"":""lvl"",""value"":""1-18""},{""key"":""corrupted"",""value"":false},{""key"":""quality"",""value"":""0""}]",p20,0,0.5
"poisonous concoction",gem,"[{""key"":""lvl"",""value"":""1-18""},{""key"":""corrupted"",""value"":false},{""key"":""quality"",""value"":""0""}]",p20,0,0.5
"blazing salvo",gem,"[{""key"":""lvl"",""value"":""1-18""},{""key"":""corrupted"",""value"":false},{""key"":""quality"",""value"":""0""}]",p20,0,0.5
"orb of transmutation",currency,"[]",p20,18,0.03575757575757576
"flame link",gem,"[{""key"":""lvl"",""value"":""1-18""},{""key"":""corrupted"",""value"":false},{""key"":""quality"",""value"":""0""}]",p20,0,0.5
"blood of the karui",unique,"[{""key"":""sixLink"",""value"":false},{""key"":""corrupted"",""value"":false},{""key"":""foilVariation"",""value"":0}]",p20,0,1
"chromatic orb",currency,"[]",p20,0,0.06666666666666667
"glassblower's bauble",currency,"[]",p20,0,0.25
"glassblower's bauble",currency,"[]",p20,9,0.2444444444444444
"glassblower's bauble",currency,"[]",p20,18,0.2388888888888889
"glassblower's bauble",currency,"[]",p20,30,0.2196296296296296
"intrinsic catalyst",currency,"[]",p20,0,0.4
"fracturing shard",currency,"[]",p20,0,2
"chromatic orb",currency,"[]",p20,18,0.06666666666666667
"chromatic orb",currency,"[]",p20,30,0.07282051282051283
"chromatic orb",currency,"[]",p20,100,0.07282051282051283
"chromatic orb",currency,"[]",p20,50,0.07282051282051283
"rive",unique,"[{""key"":""sixLink"",""value"":false},{""key"":""corrupted"",""value"":false},{""key"":""foilVariation"",""value"":0}]",p20,0,0.9
"chromatic orb",currency,"[]",p20,9,0.06666666666666667
"zeel's amplifier",unique,"[{""key"":""sixLink"",""value"":false},{""key"":""corrupted"",""value"":false},{""key"":""foilVariation"",""value"":0}]",p20,0,1
"kondo's pride",unique,"[{""key"":""sixLink"",""value"":false},{""key"":""corrupted"",""value"":false},{""key"":""foilVariation"",""value"":0}]",p20,0,1