"natural hierarchy",unique,"[{""key"":""sixLink"",""value"":false},{""key"":""corrupted"",""value"":true},{""key"":""foilVariation"",""value"":0}]",totalValidListings,0,4
"the druggery",unique,"[{""key"":""sixLink"",""value"":false},{""key"":""corrupted""},{""key"":""foilVariation"",""value"":0}]",p5,0,4.15
"stone of lazhwar",unique,"[{""key"":""sixLink"",""value"":false},{""key"":""corrupted""},{""key"":""foilVariation"",""value"":0}]",p20,0,4.6
"extractor mentis",unique,"[{""key"":""sixLink"",""value"":false},{""key"":""corrupted""},{""key"":""foilVariation"",""value"":0}]",p10,0,4.3
"thief's torment",unique,"[{""key"":""sixLink"",""value"":false},{""key"":""corrupted""},{""key"":""foilVariation"",""value"":0}]",totalValidListings,0,4
"pyroshock clasp",unique,"[{""key"":""sixLink"",""value"":false},{""key"":""corrupted""},{""key"":""foilVariation"",""value"":0}]",totalValidListings,0,4
"algor mortis",unique,"[{""key"":""sixLink"",""value"":false},{""key"":""corrupted""},{""key"":""foilVariation"",""value"":0}]",totalValidListings,0,4
"sidhebreath",unique,"[{""key"":""sixLink"",""value"":false},{""key"":""corrupted""},{""key"":""foilVariation"",""value"":0}]",totalQuantity,0,4
"extractor mentis",unique,"[{""key"":""sixLink"",""value"":false},{""key"":""corrupted""},{""key"":""foilVariation"",""value"":0}]",totalValidListings,0,4
"axiom perpetuum",unique,"[{""key"":""sixLink"",""value"":false},{""key"":""corrupted""},{""key"":""foilVariation"",""value"":0}]",p15,0,2.35
"blackheart",unique,"[{""key"":""sixLink"",""value"":false},{""key"":""corrupted""},{""key"":""foilVariation"",""value"":0}]",totalQuantity,0,4
"natural hierarchy",unique,"[{""key"":""sixLink"",""value"":false},{""key"":""corrupted"",""value"":true},{""key"":""foilVariation"",""value"":0}]",p15,0,4.45
"sidhebreath",unique,"[{""key"":""sixLink"",""value"":false},{""key"":""corrupted""},{""key"":""foilVariation"",""value"":0}]",p5,0,4.15
"thief's torment",unique,"[{""key"":""sixLink"",""value"":false},{""key"":""corrupted""},{""key"":""foilVariation"",""value"":0}]",p5,0,4.15
"prismweave",unique,"[{""key"":""sixLink"",""value"":false},{""key"":""corrupted""},{""key"":""foilVariation"",""value"":0}]",p10,0,2.2
"blackheart",unique,"[{""key"":""sixLink"",""value"":false},{""key"":""corrupted""},{""key"":""foilVariation"",""value"":0}]",totalValidListings,0,4
"goldwyrm",unique,"[{""key"":""sixLink"",""value"":false},{""key"":""corrupted""},{""key"":""foilVariation"",""value"":0}]",p10,0,4.3
"sidhebreath",unique,"[{""key"":""sixLink"",""value"":false},{""key"":""corrupted""},{""key"":""foilVariation"",""value"":0}]",p10,0,4.3
"pyroshock clasp",unique,"[{""key"":""sixLink"",""value"":false},{""key"":""corrupted""},{""key"":""foilVariation"",""value"":0}]",p20,0,2.8
"stone of lazhwar",unique,"[{""key"":""sixLink"",""value"":false},{""key"":""corrupted""},{""key"":""foilVariation"",""value"":0}]",p7,0,4.21
"praxis",unique,"[{""key"":""sixLink"",""value"":false},{""key"":""corrupted""},{""key"":""foilVariation"",""value"":0}]",p5,0,1.45
"gang's momentum",unique,"[{""key"":""sixLink"",""value"":false},{""key"":""corrupted""},{""key"":""foilVariation"",""value"":0}]",p20,0,2.8
"the druggery",unique,"[{""key"":""sixLink"",""value"":false},{""key"":""corrupted""},{""key"":""foilVariation"",""value"":0}]",p20,0,4.6
"the warden's brand",unique,"[{""key"":""sixLink"",""value"":false},{""key"":""corrupted""},{""key"":""foilVariation"",""value"":0}]",totalValidListings,0,4
"pyroshock clasp",unique,"[{""key"":""sixLink"",""value"":false},{""key"":""corrupted""},{""key"":""foilVariation"",""value"":0}]",totalQuantity,0,5
"retaliation charm",unique,"[{""key"":""sixLink"",""value"":false},{""key"":""corrupted""},{""key"":""foilVariation"",""value"":0}]",p15,0,4.45
"painseeker",unique,"[{""key"":""sixLink"",""value"":false},{""key"":""corrupted""},{""key"":""foilVariation"",""value"":0}]",p10,0,4.3
"stone of lazhwar",unique,"[{""key"":""sixLink"",""value"":false},{""key"":""corrupted""},{""key"":""foilVariation"",""value"":0}]",totalQuantity,0,4
"essence worm",unique,"[{""key"":""sixLink"",""value"":false},{""key"":""corrupted""},{""key"":""foilVariation"",""value"":0}]",p15,0,2.8
"victario's flight",unique,"[{""key"":""sixLink"",""value"":false},{""key"":""corrupted""},{""key"":""foilVariation"",""value"":0}]",p5,0,4.15
"pyroshock clasp",unique,"[{""key"":""sixLink"",""value"":false},{""key"":""corrupted""},{""key"":""foilVariation"",""value"":0}]",p7,0,1.63
"gang's momentum",unique,"[{""key"":""sixLink"",""value"":false},{""key"":""corrupted""},{""key"":""foilVariation"",""value"":0}]",p50,0,4.5
"sin trek",unique,"[{""key"":""sixLink"",""value"":false},{""key"":""corrupted""},{""key"":""foilVariation"",""value"":0}]",p50,0,37
"doedre's damning",unique,"[{""key"":""sixLink"",""value"":false},{""key"":""corrupted""},{""key"":""foilVariation"",""value"":0}]",p20,0,43.40000000000001
"wreath of phrecia",unique,"[{""key"":""sixLink"",""value"":false},{""key"":""corrupted""},{""key"":""foilVariation"",""value"":0}]",p5,0,4.15
"painseeker",unique,"[{""key"":""sixLink"",""value"":false},{""key"":""corrupted""},{""key"":""foilVariation"",""value"":0}]",p5,0,4.15
"algor mortis",unique,"[{""key"":""sixLink"",""value"":false},{""key"":""corrupted""},{""key"":""foilVariation"",""value"":0}]",p50,0,37
"algor mortis",unique,"[{""key"":""sixLink"",""value"":false},{""key"":""corrupted""},{""key"":""foilVariation"",""value"":0}]",p15,0,4.45
"algor mortis",unique,"[{""key"":""sixLink"",""value"":false},{""key"":""corrupted""},{""key"":""foilVariation"",""value"":0}]",p20,0,4.6
"wurm's molt",unique,"[{""key"":""sixLink"",""value"":false},{""key"":""corrupted""},{""key"":""foilVariation"",""value"":0}]",p50,0,37
"kaltenhalt",unique,"[{""key"":""sixLink"",""value"":false},{""key"":""corrupted""},{""key"":""foilVariation"",""value"":0}]",p50,0,37
"essence worm",unique,"[{""key"":""sixLink"",""value"":false},{""key"":""corrupted""},{""key"":""foilVariation"",""value"":0}]",p20,0,3.4
"stone of lazhwar",unique,"[{""key"":""sixLink"",""value"":false},{""key"":""corrupted""},{""key"":""foilVariation"",""value"":0}]",totalValidListings,0,4
"malachai's loop",unique,"[{""key"":""sixLink"",""value"":false},{""key"":""corrupted""},{""key"":""foilVariation"",""value"":0}]",p10,0,4.3
"extractor mentis",unique,"[{""key"":""sixLink"",""value"":false},{""key"":""corrupted""},{""key"":""foilVariation"",""value"":0}]",p7,0,4.21
"winterheart",unique,"[{""key"":""sixLink"",""value"":false},{""key"":""corrupted""},{""key"":""foilVariation"",""value"":0}]",totalValidListings,0,4
"sin trek",unique,"[{""key"":""sixLink"",""value"":false},{""key"":""corrupted""},{""key"":""foilVariation"",""value"":0}]",p10,0,4.3
"axiom perpetuum",unique,"[{""key"":""sixLink"",""value"":false},{""key"":""corrupted""},{""key"":""foilVariation"",""value"":0}]",p7,0,1.63
"doedre's scorn",unique,"[{""key"":""sixLink"",""value"":false},{""key"":""corrupted""},{""key"":""foilVariation"",""value"":0}]",p10,0,4.3
"axiom perpetuum",unique,"[{""key"":""sixLink"",""value"":false},{""key"":""corrupted""},{""key"":""foilVariation"",""value"":0}]",p10,0,1.9
"gifts from above",unique,"[{""key"":""sixLink"",""value"":false},{""key"":""corrupted""},{""key"":""foilVariation"",""value"":0}]",p50,0,37
"sidhebreath",unique,"[{""key"":""sixLink"",""value"":false},{""key"":""corrupted""},{""key"":""foilVariation"",""value"":0}]",p7,0,4.21
"retaliation charm",unique,"[{""key"":""sixLink"",""value"":false},{""key"":""corrupted""},{""key"":""foilVariation"",""value"":0}]",p7,0,4.21
"wreath of phrecia",unique,"[{""key"":""sixLink"",""value"":false},{""key"":""corrupted""},{""key"":""foilVariation"",""value"":0}]",p7,0,4.21
"algor mortis",unique,"[{""key"":""sixLink"",""value"":false},{""key"":""corrupted""},{""key"":""foilVariation"",""value"":0}]",p10,0,4.3
"retaliation charm",unique,"[{""key"":""sixLink"",""value"":false},{""key"":""corrupted""},{""key"":""foilVariation"",""value"":0}]",p5,0,4.15
"stone of lazhwar",unique,"[{""key"":""sixLink"",""value"":false},{""key"":""corrupted""},{""key"":""foilVariation"",""value"":0}]",p50,0,37
"rise of the phoenix",unique,"[{""key"":""sixLink"",""value"":false},{""key"":""corrupted""},{""key"":""foilVariation"",""value"":0}]",p50,0,37
"lightbane raiment",unique,"[{""key"":""sixLink"",""value"":false},{""key"":""corrupted""},{""key"":""foilVariation"",""value"":0}]",p7,0,4.21
"sidhebreath",unique,"[{""key"":""sixLink"",""value"":false},{""key"":""corrupted""},{""key"":""foilVariation"",""value"":0}]",p15,0,4.45
"natural hierarchy",unique,"[{""key"":""sixLink"",""value"":false},{""key"":""corrupted"",""value"":true},{""key"":""foilVariation"",""value"":0}]",totalQuantity,0,4
"goldwyrm",unique,"[{""key"":""sixLink"",""value"":false},{""key"":""corrupted""},{""key"":""foilVariation"",""value"":0}]",p50,0,37
"the druggery",unique,"[{""key"":""sixLink"",""value"":false},{""key"":""corrupted""},{""key"":""foilVariation"",""value"":0}]",totalQuantity,0,7
"sin trek",unique,"[{""key"":""sixLink"",""value"":false},{""key"":""corrupted""},{""key"":""foilVariation"",""value"":0}]",p7,0,4.21
"retaliation charm",unique,"[{""key"":""sixLink"",""value"":false},{""key"":""corrupted""},{""key"":""foilVariation"",""value"":0}]",p50,0,37
"the anvil",unique,"[{""key"":""sixLink"",""value"":false},{""key"":""corrupted""},{""key"":""foilVariation"",""value"":0}]",p5,0,4.15
"the anvil",unique,"[{""key"":""sixLink"",""value"":false},{""key"":""corrupted""},{""key"":""foilVariation"",""value"":0}]",p20,0,4.6
"stone of lazhwar",unique,"[{""key"":""sixLink"",""value"":false},{""key"":""corrupted""},{""key"":""foilVariation"",""value"":0}]",p5,0,4.15
"wurm's molt",unique,"[{""key"":""sixLink"",""value"":false},{""key"":""corrupted""},{""key"":""foilVariation"",""value"":0}]",p7,0,4.21
"sin trek",unique,"[{""key"":""sixLink"",""value"":false},{""key"":""corrupted""},{""key"":""foilVariation"",""value"":0}]",p5,0,4.15
"doedre's damning",unique,"[{""key"":""sixLink"",""value"":false},{""key"":""corrupted""},{""key"":""foilVariation"",""value"":0}]",totalValidListings,0,4
"winterheart",unique,"[{""key"":""sixLink"",""value"":false},{""key"":""corrupted""},{""key"":""foilVariation"",""value"":0}]",p5,0,4.15
"the anvil",unique,"[{""key"":""sixLink"",""value"":false},{""key"":""corrupted""},{""key"":""foilVariation"",""value"":0}]",p15,0,4.45
"extractor mentis",unique,"[{""key"":""sixLink"",""value"":false},{""key"":""corrupted""},{""key"":""foilVariation"",""value"":0}]",p20,0,4.6
"stone of lazhwar",unique,"[{""key"":""sixLink"",""value"":false},{""key"":""corrupted""},{""key"":""foilVariation"",""value"":0}]",p10,0,4.3
"rat's nest",unique,"[{""key"":""sixLink"",""value"":false},{""key"":""corrupted""},{""key"":""foilVariation"",""value"":0}]",p5,0,4.15
"gang's momentum",unique,"[{""key"":""sixLink"",""value"":false},{""key"":""corrupted""},{""key"":""foilVariation"",""value"":0}]",totalValidListings,0,4
"victario's flight",unique,"[{""key"":""sixLink"",""value"":false},{""key"":""corrupted""},{""key"":""foilVariation"",""value"":0}]",p20,0,4.6
"araku tiki",unique,"[{""key"":""sixLink"",""value"":false},{""key"":""corrupted""},{""key"":""foilVariation"",""value"":0}]",p10,0,4.3
"wreath of phrecia",unique,"[{""key"":""sixLink"",""value"":false},{""key"":""corrupted""},{""key"":""foilVariation"",""value"":0}]",p15,0,4.45
"the warden's brand",unique,"[{""key"":""sixLink"",""value"":false},{""key"":""corrupted""},{""key"":""foilVariation"",""value"":0}]",totalQuantity,0,4
"rise of the phoenix",unique,"[{""key"":""sixLink"",""value"":false},{""key"":""corrupted""},{""key"":""foilVariation"",""value"":0}]",totalValidListings,0,4
"the ghastly theatre",unique,"[{""key"":""sixLink"",""value"":false},{""key"":""corrupted""},{""key"":""foilVariation"",""value"":0}]",p50,0,4.5
"the ghastly theatre",unique,"[{""key"":""sixLink"",""value"":false},{""key"":""corrupted""},{""key"":""foilVariation"",""value"":0}]",p5,0,1.45
"winterheart",unique,"[{""key"":""sixLink"",""value"":false},{""key"":""corrupted""},{""key"":""foilVariation"",""value"":0}]",p10,0,4.3
"the ignomon",unique,"[{""key"":""sixLink"",""value"":false},{""key"":""corrupted""},{""key"":""foilVariation"",""value"":0}]",totalValidListings,0,4
"winterheart",unique,"[{""key"":""sixLink"",""value"":false},{""key"":""corrupted""},{""key"":""foilVariation"",""value"":0}]",p50,0,37
"essence worm",unique,"[{""key"":""sixLink"",""value"":false},{""key"":""corrupted""},{""key"":""foilVariation"",""value"":0}]",p10,0,2.2
"natural hierarchy",unique,"[{""key"":""sixLink"",""value"":false},{""key"":""corrupted"",""value"":true},{""key"":""foilVariation"",""value"":0}]",p7,0,4.21
"rat's nest",unique,"[{""key"":""sixLink"",""value"":false},{""key"":""corrupted""},{""key"":""foilVariation"",""value"":0}]",p10,0,4.3
"doedre's damning",unique,"[{""key"":""sixLink"",""value"":false},{""key"":""corrupted""},{""key"":""foilVariation"",""value"":0}]",p50,0,69
"rise of the phoenix",unique,"[{""key"":""sixLink"",""value"":false},{""key"":""corrupted""},{""key"":""foilVariation"",""value"":0}]",p7,0,4.21
"victario's flight",unique,"[{""key"":""sixLink"",""value"":false},{""key"":""corrupted""},{""key"":""foilVariation"",""value"":0}]",p15,0,4.45
"wreath of phrecia",unique,"[{""key"":""sixLink"",""value"":false},{""key"":""corrupted""},{""key"":""foilVariation"",""value"":0}]",totalQuantity,0,4
"blackheart",unique,"[{""key"":""sixLink"",""value"":false},{""key"":""corrupted""},{""key"":""foilVariation"",""value"":0}]",p15,0,2.8
"araku tiki",unique,"[{""key"":""sixLink"",""value"":false},{""key"":""corrupted""},{""key"":""foilVariation"",""value"":0}]",p50,0,37
"the anvil",unique,"[{""key"":""sixLink"",""value"":false},{""key"":""corrupted""},{""key"":""foilVariation"",""value"":0}]",totalQuantity,0,4
"algor mortis",unique,"[{""key"":""sixLink"",""value"":false},{""key"":""corrupted""},{""key"":""foilVariation"",""value"":0}]",p5,0,4.15
"malachai's loop",unique,"[{""key"":""sixLink"",""value"":false},{""key"":""corrupted""},{""key"":""foilVariation"",""value"":0}]",p50,0,37
"the anvil",unique,"[{""key"":""sixLink"",""value"":false},{""key"":""corrupted""},{""key"":""foilVariation"",""value"":0}]",totalValidListings,0,4
"victario's flight",unique,"[{""key"":""sixLink"",""value"":false},{""key"":""corrupted""},{""key"":""foilVariation"",""value"":0}]",p50,0,37
"goldwyrm",unique,"[{""key"":""sixLink"",""value"":false},{""key"":""corrupted""},{""key"":""foilVariation"",""value"":0}]",totalValidListings,0,4
"kaltenhalt",unique,"[{""key"":""sixLink"",""value"":false},{""key"":""corrupted""},{""key"":""foilVariation"",""value"":0}]",totalQuantity,0,4
"doedre's scorn",unique,"[{""key"":""sixLink"",""value"":false},{""key"":""corrupted""},{""key"":""foilVariation"",""value"":0}]",p5,0,4.15
"victario's flight",unique,"[{""key"":""sixLink"",""value"":false},{""key"":""corrupted""},{""key"":""foilVariation"",""value"":0}]",p7,0,4.21
"sidhebreath",unique,"[{""key"":""sixLink"",""value"":false},{""key"":""corrupted""},{""key"":""foilVariation"",""value"":0}]",p50,0,37
"extractor mentis",unique,"[{""key"":""sixLink"",""value"":false},{""key"":""corrupted""},{""key"":""foilVariation"",""value"":0}]",p15,0,4.45
"painseeker",unique,"[{""key"":""sixLink"",""value"":false},{""key"":""corrupted""},{""key"":""foilVariation"",""value"":0}]",p7,0,4.21
"gifts from above",unique,"[{""key"":""sixLink"",""value"":false},{""key"":""corrupted""},{""key"":""foilVariation"",""value"":0}]",p5,0,4.15
"wurm's molt",unique,"[{""key"":""sixLink"",""value"":false},{""key"":""corrupted""},{""key"":""foilVariation"",""value"":0}]",totalValidListings,0,4
"natural hierarchy",unique,"[{""key"":""sixLink"",""value"":false},{""key"":""corrupted"",""value"":true},{""key"":""foilVariation"",""value"":0}]",p10,0,4.3
"rat's nest",unique,"[{""key"":""sixLink"",""value"":false},{""key"":""corrupted""},{""key"":""foilVariation"",""value"":0}]",p20,0,4.6
"axiom perpetuum",unique,"[{""key"":""sixLink"",""value"":false},{""key"":""corrupted""},{""key"":""foilVariation"",""value"":0}]",totalQuantity,0,4
"wurm's molt",unique,"[{""key"":""sixLink"",""value"":false},{""key"":""corrupted""},{""key"":""foilVariation"",""value"":0}]",p20,0,4.6
"prismweave",unique,"[{""key"":""sixLink"",""value"":false},{""key"":""corrupted""},{""key"":""foilVariation"",""value"":0}]",p50,0,37
"gang's momentum",unique,"[{""key"":""sixLink"",""value"":false},{""key"":""corrupted""},{""key"":""foilVariation"",""value"":0}]",p10,0,1.9
"axiom perpetuum",unique,"[{""key"":""sixLink"",""value"":false},{""key"":""corrupted""},{""key"":""foilVariation"",""value"":0}]",totalValidListings,0,4
"rat's nest",unique,"[{""key"":""sixLink"",""value"":false},{""key"":""corrupted""},{""key"":""foilVariation"",""value"":0}]",p7,0,4.21
"wreath of phrecia",unique,"[{""key"":""sixLink"",""value"":false},{""key"":""corrupted""},{""key"":""foilVariation"",""value"":0}]",totalValidListings,0,4
"lightbane raiment",unique,"[{""key"":""sixLink"",""value"":false},{""key"":""corrupted""},{""key"":""foilVariation"",""value"":0}]",p20,0,4.6
"wurm's molt",unique,"[{""key"":""sixLink"",""value"":false},{""key"":""corrupted""},{""key"":""foilVariation"",""value"":0}]",p15,0,4.45
"gang's momentum",unique,"[{""key"":""sixLink"",""value"":false},{""key"":""corrupted""},{""key"":""foilVariation"",""value"":0}]",p5,0,1.45
"araku tiki",unique,"[{""key"":""sixLink"",""value"":false},{""key"":""corrupted""},{""key"":""foilVariation"",""value"":0}]",p7,0,4.21
"lightbane raiment",unique,"[{""key"":""sixLink"",""value"":false},{""key"":""corrupted""},{""key"":""foilVariation"",""value"":0}]",p5,0,4.15
"perandus blazon",unique,"[{""key"":""sixLink"",""value"":false},{""key"":""corrupted""},{""key"":""foilVariation"",""value"":0}]",totalValidListings,0,4
"the ignomon",unique,"[{""key"":""sixLink"",""value"":false},{""key"":""corrupted""},{""key"":""foilVariation"",""value"":0}]",p10,0,2.2
"the ignomon",unique,"[{""key"":""sixLink"",""value"":false},{""key"":""corrupted""},{""key"":""foilVariation"",""value"":0}]",p50,0,37
"extractor mentis",unique,"[{""key"":""sixLink"",""value"":false},{""key"":""corrupted""},{""key"":""foilVariation"",""value"":0}]",totalQuantity,0,4
"thief's torment",unique,"[{""key"":""sixLink"",""value"":false},{""key"":""corrupted""},{""key"":""foilVariation"",""value"":0}]",p20,0,4.6
"gifts from above",unique,"[{""key"":""sixLink"",""value"":false},{""key"":""corrupted""},{""key"":""foilVariation"",""value"":0}]",totalValidListings,0,4
"gang's momentum",unique,"[{""key"":""sixLink"",""value"":false},{""key"":""corrupted""},{""key"":""foilVariation"",""value"":0}]",p15,0,2.35
"painseeker",unique,"[{""key"":""sixLink"",""value"":false},{""key"":""corrupted""},{""key"":""foilVariation"",""value"":0}]",p15,0,4.45
"essence worm",unique,"[{""key"":""sixLink"",""value"":false},{""key"":""corrupted""},{""key"":""foilVariation"",""value"":0}]",totalQuantity,0,5
"empire's grasp",unique,"[{""key"":""sixLink"",""value"":false},{""key"":""corrupted""},{""key"":""foilVariation"",""value"":0}]",p15,0,4.45
"painseeker",unique,"[{""key"":""sixLink"",""value"":false},{""key"":""corrupted""},{""key"":""foilVariation"",""value"":0}]",p50,0,37
"painseeker",unique,"[{""key"":""sixLink"",""value"":false},{""key"":""corrupted""},{""key"":""foilVariation"",""value"":0}]",totalValidListings,0,4
"axiom perpetuum",unique,"[{""key"":""sixLink"",""value"":false},{""key"":""corrupted""},{""key"":""foilVariation"",""value"":0}]",p20,0,2.8
"rise of the phoenix",unique,"[{""key"":""sixLink"",""value"":false},{""key"":""corrupted""},{""key"":""foilVariation"",""value"":0}]",p20,0,4.6
"gang's momentum",unique,"[{""key"":""sixLink"",""value"":false},{""key"":""corrupted""},{""key"":""foilVariation"",""value"":0}]",totalQuantity,0,4
"araku tiki",unique,"[{""key"":""sixLink"",""value"":false},{""key"":""corrupted""},{""key"":""foilVariation"",""value"":0}]",p5,0,4.15
"malachai's loop",unique,"[{""key"":""sixLink"",""value"":false},{""key"":""corrupted""},{""key"":""foilVariation"",""value"":0}]",p15,0,4.45
"doedre's damning",unique,"[{""key"":""sixLink"",""value"":false},{""key"":""corrupted""},{""key"":""foilVariation"",""value"":0}]",totalQuantity,0,4
"lightbane raiment",unique,"[{""key"":""sixLink"",""value"":false},{""key"":""corrupted""},{""key"":""foilVariation"",""value"":0}]",p50,0,37
"sin trek",unique,"[{""key"":""sixLink"",""value"":false},{""key"":""corrupted""},{""key"":""foilVariation"",""value"":0}]",totalQuantity,0,4
"prismweave",unique,"[{""key"":""sixLink"",""value"":false},{""key"":""corrupted""},{""key"":""foilVariation"",""value"":0}]",totalQuantity,0,5
"thief's torment",unique,"[{""key"":""sixLink"",""value"":false},{""key"":""corrupted""},{""key"":""foilVariation"",""value"":0}]",totalQuantity,0,4
"gifts from above",unique,"[{""key"":""sixLink"",""value"":false},{""key"":""corrupted""},{""key"":""foilVariation"",""value"":0}]",p20,0,4.6
"doedre's damning",unique,"[{""key"":""sixLink"",""value"":false},{""key"":""corrupted""},{""key"":""foilVariation"",""value"":0}]",p10,0,24.2
"the ghastly theatre",unique,"[{""key"":""sixLink"",""value"":false},{""key"":""corrupted""},{""key"":""foilVariation"",""value"":0}]",p10,0,1.9
"goldwyrm",unique,"[{""key"":""sixLink"",""value"":false},{""key"":""corrupted""},{""key"":""foilVariation"",""value"":0}]",p7,0,4.21
"lightbane raiment",unique,"[{""key"":""sixLink"",""value"":false},{""key"":""corrupted""},{""key"":""foilVariation"",""value"":0}]",totalValidListings,0,4
"malachai's loop",unique,"[{""key"":""sixLink"",""value"":false},{""key"":""corrupted""},{""key"":""foilVariation"",""value"":0}]",totalQuantity,0,4
"retaliation charm",unique,"[{""key"":""sixLink"",""value"":false},{""key"":""corrupted""},{""key"":""foilVariation"",""value"":0}]",p20,0,4.6
"the anvil",unique,"[{""key"":""sixLink"",""value"":false},{""key"":""corrupted""},{""key"":""foilVariation"",""value"":0}]",p10,0,4.3
"natural hierarchy",unique,"[{""key"":""sixLink"",""value"":false},{""key"":""corrupted"",""value"":true},{""key"":""foilVariation"",""value"":0}]",p5,0,4.15
"the anvil",unique,"[{""key"":""sixLink"",""value"":false},{""key"":""corrupted""},{""key"":""foilVariation"",""value"":0}]",p7,0,4.21
"wurm's molt",unique,"[{""key"":""sixLink"",""value"":false},{""key"":""corrupted""},{""key"":""foilVariation"",""value"":0}]",totalQuantity,0,5
"empire's grasp",unique,"[{""key"":""sixLink"",""value"":false},{""key"":""corrupted""},{""key"":""foilVariation"",""value"":0}]",totalValidListings,0,4
"the ghastly theatre",unique,"[{""key"":""sixLink"",""value"":false},{""key"":""corrupted""},{""key"":""foilVariation"",""value"":0}]",p15,0,2.35
"prismweave",unique,"[{""key"":""sixLink"",""value"":false},{""key"":""corrupted""},{""key"":""foilVariation"",""value"":0}]",p7,0,1.84
"retaliation charm",unique,"[{""key"":""sixLink"",""value"":false},{""key"":""corrupted""},{""key"":""foilVariation"",""value"":0}]",totalQuantity,0,4
"goldwyrm",unique,"[{""key"":""sixLink"",""value"":false},{""key"":""corrupted""},{""key"":""foilVariation"",""value"":0}]",p5,0,4.15
"praxis",unique,"[{""key"":""sixLink"",""value"":false},{""key"":""corrupted""},{""key"":""foilVariation"",""value"":0}]",totalValidListings,0,4
"the ignomon",unique,"[{""key"":""sixLink"",""value"":false},{""key"":""corrupted""},{""key"":""foilVariation"",""value"":0}]",p5,0,1.6
"araku tiki",unique,"[{""key"":""sixLink"",""value"":false},{""key"":""corrupted""},{""key"":""foilVariation"",""value"":0}]",p15,0,4.45
"doedre's damning",unique,"[{""key"":""sixLink"",""value"":false},{""key"":""corrupted""},{""key"":""foilVariation"",""value"":0}]",p15,0,33.8
"pyroshock clasp",unique,"[{""key"":""sixLink"",""value"":false},{""key"":""corrupted""},{""key"":""foilVariation"",""value"":0}]",p10,0,1.9
"kaltenhalt",unique,"[{""key"":""sixLink"",""value"":false},{""key"":""corrupted""},{""key"":""foilVariation"",""value"":0}]",p5,0,4.15
"pyroshock clasp",unique,"[{""key"":""sixLink"",""value"":false},{""key"":""corrupted""},{""key"":""foilVariation"",""value"":0}]",p15,0,2.35
"axiom perpetuum",unique,"[{""key"":""sixLink"",""value"":false},{""key"":""corrupted""},{""key"":""foilVariation"",""value"":0}]",p5,0,1.45
"empire's grasp",unique,"[{""key"":""sixLink"",""value"":false},{""key"":""corrupted""},{""key"":""foilVariation"",""value"":0}]",p50,0,37
"retaliation charm",unique,"[{""key"":""sixLink"",""value"":false},{""key"":""corrupted""},{""key"":""foilVariation"",""value"":0}]",p10,0,4.3
"sin trek",unique,"[{""key"":""sixLink"",""value"":false},{""key"":""corrupted""},{""key"":""foilVariation"",""value"":0}]",p20,0,4.6
"the druggery",unique,"[{""key"":""sixLink"",""value"":false},{""key"":""corrupted""},{""key"":""foilVariation"",""value"":0}]",p7,0,4.21
"sidhebreath",unique,"[{""key"":""sixLink"",""value"":false},{""key"":""corrupted""},{""key"":""foilVariation"",""value"":0}]",totalValidListings,0,4
"prismweave",unique,"[{""key"":""sixLink"",""value"":false},{""key"":""corrupted""},{""key"":""foilVariation"",""value"":0}]",totalValidListings,0,4
"gifts from above",unique,"[{""key"":""sixLink"",""value"":false},{""key"":""corrupted""},{""key"":""foilVariation"",""value"":0}]",p15,0,4.45
"the warden's brand",unique,"[{""key"":""sixLink"",""value"":false},{""key"":""corrupted""},{""key"":""foilVariation"",""value"":0}]",p50,0,69
"victario's flight",unique,"[{""key"":""sixLink"",""value"":false},{""key"":""corrupted""},{""key"":""foilVariation"",""value"":0}]",totalQuantity,0,4
"wreath of phrecia",unique,"[{""key"":""sixLink"",""value"":false},{""key"":""corrupted""},{""key"":""foilVariation"",""value"":0}]",p50,0,37
"extractor mentis",unique,"[{""key"":""sixLink"",""value"":false},{""key"":""corrupted""},{""key"":""foilVariation"",""value"":0}]",p5,0,4.15
"lightbane raiment",unique,"[{""key"":""sixLink"",""value"":false},{""key"":""corrupted""},{""key"":""foilVariation"",""value"":0}]",p10,0,4.3
"extractor mentis",unique,"[{""key"":""sixLink"",""value"":false},{""key"":""corrupted""},{""key"":""foilVariation"",""value"":0}]",p50,0,37
"thief's torment",unique,"[{""key"":""sixLink"",""value"":false},{""key"":""corrupted""},{""key"":""foilVariation"",""value"":0}]",p7,0,4.21
"essence worm",unique,"[{""key"":""sixLink"",""value"":false},{""key"":""corrupted""},{""key"":""foilVariation"",""value"":0}]",p5,0,1.6
"prismweave",unique,"[{""key"":""sixLink"",""value"":false},{""key"":""corrupted""},{""key"":""foilVariation"",""value"":0}]",p15,0,2.8
"prismweave",unique,"[{""key"":""sixLink"",""value"":false},{""key"":""corrupted""},{""key"":""foilVariation"",""value"":0}]",p5,0,1.6
"rat's nest",unique,"[{""key"":""sixLink"",""value"":false},{""key"":""corrupted""},{""key"":""foilVariation"",""value"":0}]",totalValidListings,0,4
"rat's nest",unique,"[{""key"":""sixLink"",""value"":false},{""key"":""corrupted""},{""key"":""foilVariation"",""value"":0}]",totalQuantity,0,4
"thief's torment",unique,"[{""key"":""sixLink"",""value"":false},{""key"":""corrupted""},{""key"":""foilVariation"",""value"":0}]",p15,0,4.45
"empire's grasp",unique,"[{""key"":""sixLink"",""value"":false},{""key"":""corrupted""},{""key"":""foilVariation"",""value"":0}]",p7,0,4.21
"wreath of phrecia",unique,"[{""key"":""sixLink"",""value"":false},{""key"":""corrupted""},{""key"":""foilVariation"",""value"":0}]",p10,0,4.3
"the ghastly theatre",unique,"[{""key"":""sixLink"",""value"":false},{""key"":""corrupted""},{""key"":""foilVariation"",""value"":0}]",p7,0,1.63
"winterheart",unique,"[{""key"":""sixLink"",""value"":false},{""key"":""corrupted""},{""key"":""foilVariation"",""value"":0}]",p15,0,4.45
"rise of the phoenix",unique,"[{""key"":""sixLink"",""value"":false},{""key"":""corrupted""},{""key"":""foilVariation"",""value"":0}]",p15,0,4.45
"praxis",unique,"[{""key"":""sixLink"",""value"":false},{""key"":""corrupted""},{""key"":""foilVariation"",""value"":0}]",p20,0,2.8
"doedre's damning",unique,"[{""key"":""sixLink"",""value"":false},{""key"":""corrupted""},{""key"":""foilVariation"",""value"":0}]",p7,0,18.44
"rat's nest",unique,"[{""key"":""sixLink"",""value"":false},{""key"":""corrupted""},{""key"":""foilVariation"",""value"":0}]",p50,0,37
"sin trek",unique,"[{""key"":""sixLink"",""value"":false},{""key"":""corrupted""},{""key"":""foilVariation"",""value"":0}]",p15,0,4.45
"blackheart",unique,"[{""key"":""sixLink"",""value"":false},{""key"":""corrupted""},{""key"":""foilVariation"",""value"":0}]",p5,0,1.6
"perandus blazon",unique,"[{""key"":""sixLink"",""value"":false},{""key"":""corrupted""},{""key"":""foilVariation"",""value"":0}]",p50,0,37
"prismweave",unique,"[{""key"":""sixLink"",""value"":false},{""key"":""corrupted""},{""key"":""foilVariation"",""value"":0}]",p20,0,3.4
"the warden's brand",unique,"[{""key"":""sixLink"",""value"":false},{""key"":""corrupted""},{""key"":""foilVariation"",""value"":0}]",p15,0,33.8
"praxis",unique,"[{""key"":""sixLink"",""value"":false},{""key"":""corrupted""},{""key"":""foilVariation"",""value"":0}]",p15,0,2.35
"gifts from above",unique,"[{""key"":""sixLink"",""value"":false},{""key"":""corrupted""},{""key"":""foilVariation"",""value"":0}]",p10,0,4.3
"doedre's scorn",unique,"[{""key"":""sixLink"",""value"":false},{""key"":""corrupted""},{""key"":""foilVariation"",""value"":0}]",totalValidListings,0,4
"blackheart",unique,"[{""key"":""sixLink"",""value"":false},{""key"":""corrupted""},{""key"":""foilVariation"",""value"":0}]",p7,0,1.84
"rat's nest",unique,"[{""key"":""sixLink"",""value"":false},{""key"":""corrupted""},{""key"":""foilVariation"",""value"":0}]",p15,0,4.45
"the anvil",unique,"[{""key"":""sixLink"",""value"":false},{""key"":""corrupted""},{""key"":""foilVariation"",""value"":0}]",p50,0,37
"the ignomon",unique,"[{""key"":""sixLink"",""value"":false},{""key"":""corrupted""},{""key"":""foilVariation"",""value"":0}]",p7,0,1.84
"essence worm",unique,"[{""key"":""sixLink"",""value"":false},{""key"":""corrupted""},{""key"":""foilVariation"",""value"":0}]",p7,0,1.84
"the ghastly theatre",unique,"[{""key"":""sixLink"",""value"":false},{""key"":""corrupted""},{""key"":""foilVariation"",""value"":0}]",totalQuantity,0,4
"the ignomon",unique,"[{""key"":""sixLink"",""value"":false},{""key"":""corrupted""},{""key"":""foilVariation"",""value"":0}]",p15,0,2.8
"praxis",unique,"[{""key"":""sixLink"",""value"":false},{""key"":""corrupted""},{""key"":""foilVariation"",""value"":0}]",p10,0,1.9
"doedre's scorn",unique,"[{""key"":""sixLink"",""value"":false},{""key"":""corrupted""},{""key"":""foilVariation"",""value"":0}]",p7,0,4.21
"blackheart",unique,"[{""key"":""sixLink"",""value"":false},{""key"":""corrupted""},{""key"":""foilVariation"",""value"":0}]",p10,0,2.2
"malachai's loop",unique,"[{""key"":""sixLink"",""value"":false},{""key"":""corrupted""},{""key"":""foilVariation"",""value"":0}]",p5,0,4.15
"kaltenhalt",unique,"[{""key"":""sixLink"",""value"":false},{""key"":""corrupted""},{""key"":""foilVariation"",""value"":0}]",p15,0,4.45
"malachai's loop",unique,"[{""key"":""sixLink"",""value"":false},{""key"":""corrupted""},{""key"":""foilVariation"",""value"":0}]",totalValidListings,0,4
"lightbane raiment",unique,"[{""key"":""sixLink"",""value"":false},{""key"":""corrupted""},{""key"":""foilVariation"",""value"":0}]",totalQuantity,0,4
"gifts from above",unique,"[{""key"":""sixLink"",""value"":false},{""key"":""corrupted""},{""key"":""foilVariation"",""value"":0}]",totalQuantity,0,4
"sidhebreath",unique,"[{""key"":""sixLink"",""value"":false},{""key"":""corrupted""},{""key"":""foilVariation"",""value"":0}]",p20,0,4.6
"araku tiki",unique,"[{""key"":""sixLink"",""value"":false},{""key"":""corrupted""},{""key"":""foilVariation"",""value"":0}]",p20,0,4.6
"empire's grasp",unique,"[{""key"":""sixLink"",""value"":false},{""key"":""corrupted""},{""key"":""foilVariation"",""value"":0}]",p5,0,4.15
"sin trek",unique,"[{""key"":""sixLink"",""value"":false},{""key"":""corrupted""},{""key"":""foilVariation"",""value"":0}]",totalValidListings,0,4
"kaltenhalt",unique,"[{""key"":""sixLink"",""value"":false},{""key"":""corrupted""},{""key"":""foilVariation"",""value"":0}]",p10,0,4.3
"the druggery",unique,"[{""key"":""sixLink"",""value"":false},{""key"":""corrupted""},{""key"":""foilVariation"",""value"":0}]",totalValidListings,0,4
"thief's torment",unique,"[{""key"":""sixLink"",""value"":false},{""key"":""corrupted""},{""key"":""foilVariation"",""value"":0}]",p10,0,4.3
"empire's grasp",unique,"[{""key"":""sixLink"",""value"":false},{""key"":""corrupted""},{""key"":""foilVariation"",""value"":0}]",totalQuantity,0,4
"goldwyrm",unique,"[{""key"":""sixLink"",""value"":false},{""key"":""corrupted""},{""key"":""foilVariation"",""value"":0}]",totalQuantity,0,5
"essence worm",unique,"[{""key"":""sixLink"",""value"":false},{""key"":""corrupted""},{""key"":""foilVariation"",""value"":0}]",p50,0,37
"the ignomon",unique,"[{""key"":""sixLink"",""value"":false},{""key"":""corrupted""},{""key"":""foilVariation"",""value"":0}]",p20,0,3.4
"kaltenhalt",unique,"[{""key"":""sixLink"",""value"":false},{""key"":""corrupted""},{""key"":""foilVariation"",""value"":0}]",totalValidListings,0,4
"the ghastly theatre",unique,"[{""key"":""sixLink"",""value"":false},{""key"":""corrupted""},{""key"":""foilVariation"",""value"":0}]",p20,0,2.8
"perandus blazon",unique,"[{""key"":""sixLink"",""value"":false},{""key"":""corrupted""},{""key"":""foilVariation"",""value"":0}]",p5,0,4.15
"gang's momentum",unique,"[{""key"":""sixLink"",""value"":false},{""key"":""corrupted""},{""key"":""foilVariation"",""value"":0}]",p7,0,1.63
"pyroshock clasp",unique,"[{""key"":""sixLink"",""value"":false},{""key"":""corrupted""},{""key"":""foilVariation"",""value"":0}]",p5,0,1.45
"perandus blazon",unique,"[{""key"":""sixLink"",""value"":false},{""key"":""corrupted""},{""key"":""foilVariation"",""value"":0}]",p20,0,4.6
"victario's flight",unique,"[{""key"":""sixLink"",""value"":false},{""key"":""corrupted""},{""key"":""foilVariation"",""value"":0}]",totalValidListings,0,4
"blackheart",unique,"[{""key"":""sixLink"",""value"":false},{""key"":""corrupted""},{""key"":""foilVariation"",""value"":0}]",p50,0,37
"rise of the phoenix",unique,"[{""key"":""sixLink"",""value"":false},{""key"":""corrupted""},{""key"":""foilVariation"",""value"":0}]",p5,0,4.15
"araku tiki",unique,"[{""key"":""sixLink"",""value"":false},{""key"":""corrupted""},{""key"":""foilVariation"",""value"":0}]",totalQuantity,0,4
"doedre's scorn",unique,"[{""key"":""sixLink"",""value"":false},{""key"":""corrupted""},{""key"":""foilVariation"",""value"":0}]",p20,0,4.6
"retaliation charm",unique,"[{""key"":""sixLink"",""value"":false},{""key"":""corrupted""},{""key"":""foilVariation"",""value"":0}]",totalValidListings,0,4
"araku tiki",unique,"[{""key"":""sixLink"",""value"":false},{""key"":""corrupted""},{""key"":""foilVariation"",""value"":0}]",totalValidListings,0,4
"stone of lazhwar",unique,"[{""key"":""sixLink"",""value"":false},{""key"":""corrupted""},{""key"":""foilVariation"",""value"":0}]",p15,0,4.45
"empire's grasp",unique,"[{""key"":""sixLink"",""value"":false},{""key"":""corrupted""},{""key"":""foilVariation"",""value"":0}]",p20,0,4.6
"algor mortis",unique,"[{""key"":""sixLink"",""value"":false},{""key"":""corrupted""},{""key"":""foilVariation"",""value"":0}]",p7,0,4.21
"empire's grasp",unique,"[{""key"":""sixLink"",""value"":false},{""key"":""corrupted""},{""key"":""foilVariation"",""value"":0}]",p10,0,4.3
"the warden's brand",unique,"[{""key"":""sixLink"",""value"":false},{""key"":""corrupted""},{""key"":""foilVariation"",""value"":0}]",p10,0,24.2
"natural hierarchy",unique,"[{""key"":""sixLink"",""value"":false},{""key"":""corrupted"",""value"":true},{""key"":""foilVariation"",""value"":0}]",p20,0,4.6
"the druggery",unique,"[{""key"":""sixLink"",""value"":false},{""key"":""corrupted""},{""key"":""foilVariation"",""value"":0}]",p15,0,4.45
"praxis",unique,"[{""key"":""sixLink"",""value"":false},{""key"":""corrupted""},{""key"":""foilVariation"",""value"":0}]",p50,0,4.5
"natural hierarchy",unique,"[{""key"":""sixLink"",""value"":false},{""key"":""corrupted"",""value"":true},{""key"":""foilVariation"",""value"":0}]",p50,0,37
"gifts from above",unique,"[{""key"":""sixLink"",""value"":false},{""key"":""corrupted""},{""key"":""foilVariation"",""value"":0}]",p7,0,4.21
"praxis",unique,"[{""key"":""sixLink"",""value"":false},{""key"":""corrupted""},{""key"":""foilVariation"",""value"":0}]",p7,0,1.63
"the warden's brand",unique,"[{""key"":""sixLink"",""value"":false},{""key"":""corrupted""},{""key"":""foilVariation"",""value"":0}]",p7,0,18.44
"winterheart",unique,"[{""key"":""sixLink"",""value"":false},{""key"":""corrupted""},{""key"":""foilVariation"",""value"":0}]",p7,0,4.21
"the druggery",unique,"[{""key"":""sixLink"",""value"":false},{""key"":""corrupted""},{""key"":""foilVariation"",""value"":0}]",p10,0,4.3
"malachai's loop",unique,"[{""key"":""sixLink"",""value"":false},{""key"":""corrupted""},{""key"":""foilVariation"",""value"":0}]",p20,0,4.6
"perandus blazon",unique,"[{""key"":""sixLink"",""value"":false},{""key"":""corrupted""},{""key"":""foilVariation"",""value"":0}]",p15,0,4.45
"praxis",unique,"[{""key"":""sixLink"",""value"":false},{""key"":""corrupted""},{""key"":""foilVariation"",""value"":0}]",totalQuantity,0,4
"malachai's loop",unique,"[{""key"":""sixLink"",""value"":false},{""key"":""corrupted""},{""key"":""foilVariation"",""value"":0}]",p7,0,4.21
"the druggery",unique,"[{""key"":""sixLink"",""value"":false},{""key"":""corrupted""},{""key"":""foilVariation"",""value"":0}]",p50,0,37
"perandus blazon",unique,"[{""key"":""sixLink"",""value"":false},{""key"":""corrupted""},{""key"":""foilVariation"",""value"":0}]",p7,0,4.21
"the warden's brand",unique,"[{""key"":""sixLink"",""value"":false},{""key"":""corrupted""},{""key"":""foilVariation"",""value"":0}]",p5,0,14.6
"pyroshock clasp",unique,"[{""key"":""sixLink"",""value"":false},{""key"":""corrupted""},{""key"":""foilVariation"",""value"":0}]",p50,0,4.75
"rise of the phoenix",unique,"[{""key"":""sixLink"",""value"":false},{""key"":""corrupted""},{""key"":""foilVariation"",""value"":0}]",totalQuantity,0,4
"lightbane raiment",unique,"[{""key"":""sixLink"",""value"":false},{""key"":""corrupted""},{""key"":""foilVariation"",""value"":0}]",p15,0,4.45
"wurm's molt",unique,"[{""key"":""sixLink"",""value"":false},{""key"":""corrupted""},{""key"":""foilVariation"",""value"":0}]",p5,0,4.15
"goldwyrm",unique,"[{""key"":""sixLink"",""value"":false},{""key"":""corrupted""},{""key"":""foilVariation"",""value"":0}]",p15,0,4.45
"victario's flight",unique,"[{""key"":""sixLink"",""value"":false},{""key"":""corrupted""},{""key"":""foilVariation"",""value"":0}]",p10,0,4.3
"perandus blazon",unique,"[{""key"":""sixLink"",""value"":false},{""key"":""corrupted""},{""key"":""foilVariation"",""value"":0}]",totalQuantity,0,4
"doedre's scorn",unique,"[{""key"":""sixLink"",""value"":false},{""key"":""corrupted""},{""key"":""foilVariation"",""value"":0}]",p50,0,37
"painseeker",unique,"[{""key"":""sixLink"",""value"":false},{""key"":""corrupted""},{""key"":""foilVariation"",""value"":0}]",p20,0,4.6
"the ghastly theatre",unique,"[{""key"":""sixLink"",""value"":false},{""key"":""corrupted""},{""key"":""foilVariation"",""value"":0}]",totalValidListings,0,4
"winterheart",unique,"[{""key"":""sixLink"",""value"":false},{""key"":""corrupted""},{""key"":""foilVariation"",""value"":0}]",p20,0,4.6
"painseeker",unique,"[{""key"":""sixLink"",""value"":false},{""key"":""corrupted""},{""key"":""foilVariation"",""value"":0}]",totalQuantity,0,4
"thief's torment",unique,"[{""key"":""sixLink"",""value"":false},{""key"":""corrupted""},{""key"":""foilVariation"",""value"":0}]",p50,0,37
"wurm's molt",unique,"[{""key"":""sixLink"",""value"":false},{""key"":""corrupted""},{""key"":""foilVariation"",""value"":0}]",p10,0,4.3
"goldwyrm",unique,"[{""key"":""sixLink"",""value"":false},{""key"":""corrupted""},{""key"":""foilVariation"",""value"":0}]",p20,0,4.6
"wreath of phrecia",unique,"[{""key"":""sixLink"",""value"":false},{""key"":""corrupted""},{""key"":""foilVariation"",""value"":0}]",p20,0,4.6
"axiom perpetuum",unique,"[{""key"":""sixLink"",""value"":false},{""key"":""corrupted""},{""key"":""foilVariation"",""value"":0}]",p50,0,4.5
"winterheart",unique,"[{""key"":""sixLink"",""value"":false},{""key"":""corrupted""},{""key"":""foilVariation"",""value"":0}]",totalQuantity,0,4
"kaltenhalt",unique,"[{""key"":""sixLink"",""value"":false},{""key"":""corrupted""},{""key"":""foilVariation"",""value"":0}]",p20,0,4.6
"doedre's scorn",unique,"[{""key"":""sixLink"",""value"":false},{""key"":""corrupted""},{""key"":""foilVariation"",""value"":0}]",p15,0,4.45
"doedre's damning",unique,"[{""key"":""sixLink"",""value"":false},{""key"":""corrupted""},{""key"":""foilVariation"",""value"":0}]",p5,0,14.6
"the warden's brand",unique,"[{""key"":""sixLink"",""value"":false},{""key"":""corrupted""},{""key"":""foilVariation"",""value"":0}]",p20,0,43.40000000000001
"kaltenhalt",unique,"[{""key"":""sixLink"",""value"":false},{""key"":""corrupted""},{""key"":""foilVariation"",""value"":0}]",p7,0,4.21
"algor mortis",unique,"[{""key"":""sixLink"",""value"":false},{""key"":""corrupted""},{""key"":""foilVariation"",""value"":0}]",totalQuantity,0,4
"blackheart",unique,"[{""key"":""sixLink"",""value"":false},{""key"":""corrupted""},{""key"":""foilVariation"",""value"":0}]",p20,0,3.4
"essence worm",unique,"[{""key"":""sixLink"",""value"":false},{""key"":""corrupted""},{""key"":""foilVariation"",""value"":0}]",totalValidListings,0,4
"rise of the phoenix",unique,"[{""key"":""sixLink"",""value"":false},{""key"":""corrupted""},{""key"":""foilVariation"",""value"":0}]",p10,0,4.3
"doedre's scorn",unique,"[{""key"":""sixLink"",""value"":false},{""key"":""corrupted""},{""key"":""foilVariation"",""value"":0}]",totalQuantity,0,4
"the ignomon",unique,"[{""key"":""sixLink"",""value"":false},{""key"":""corrupted""},{""key"":""foilVariation"",""value"":0}]",totalQuantity,0,4
"perandus blazon",unique,"[{""key"":""sixLink"",""value"":false},{""key"":""corrupted""},{""key"":""foilVariation"",""value"":0}]",p10,0,4.3