"remnant of corruption",essence,"[]",p10,0,1.3
"remnant of corruption",essence,"[]",p10,9,1.3
"remnant of corruption",essence,"[]",p10,18,1.7
"remnant of corruption",essence,"[]",p10,30,1.7
"remnant of corruption",essence,"[]",p10,50,1.7
"remnant of corruption",essence,"[]",p15,0,1.45
"remnant of corruption",essence,"[]",p15,9,1.45
"remnant of corruption",essence,"[]",p15,18,1.8
"remnant of corruption",essence,"[]",p15,30,1.8
"remnant of corruption",essence,"[]",p15,50,1.8
"remnant of corruption",essence,"[]",p20,0,1.6
"remnant of corruption",essence,"[]",p20,9,1.6
"remnant of corruption",essence,"[]",p20,18,1.9
"remnant of corruption",essence,"[]",p20,30,1.9
"remnant of corruption",essence,"[]",p20,50,1.9
"remnant of corruption",essence,"[]",p5,0,1.15
"remnant of corruption",essence,"[]",p5,9,1.15
"remnant of corruption",essence,"[]",p5,18,1.6
"remnant of corruption",essence,"[]",p5,30,1.6
"remnant of corruption",essence,"[]",p5,50,1.6
"remnant of corruption",essence,"[]",p50,0,2
"remnant of corruption",essence,"[]",p50,9,2
"remnant of corruption",essence,"[]",p50,18,2
"remnant of corruption",essence,"[]",p50,30,2
"remnant of corruption",essence,"[]",p50,50,2
"remnant of corruption",essence,"[]",p7,0,1.21
"remnant of corruption",essence,"[]",p7,9,1.21
"remnant of corruption",essence,"[]",p7,18,1.64
"remnant of corruption",essence,"[]",p7,30,1.64
"remnant of corruption",essence,"[]",p7,50,1.64
"remnant of corruption",essence,"[]",totalQuantity,0,767
"remnant of corruption",essence,"[]",totalQuantity,9,767
"remnant of corruption",essence,"[]",totalQuantity,18,767
"remnant of corruption",essence,"[]",totalQuantity,30,767
"remnant of corruption",essence,"[]",totalQuantity,50,767
"remnant of corruption",essence,"[]",totalValidListings,0,7
"remnant of corruption",essence,"[]",totalValidListings,9,7
"remnant of corruption",essence,"[]",totalValidListings,18,5
"remnant of corruption",essence,"[]",totalValidListings,30,5
"remnant of corruption",essence,"[]",totalValidListings,50,5
"shrieking essence of anger",essence,"[]",p10,0,2.3
"shrieking essence of anger",essence,"[]",p10,9,2.3
"shrieking essence of anger",essence,"[]",p10,18,2.655555555555555
"shrieking essence of anger",essence,"[]",p10,30,2.655555555555555
"shrieking essence of anger",essence,"[]",p15,0,2.45
"shrieking essence of anger",essence,"[]",p15,9,2.45
"shrieking essence of anger",essence,"[]",p15,18,2.733333333333333
"shrieking essence of anger",essence,"[]",p15,30,2.733333333333333
"shrieking essence of anger",essence,"[]",p20,0,2.577777777777778
"shrieking essence of anger",essence,"[]",p20,9,2.577777777777778
"shrieking essence of anger",essence,"[]",p20,18,2.811111111111111
"shrieking essence of anger",essence,"[]",p20,30,2.811111111111111
"shrieking essence of anger",essence,"[]",p5,0,2.15
"shrieking essence of anger",essence,"[]",p5,9,2.15
"shrieking essence of anger",essence,"[]",p5,18,2.577777777777778
"shrieking essence of anger",essence,"[]",p5,30,2.577777777777778
"shrieking essence of anger",essence,"[]",p50,0,3
"shrieking essence of anger",essence,"[]",p50,9,3
"shrieking essence of anger",essence,"[]",p50,18,3
"shrieking essence of anger",essence,"[]",p50,30,3
"shrieking essence of anger",essence,"[]",p7,0,2.21
"shrieking essence of anger",essence,"[]",p7,9,2.21
"shrieking essence of anger",essence,"[]",p7,18,2.608888888888889
"shrieking essence of anger",essence,"[]",p7,30,2.608888888888889
"shrieking essence of anger",essence,"[]",totalQuantity,0,307
"shrieking essence of anger",essence,"[]",totalQuantity,9,307
"shrieking essence of anger",essence,"[]",totalQuantity,18,307
"shrieking essence of anger",essence,"[]",totalQuantity,30,307
"shrieking essence of anger",essence,"[]",totalValidListings,0,7
"shrieking essence of anger",essence,"[]",totalValidListings,9,7
"shrieking essence of anger",essence,"[]",totalValidListings,18,5
"shrieking essence of anger",essence,"[]",totalValidListings,30,5
"shrieking essence of wrath",essence,"[]",p10,0,2
"shrieking essence of wrath",essence,"[]",p10,9,2.35
"shrieking essence of wrath",essence,"[]",p10,18,2.2
"shrieking essence of wrath",essence,"[]",p15,0,2.25
"shrieking essence of wrath",essence,"[]",p15,9,2.525
"shrieking essence of wrath",essence,"[]",p15,18,2.3
"shrieking essence of wrath",essence,"[]",p20,0,2.5
"shrieking essence of wrath",essence,"[]",p20,9,2.7
"shrieking essence of wrath",essence,"[]",p20,18,2.4
"shrieking essence of wrath",essence,"[]",p5,0,1.5
"shrieking essence of wrath",essence,"[]",p5,9,2.175
"shrieking essence of wrath",essence,"[]",p5,18,2.1
"shrieking essence of wrath",essence,"[]",p50,0,3
"shrieking essence of wrath",essence,"[]",p50,9,3
"shrieking essence of wrath",essence,"[]",p50,18,3
"shrieking essence of wrath",essence,"[]",p7,0,1.7
"shrieking essence of wrath",essence,"[]",p7,9,2.245
"shrieking essence of wrath",essence,"[]",p7,18,2.14
"shrieking essence of wrath",essence,"[]",totalQuantity,0,332
"shrieking essence of wrath",essence,"[]",totalQuantity,9,332
"shrieking essence of wrath",essence,"[]",totalQuantity,18,332
"shrieking essence of wrath",essence,"[]",totalValidListings,0,11
"shrieking essence of wrath",essence,"[]",totalValidListings,9,8
"shrieking essence of wrath",essence,"[]",totalValidListings,18,5
"screaming essence of suffering",essence,"[]",p10,0,0.7333333333333334
"screaming essence of suffering",essence,"[]",p10,9,0.7333333333333334
"screaming essence of suffering",essence,"[]",p10,18,0.6944444444444444
"screaming essence of suffering",essence,"[]",p10,30,0.6166666666666667
"screaming essence of suffering",essence,"[]",p15,0,0.8499999999999999
"screaming essence of suffering",essence,"[]",p15,9,0.8499999999999999
"screaming essence of suffering",essence,"[]",p15,18,0.7916666666666666
"screaming essence of suffering",essence,"[]",p15,30,0.6749999999999999
"screaming essence of suffering",essence,"[]",p20,0,0.9111111111111111
"screaming essence of suffering",essence,"[]",p20,9,0.9111111111111111
"screaming essence of suffering",essence,"[]",p20,18,0.8888888888888888
"screaming essence of suffering",essence,"[]",p20,30,0.7333333333333334
"screaming essence of suffering",essence,"[]",p5,0,0.6166666666666667
"screaming essence of suffering",essence,"[]",p5,9,0.6166666666666667
"screaming essence of suffering",essence,"[]",p5,18,0.5972222222222222
"screaming essence of suffering",essence,"[]",p5,30,0.5583333333333333
"screaming essence of suffering",essence,"[]",p50,0,1
"screaming essence of suffering",essence,"[]",p50,9,1
"screaming essence of suffering",essence,"[]",p50,18,1
"screaming essence of suffering",essence,"[]",p50,30,0.9444444444444444
"screaming essence of suffering",essence,"[]",p7,0,0.6633333333333333
"screaming essence of suffering",essence,"[]",p7,9,0.6633333333333333
"screaming essence of suffering",essence,"[]",p7,18,0.6361111111111111
"screaming essence of suffering",essence,"[]",p7,30,0.5816666666666667
"screaming essence of suffering",essence,"[]",totalQuantity,0,341
"screaming essence of suffering",essence,"[]",totalQuantity,9,341
"screaming essence of suffering",essence,"[]",totalQuantity,18,341
"screaming essence of suffering",essence,"[]",totalQuantity,30,341
"screaming essence of suffering",essence,"[]",totalValidListings,0,7
"screaming essence of suffering",essence,"[]",totalValidListings,9,7
"screaming essence of suffering",essence,"[]",totalValidListings,18,6
"screaming essence of suffering",essence,"[]",totalValidListings,30,4
"screaming essence of spite",essence,"[]",p10,0,1
"screaming essence of spite",essence,"[]",p15,0,1
"screaming essence of spite",essence,"[]",p20,0,1.15
"screaming essence of spite",essence,"[]",p5,0,1
"screaming essence of spite",essence,"[]",p50,0,2
"screaming essence of spite",essence,"[]",p7,0,1
"screaming essence of spite",essence,"[]",totalQuantity,0,71
"screaming essence of spite",essence,"[]",totalValidListings,0,7
"shrieking essence of hatred",essence,"[]",p10,0,2
"shrieking essence of hatred",essence,"[]",p10,9,2.444444444444445
"shrieking essence of hatred",essence,"[]",p10,18,2.444444444444445
"shrieking essence of hatred",essence,"[]",p10,30,2.922222222222222
"shrieking essence of hatred",essence,"[]",p15,0,2
"shrieking essence of hatred",essence,"[]",p15,9,2.666666666666667
"shrieking essence of hatred",essence,"[]",p15,18,2.666666666666667
"shrieking essence of hatred",essence,"[]",p15,30,2.938888888888889
"shrieking essence of hatred",essence,"[]",p20,0,2.177777777777778
"shrieking essence of hatred",essence,"[]",p20,9,2.888888888888889
"shrieking essence of hatred",essence,"[]",p20,18,2.888888888888889
"shrieking essence of hatred",essence,"[]",p20,30,2.955555555555556
"shrieking essence of hatred",essence,"[]",p5,0,2
"shrieking essence of hatred",essence,"[]",p5,9,2.222222222222222
"shrieking essence of hatred",essence,"[]",p5,18,2.222222222222222
"shrieking essence of hatred",essence,"[]",p5,30,2.905555555555555
"shrieking essence of hatred",essence,"[]",p50,0,3
"shrieking essence of hatred",essence,"[]",p50,9,3
"shrieking essence of hatred",essence,"[]",p50,18,3
"shrieking essence of hatred",essence,"[]",p50,30,3
"shrieking essence of hatred",essence,"[]",p7,0,2
"shrieking essence of hatred",essence,"[]",p7,9,2.311111111111111
"shrieking essence of hatred",essence,"[]",p7,18,2.311111111111111
"shrieking essence of hatred",essence,"[]",p7,30,2.912222222222222
"shrieking essence of hatred",essence,"[]",totalQuantity,0,340
"shrieking essence of hatred",essence,"[]",totalQuantity,9,340
"shrieking essence of hatred",essence,"[]",totalQuantity,18,340
"shrieking essence of hatred",essence,"[]",totalQuantity,30,340
"shrieking essence of hatred",essence,"[]",totalValidListings,0,7
"shrieking essence of hatred",essence,"[]",totalValidListings,9,6
"shrieking essence of hatred",essence,"[]",totalValidListings,18,6
"shrieking essence of hatred",essence,"[]",totalValidListings,30,4
"screaming essence of anguish",essence,"[]",p10,0,1
"screaming essence of anguish",essence,"[]",p10,9,0.9333333333333333
"screaming essence of anguish",essence,"[]",p10,18,1
"screaming essence of anguish",essence,"[]",p15,0,1
"screaming essence of anguish",essence,"[]",p15,9,0.9555555555555555
"screaming essence of anguish",essence,"[]",p15,18,1
"screaming essence of anguish",essence,"[]",p20,0,1
"screaming essence of anguish",essence,"[]",p20,9,0.9777777777777777
"screaming essence of anguish",essence,"[]",p20,18,1
"screaming essence of anguish",essence,"[]",p5,0,1
"screaming essence of anguish",essence,"[]",p5,9,0.9111111111111111
"screaming essence of anguish",essence,"[]",p5,18,1
"screaming essence of anguish",essence,"[]",p50,0,1
"screaming essence of anguish",essence,"[]",p50,9,1
"screaming essence of anguish",essence,"[]",p50,18,1
"screaming essence of anguish",essence,"[]",p7,0,1
"screaming essence of anguish",essence,"[]",p7,9,0.9199999999999999
"screaming essence of anguish",essence,"[]",p7,18,1
"screaming essence of anguish",essence,"[]",totalQuantity,0,132
"screaming essence of anguish",essence,"[]",totalQuantity,9,132
"screaming essence of anguish",essence,"[]",totalQuantity,18,132
"screaming essence of anguish",essence,"[]",totalValidListings,0,6
"screaming essence of anguish",essence,"[]",totalValidListings,9,5
"screaming essence of anguish",essence,"[]",totalValidListings,18,3
"screaming essence of zeal",essence,"[]",p10,0,2
"screaming essence of zeal",essence,"[]",p15,0,2
"screaming essence of zeal",essence,"[]",p20,0,2
"screaming essence of zeal",essence,"[]",p5,0,2
"screaming essence of zeal",essence,"[]",p50,0,2
"screaming essence of zeal",essence,"[]",p7,0,2
"screaming essence of zeal",essence,"[]",totalQuantity,0,73
"screaming essence of zeal",essence,"[]",totalValidListings,0,5
"screaming essence of rage",essence,"[]",p10,0,1
"screaming essence of rage",essence,"[]",p15,0,1
"screaming essence of rage",essence,"[]",p20,0,1
"screaming essence of rage",essence,"[]",p5,0,1
"screaming essence of rage",essence,"[]",p50,0,1
"screaming essence of rage",essence,"[]",p7,0,1
"screaming essence of rage",essence,"[]",totalQuantity,0,65
"screaming essence of rage",essence,"[]",totalValidListings,0,5
"shrieking essence of contempt",essence,"[]",p10,0,2.96
"shrieking essence of contempt",essence,"[]",p10,9,2.9
"shrieking essence of contempt",essence,"[]",p10,18,2.9
"shrieking essence of contempt",essence,"[]",p10,30,2.88
"shrieking essence of contempt",essence,"[]",p15,0,3
"shrieking essence of contempt",essence,"[]",p15,9,2.95
"shrieking essence of contempt",essence,"[]",p15,18,2.95
"shrieking essence of contempt",essence,"[]",p15,30,2.92
"shrieking essence of contempt",essence,"[]",p20,0,3
"shrieking essence of contempt",essence,"[]",p20,9,3
"shrieking essence of contempt",essence,"[]",p20,18,3
"shrieking essence of contempt",essence,"[]",p20,30,2.96
"shrieking essence of contempt",essence,"[]",p5,0,2.88
"shrieking essence of contempt",essence,"[]",p5,9,2.85
"shrieking essence of contempt",essence,"[]",p5,18,2.85
"shrieking essence of contempt",essence,"[]",p5,30,2.84
"shrieking essence of contempt",essence,"[]",p50,0,3
"shrieking essence of contempt",essence,"[]",p50,9,3.444444444444445
"shrieking essence of contempt",essence,"[]",p50,18,3.444444444444445
"shrieking essence of contempt",essence,"[]",p50,30,3.888888888888889
"shrieking essence of contempt",essence,"[]",p7,0,2.912
"shrieking essence of contempt",essence,"[]",p7,9,2.87
"shrieking essence of contempt",essence,"[]",p7,18,2.87
"shrieking essence of contempt",essence,"[]",p7,30,2.856
"shrieking essence of contempt",essence,"[]",totalQuantity,0,286
"shrieking essence of contempt",essence,"[]",totalQuantity,9,286
"shrieking essence of contempt",essence,"[]",totalQuantity,18,286
"shrieking essence of contempt",essence,"[]",totalQuantity,30,286
"shrieking essence of contempt",essence,"[]",totalValidListings,0,9
"shrieking essence of contempt",essence,"[]",totalValidListings,9,6
"shrieking essence of contempt",essence,"[]",totalValidListings,18,6
"shrieking essence of contempt",essence,"[]",totalValidListings,30,5
"wailing essence of anger",essence,"[]",p10,0,1
"wailing essence of anger",essence,"[]",p15,0,1
"wailing essence of anger",essence,"[]",p20,0,1
"wailing essence of anger",essence,"[]",p5,0,1
"wailing essence of anger",essence,"[]",p50,0,2
"wailing essence of anger",essence,"[]",p7,0,1
"wailing essence of anger",essence,"[]",totalQuantity,0,25
"wailing essence of anger",essence,"[]",totalValidListings,0,5
"wailing essence of rage",essence,"[]",p10,0,1
"wailing essence of rage",essence,"[]",p15,0,1
"wailing essence of rage",essence,"[]",p20,0,1
"wailing essence of rage",essence,"[]",p5,0,1
"wailing essence of rage",essence,"[]",p50,0,2
"wailing essence of rage",essence,"[]",p7,0,1
"wailing essence of rage",essence,"[]",totalQuantity,0,23
"wailing essence of rage",essence,"[]",totalValidListings,0,5
"wailing essence of woe",essence,"[]",p10,0,1
"wailing essence of woe",essence,"[]",p15,0,1
"wailing essence of woe",essence,"[]",p20,0,1
"wailing essence of woe",essence,"[]",p5,0,1
"wailing essence of woe",essence,"[]",p50,0,2
"wailing essence of woe",essence,"[]",p7,0,1
"wailing essence of woe",essence,"[]",totalQuantity,0,24
"wailing essence of woe",essence,"[]",totalValidListings,0,5
"deafening essence of greed",essence,"[]",p10,0,10
"deafening essence of greed",essence,"[]",p15,0,10
"deafening essence of greed",essence,"[]",p20,0,10
"deafening essence of greed",essence,"[]",p5,0,10
"deafening essence of greed",essence,"[]",p50,0,10
"deafening essence of greed",essence,"[]",p7,0,10
"deafening essence of greed",essence,"[]",totalQuantity,0,30
"deafening essence of greed",essence,"[]",totalValidListings,0,5
"deafening essence of anger",essence,"[]",p10,0,5.3
"deafening essence of anger",essence,"[]",p15,0,5.45
"deafening essence of anger",essence,"[]",p20,0,5.6
"deafening essence of anger",essence,"[]",p5,0,5.15
"deafening essence of anger",essence,"[]",p50,0,7
"deafening essence of anger",essence,"[]",p7,0,5.21
"deafening essence of anger",essence,"[]",totalQuantity,0,58
"deafening essence of anger",essence,"[]",totalValidListings,0,7
"deafening essence of spite",essence,"[]",p10,0,6
"deafening essence of spite",essence,"[]",p15,0,6
"deafening essence of spite",essence,"[]",p20,0,6
"deafening essence of spite",essence,"[]",p5,0,6
"deafening essence of spite",essence,"[]",p50,0,7
"deafening essence of spite",essence,"[]",p7,0,6
"deafening essence of spite",essence,"[]",totalQuantity,0,110
"deafening essence of spite",essence,"[]",totalValidListings,0,11
"deafening essence of anguish",essence,"[]",p10,0,3
"deafening essence of anguish",essence,"[]",p10,9,3
"deafening essence of anguish",essence,"[]",p15,0,3
"deafening essence of anguish",essence,"[]",p15,9,3
"deafening essence of anguish",essence,"[]",p20,0,3
"deafening essence of anguish",essence,"[]",p20,9,3
"deafening essence of anguish",essence,"[]",p5,0,3
"deafening essence of anguish",essence,"[]",p5,9,3
"deafening essence of anguish",essence,"[]",p50,0,4
"deafening essence of anguish",essence,"[]",p50,9,3
"deafening essence of anguish",essence,"[]",p7,0,3
"deafening essence of anguish",essence,"[]",p7,9,3
"deafening essence of anguish",essence,"[]",totalQuantity,0,104
"deafening essence of anguish",essence,"[]",totalQuantity,9,104
"deafening essence of anguish",essence,"[]",totalValidListings,0,9
"deafening essence of anguish",essence,"[]",totalValidListings,9,4
"screaming essence of greed",essence,"[]",p10,0,2.4
"screaming essence of greed",essence,"[]",p15,0,2.6
"screaming essence of greed",essence,"[]",p20,0,2.8
"screaming essence of greed",essence,"[]",p5,0,2.2
"screaming essence of greed",essence,"[]",p50,0,4
"screaming essence of greed",essence,"[]",p7,0,2.28
"screaming essence of greed",essence,"[]",totalQuantity,0,120
"screaming essence of greed",essence,"[]",totalValidListings,0,5
"screaming essence of torment",essence,"[]",p10,0,1
"screaming essence of torment",essence,"[]",p10,9,1
"screaming essence of torment",essence,"[]",p10,18,1.033333333333333
"screaming essence of torment",essence,"[]",p15,0,1
"screaming essence of torment",essence,"[]",p15,9,1
"screaming essence of torment",essence,"[]",p15,18,1.05
"screaming essence of torment",essence,"[]",p20,0,1
"screaming essence of torment",essence,"[]",p20,9,1
"screaming essence of torment",essence,"[]",p20,18,1.066666666666667
"screaming essence of torment",essence,"[]",p5,0,1
"screaming essence of torment",essence,"[]",p5,9,1
"screaming essence of torment",essence,"[]",p5,18,1.016666666666667
"screaming essence of torment",essence,"[]",p50,0,2
"screaming essence of torment",essence,"[]",p50,9,1.5
"screaming essence of torment",essence,"[]",p50,18,1.555555555555555
"screaming essence of torment",essence,"[]",p7,0,1
"screaming essence of torment",essence,"[]",p7,9,1
"screaming essence of torment",essence,"[]",p7,18,1.023333333333333
"screaming essence of torment",essence,"[]",totalQuantity,0,149
"screaming essence of torment",essence,"[]",totalQuantity,9,149
"screaming essence of torment",essence,"[]",totalQuantity,18,176
"screaming essence of torment",essence,"[]",totalValidListings,0,7
"screaming essence of torment",essence,"[]",totalValidListings,9,4
"screaming essence of torment",essence,"[]",totalValidListings,18,4
"deafening essence of sorrow",essence,"[]",p10,0,6.5
"deafening essence of sorrow",essence,"[]",p15,0,6.75
"deafening essence of sorrow",essence,"[]",p20,0,7
"deafening essence of sorrow",essence,"[]",p5,0,6.25
"deafening essence of sorrow",essence,"[]",p50,0,8
"deafening essence of sorrow",essence,"[]",p7,0,6.35
"deafening essence of sorrow",essence,"[]",totalQuantity,0,59
"deafening essence of sorrow",essence,"[]",totalValidListings,0,6
"deafening essence of woe",essence,"[]",p10,0,6.9
"deafening essence of woe",essence,"[]",p10,9,9
"deafening essence of woe",essence,"[]",p10,18,9
"deafening essence of woe",essence,"[]",p15,0,7.35
"deafening essence of woe",essence,"[]",p15,9,9
"deafening essence of woe",essence,"[]",p15,18,9
"deafening essence of woe",essence,"[]",p20,0,7.8
"deafening essence of woe",essence,"[]",p20,9,9
"deafening essence of woe",essence,"[]",p20,18,9
"deafening essence of woe",essence,"[]",p5,0,6.45
"deafening essence of woe",essence,"[]",p5,9,9
"deafening essence of woe",essence,"[]",p5,18,9
"deafening essence of woe",essence,"[]",p50,0,9.5
"deafening essence of woe",essence,"[]",p50,9,10
"deafening essence of woe",essence,"[]",p50,18,9.5
"deafening essence of woe",essence,"[]",p7,0,6.63
"deafening essence of woe",essence,"[]",p7,9,9
"deafening essence of woe",essence,"[]",p7,18,9
"deafening essence of woe",essence,"[]",totalQuantity,0,149
"deafening essence of woe",essence,"[]",totalQuantity,9,149
"deafening essence of woe",essence,"[]",totalQuantity,18,149
"deafening essence of woe",essence,"[]",totalValidListings,0,10
"deafening essence of woe",essence,"[]",totalValidListings,9,5
"deafening essence of woe",essence,"[]",totalValidListings,18,4
"deafening essence of contempt",essence,"[]",p10,0,8
"deafening essence of contempt",essence,"[]",p15,0,8
"deafening essence of contempt",essence,"[]",p20,0,8
"deafening essence of contempt",essence,"[]",p5,0,8
"deafening essence of contempt",essence,"[]",p50,0,8
"deafening essence of contempt",essence,"[]",p7,0,8
"deafening essence of contempt",essence,"[]",totalQuantity,0,68
"deafening essence of contempt",essence,"[]",totalValidListings,0,5
"deafening essence of rage",essence,"[]",p10,0,5.8
"deafening essence of rage",essence,"[]",p10,9,6.3
"deafening essence of rage",essence,"[]",p15,0,6
"deafening essence of rage",essence,"[]",p15,9,6.45
"deafening essence of rage",essence,"[]",p20,0,6
"deafening essence of rage",essence,"[]",p20,9,6.6
"deafening essence of rage",essence,"[]",p5,0,5.4
"deafening essence of rage",essence,"[]",p5,9,6.15
"deafening essence of rage",essence,"[]",p50,0,7
"deafening essence of rage",essence,"[]",p50,9,7
"deafening essence of rage",essence,"[]",p7,0,5.56
"deafening essence of rage",essence,"[]",p7,9,6.21
"deafening essence of rage",essence,"[]",totalQuantity,0,150
"deafening essence of rage",essence,"[]",totalQuantity,9,150
"deafening essence of rage",essence,"[]",totalValidListings,0,9
"deafening essence of rage",essence,"[]",totalValidListings,9,4
"deafening essence of fear",essence,"[]",p10,0,5.7
"deafening essence of fear",essence,"[]",p15,0,6
"deafening essence of fear",essence,"[]",p20,0,6
"deafening essence of fear",essence,"[]",p5,0,5.35
"deafening essence of fear",essence,"[]",p50,0,6
"deafening essence of fear",essence,"[]",p7,0,5.49
"deafening essence of fear",essence,"[]",totalQuantity,0,54
"deafening essence of fear",essence,"[]",totalValidListings,0,8
"deafening essence of zeal",essence,"[]",p10,0,6.266666666666667
"deafening essence of zeal",essence,"[]",p15,0,6.4
"deafening essence of zeal",essence,"[]",p20,0,6.533333333333333
"deafening essence of zeal",essence,"[]",p5,0,6.133333333333334
"deafening essence of zeal",essence,"[]",p50,0,8
"deafening essence of zeal",essence,"[]",p7,0,6.186666666666667
"deafening essence of zeal",essence,"[]",totalQuantity,0,38
"deafening essence of zeal",essence,"[]",totalValidListings,0,5
"deafening essence of misery",essence,"[]",p10,0,7
"deafening essence of misery",essence,"[]",p10,9,7
"deafening essence of misery",essence,"[]",p15,0,7
"deafening essence of misery",essence,"[]",p15,9,7.5
"deafening essence of misery",essence,"[]",p20,0,7
"deafening essence of misery",essence,"[]",p20,9,8
"deafening essence of misery",essence,"[]",p5,0,6.6
"deafening essence of misery",essence,"[]",p5,9,6.5
"deafening essence of misery",essence,"[]",p50,0,8
"deafening essence of misery",essence,"[]",p50,9,10
"deafening essence of misery",essence,"[]",p7,0,6.84
"deafening essence of misery",essence,"[]",p7,9,6.7
"deafening essence of misery",essence,"[]",totalQuantity,0,174
"deafening essence of misery",essence,"[]",totalQuantity,9,174
"deafening essence of misery",essence,"[]",totalValidListings,0,13
"deafening essence of misery",essence,"[]",totalValidListings,9,6
"deafening essence of doubt",essence,"[]",p10,0,3
"deafening essence of doubt",essence,"[]",p15,0,3
"deafening essence of doubt",essence,"[]",p20,0,3
"deafening essence of doubt",essence,"[]",p5,0,3
"deafening essence of doubt",essence,"[]",p50,0,4.666666666666667
"deafening essence of doubt",essence,"[]",p7,0,3
"deafening essence of doubt",essence,"[]",totalQuantity,0,57
"deafening essence of doubt",essence,"[]",totalValidListings,0,5
"essence of hysteria",essence,"[]",p10,0,28.7
"essence of hysteria",essence,"[]",p15,0,29.15
"essence of hysteria",essence,"[]",p20,0,30.2
"essence of hysteria",essence,"[]",p5,0,28.35
"essence of hysteria",essence,"[]",p50,0,34.5
"essence of hysteria",essence,"[]",p7,0,28.49
"essence of hysteria",essence,"[]",totalQuantity,0,26
"essence of hysteria",essence,"[]",totalValidListings,0,8
"deafening essence of scorn",essence,"[]",p10,0,3
"deafening essence of scorn",essence,"[]",p15,0,3.05
"deafening essence of scorn",essence,"[]",p20,0,3.4
"deafening essence of scorn",essence,"[]",p5,0,3
"deafening essence of scorn",essence,"[]",p50,0,5
"deafening essence of scorn",essence,"[]",p7,0,3
"deafening essence of scorn",essence,"[]",totalQuantity,0,71
"deafening essence of scorn",essence,"[]",totalValidListings,0,8
"essence of insanity",essence,"[]",p10,0,38.5
"essence of insanity",essence,"[]",p15,0,38.75
"essence of insanity",essence,"[]",p20,0,39
"essence of insanity",essence,"[]",p5,0,38.25
"essence of insanity",essence,"[]",p50,0,40
"essence of insanity",essence,"[]",p7,0,38.35
"essence of insanity",essence,"[]",totalQuantity,0,29
"essence of insanity",essence,"[]",totalValidListings,0,6
"deafening essence of envy",essence,"[]",p10,0,10
"deafening essence of envy",essence,"[]",p15,0,10
"deafening essence of envy",essence,"[]",p20,0,10
"deafening essence of envy",essence,"[]",p5,0,10
"deafening essence of envy",essence,"[]",p50,0,13.5
"deafening essence of envy",essence,"[]",p7,0,10
"deafening essence of envy",essence,"[]",totalQuantity,0,44
"deafening essence of envy",essence,"[]",totalValidListings,0,6
"shrieking essence of torment",essence,"[]",p10,0,2.5
"shrieking essence of torment",essence,"[]",p10,9,3
"shrieking essence of torment",essence,"[]",p10,18,3
"shrieking essence of torment",essence,"[]",p15,0,2.75
"shrieking essence of torment",essence,"[]",p15,9,3
"shrieking essence of torment",essence,"[]",p15,18,3
"shrieking essence of torment",essence,"[]",p20,0,3
"shrieking essence of torment",essence,"[]",p20,9,3
"shrieking essence of torment",essence,"[]",p20,18,3
"shrieking essence of torment",essence,"[]",p5,0,2.25
"shrieking essence of torment",essence,"[]",p5,9,3
"shrieking essence of torment",essence,"[]",p5,18,3
"shrieking essence of torment",essence,"[]",p50,0,3.5
"shrieking essence of torment",essence,"[]",p50,9,4
"shrieking essence of torment",essence,"[]",p50,18,3.5
"shrieking essence of torment",essence,"[]",p7,0,2.35
"shrieking essence of torment",essence,"[]",p7,9,3
"shrieking essence of torment",essence,"[]",p7,18,3
"shrieking essence of torment",essence,"[]",totalQuantity,0,252
"shrieking essence of torment",essence,"[]",totalQuantity,9,252
"shrieking essence of torment",essence,"[]",totalQuantity,18,252
"shrieking essence of torment",essence,"[]",totalValidListings,0,6
"shrieking essence of torment",essence,"[]",totalValidListings,9,5
"shrieking essence of torment",essence,"[]",totalValidListings,18,4
"shrieking essence of sorrow",essence,"[]",p10,0,2.5
"shrieking essence of sorrow",essence,"[]",p10,9,2.85
"shrieking essence of sorrow",essence,"[]",p10,18,2.7
"shrieking essence of sorrow",essence,"[]",p15,0,2.75
"shrieking essence of sorrow",essence,"[]",p15,9,3
"shrieking essence of sorrow",essence,"[]",p15,18,2.8
"shrieking essence of sorrow",essence,"[]",p20,0,3
"shrieking essence of sorrow",essence,"[]",p20,9,3
"shrieking essence of sorrow",essence,"[]",p20,18,2.9
"shrieking essence of sorrow",essence,"[]",p5,0,2.25
"shrieking essence of sorrow",essence,"[]",p5,9,2.675
"shrieking essence of sorrow",essence,"[]",p5,18,2.6
"shrieking essence of sorrow",essence,"[]",p50,0,3.5
"shrieking essence of sorrow",essence,"[]",p50,9,3.25
"shrieking essence of sorrow",essence,"[]",p50,18,3
"shrieking essence of sorrow",essence,"[]",p7,0,2.35
"shrieking essence of sorrow",essence,"[]",p7,9,2.745
"shrieking essence of sorrow",essence,"[]",p7,18,2.64
"shrieking essence of sorrow",essence,"[]",totalQuantity,0,374
"shrieking essence of sorrow",essence,"[]",totalQuantity,9,374
"shrieking essence of sorrow",essence,"[]",totalQuantity,18,374
"shrieking essence of sorrow",essence,"[]",totalValidListings,0,11
"shrieking essence of sorrow",essence,"[]",totalValidListings,9,8
"shrieking essence of sorrow",essence,"[]",totalValidListings,18,5
"shrieking essence of suffering",essence,"[]",p10,0,2
"shrieking essence of suffering",essence,"[]",p10,9,2
"shrieking essence of suffering",essence,"[]",p10,18,2
"shrieking essence of suffering",essence,"[]",p10,30,1.64
"shrieking essence of suffering",essence,"[]",p10,50,1.28
"shrieking essence of suffering",essence,"[]",p15,0,2
"shrieking essence of suffering",essence,"[]",p15,9,2
"shrieking essence of suffering",essence,"[]",p15,18,2
"shrieking essence of suffering",essence,"[]",p15,30,2
"shrieking essence of suffering",essence,"[]",p15,50,1.52
"shrieking essence of suffering",essence,"[]",p20,0,2
"shrieking essence of suffering",essence,"[]",p20,9,2
"shrieking essence of suffering",essence,"[]",p20,18,2
"shrieking essence of suffering",essence,"[]",p20,30,2
"shrieking essence of suffering",essence,"[]",p20,50,1.76
"shrieking essence of suffering",essence,"[]",p5,0,1.7
"shrieking essence of suffering",essence,"[]",p5,9,1.46
"shrieking essence of suffering",essence,"[]",p5,18,1.4
"shrieking essence of suffering",essence,"[]",p5,30,1.22
"shrieking essence of suffering",essence,"[]",p5,50,1.04
"shrieking essence of suffering",essence,"[]",p50,0,2
"shrieking essence of suffering",essence,"[]",p50,9,2
"shrieking essence of suffering",essence,"[]",p50,18,2
"shrieking essence of suffering",essence,"[]",p50,30,2.5
"shrieking essence of suffering",essence,"[]",p50,50,2
"shrieking essence of suffering",essence,"[]",p7,0,2
"shrieking essence of suffering",essence,"[]",p7,9,1.724
"shrieking essence of suffering",essence,"[]",p7,18,1.64
"shrieking essence of suffering",essence,"[]",p7,30,1.388
"shrieking essence of suffering",essence,"[]",p7,50,1.136
"shrieking essence of suffering",essence,"[]",totalQuantity,0,1202
"shrieking essence of suffering",essence,"[]",totalQuantity,9,1202
"shrieking essence of suffering",essence,"[]",totalQuantity,18,1202
"shrieking essence of suffering",essence,"[]",totalQuantity,30,1202
"shrieking essence of suffering",essence,"[]",totalQuantity,50,1202
"shrieking essence of suffering",essence,"[]",totalValidListings,0,16
"shrieking essence of suffering",essence,"[]",totalValidListings,9,12
"shrieking essence of suffering",essence,"[]",totalValidListings,18,11
"shrieking essence of suffering",essence,"[]",totalValidListings,30,8
"shrieking essence of suffering",essence,"[]",totalValidListings,50,5
"deafening essence of suffering",essence,"[]",p10,0,3.9
"deafening essence of suffering",essence,"[]",p10,9,3.3
"deafening essence of suffering",essence,"[]",p15,0,4
"deafening essence of suffering",essence,"[]",p15,9,3.45
"deafening essence of suffering",essence,"[]",p20,0,4
"deafening essence of suffering",essence,"[]",p20,9,3.6
"deafening essence of suffering",essence,"[]",p5,0,3.45
"deafening essence of suffering",essence,"[]",p5,9,3.15
"deafening essence of suffering",essence,"[]",p50,0,6
"deafening essence of suffering",essence,"[]",p50,9,5
"deafening essence of suffering",essence,"[]",p7,0,3.63
"deafening essence of suffering",essence,"[]",p7,9,3.21
"deafening essence of suffering",essence,"[]",totalQuantity,0,102
"deafening essence of suffering",essence,"[]",totalQuantity,9,102
"deafening essence of suffering",essence,"[]",totalValidListings,0,10
"deafening essence of suffering",essence,"[]",totalValidListings,9,4
"shrieking essence of rage",essence,"[]",p10,0,2.5
"shrieking essence of rage",essence,"[]",p10,9,2.5
"shrieking essence of rage",essence,"[]",p10,18,2.5
"shrieking essence of rage",essence,"[]",p10,30,2.5
"shrieking essence of rage",essence,"[]",p15,0,2.5
"shrieking essence of rage",essence,"[]",p15,9,2.5
"shrieking essence of rage",essence,"[]",p15,18,2.675
"shrieking essence of rage",essence,"[]",p15,30,2.5
"shrieking essence of rage",essence,"[]",p20,0,2.5
"shrieking essence of rage",essence,"[]",p20,9,2.6
"shrieking essence of rage",essence,"[]",p20,18,2.9
"shrieking essence of rage",essence,"[]",p20,30,2.6
"shrieking essence of rage",essence,"[]",p5,0,2.325
"shrieking essence of rage",essence,"[]",p5,9,2.5
"shrieking essence of rage",essence,"[]",p5,18,2.5
"shrieking essence of rage",essence,"[]",p5,30,2.5
"shrieking essence of rage",essence,"[]",p50,0,3
"shrieking essence of rage",essence,"[]",p50,9,3
"shrieking essence of rage",essence,"[]",p50,18,3
"shrieking essence of rage",essence,"[]",p50,30,3
"shrieking essence of rage",essence,"[]",p7,0,2.455
"shrieking essence of rage",essence,"[]",p7,9,2.5
"shrieking essence of rage",essence,"[]",p7,18,2.5
"shrieking essence of rage",essence,"[]",p7,30,2.5
"shrieking essence of rage",essence,"[]",totalQuantity,0,568
"shrieking essence of rage",essence,"[]",totalQuantity,9,568
"shrieking essence of rage",essence,"[]",totalQuantity,18,568
"shrieking essence of rage",essence,"[]",totalQuantity,30,568
"shrieking essence of rage",essence,"[]",totalValidListings,0,14
"shrieking essence of rage",essence,"[]",totalValidListings,9,12
"shrieking essence of rage",essence,"[]",totalValidListings,18,10
"shrieking essence of rage",essence,"[]",totalValidListings,30,7
"shrieking essence of dread",essence,"[]",p10,0,6
"shrieking essence of dread",essence,"[]",p10,9,6.5
"shrieking essence of dread",essence,"[]",p10,18,6.85
"shrieking essence of dread",essence,"[]",p15,0,6
"shrieking essence of dread",essence,"[]",p15,9,6.75
"shrieking essence of dread",essence,"[]",p15,18,7
"shrieking essence of dread",essence,"[]",p20,0,6.2
"shrieking essence of dread",essence,"[]",p20,9,7
"shrieking essence of dread",essence,"[]",p20,18,7
"shrieking essence of dread",essence,"[]",p5,0,5.4
"shrieking essence of dread",essence,"[]",p5,9,6.25
"shrieking essence of dread",essence,"[]",p5,18,6.675
"shrieking essence of dread",essence,"[]",p50,0,8
"shrieking essence of dread",essence,"[]",p50,9,8
"shrieking essence of dread",essence,"[]",p50,18,8
"shrieking essence of dread",essence,"[]",p7,0,6
"shrieking essence of dread",essence,"[]",p7,9,6.35
"shrieking essence of dread",essence,"[]",p7,18,6.745
"shrieking essence of dread",essence,"[]",totalQuantity,0,345
"shrieking essence of dread",essence,"[]",totalQuantity,9,345
"shrieking essence of dread",essence,"[]",totalQuantity,18,345
"shrieking essence of dread",essence,"[]",totalValidListings,0,18
"shrieking essence of dread",essence,"[]",totalValidListings,9,11
"shrieking essence of dread",essence,"[]",totalValidListings,18,8
"shrieking essence of misery",essence,"[]",p10,0,3.2
"shrieking essence of misery",essence,"[]",p10,9,2.95
"shrieking essence of misery",essence,"[]",p10,18,2.75
"shrieking essence of misery",essence,"[]",p10,30,2.65
"shrieking essence of misery",essence,"[]",p15,0,3.8
"shrieking essence of misery",essence,"[]",p15,9,3.35
"shrieking essence of misery",essence,"[]",p15,18,2.875
"shrieking essence of misery",essence,"[]",p15,30,2.725
"shrieking essence of misery",essence,"[]",p20,0,4
"shrieking essence of misery",essence,"[]",p20,9,3.8
"shrieking essence of misery",essence,"[]",p20,18,3
"shrieking essence of misery",essence,"[]",p20,30,2.8
"shrieking essence of misery",essence,"[]",p5,0,2.8
"shrieking essence of misery",essence,"[]",p5,9,2.725
"shrieking essence of misery",essence,"[]",p5,18,2.625
"shrieking essence of misery",essence,"[]",p5,30,2.575
"shrieking essence of misery",essence,"[]",p50,0,4
"shrieking essence of misery",essence,"[]",p50,9,4
"shrieking essence of misery",essence,"[]",p50,18,4
"shrieking essence of misery",essence,"[]",p50,30,3.5
"shrieking essence of misery",essence,"[]",p7,0,2.92
"shrieking essence of misery",essence,"[]",p7,9,2.815
"shrieking essence of misery",essence,"[]",p7,18,2.675
"shrieking essence of misery",essence,"[]",p7,30,2.605
"shrieking essence of misery",essence,"[]",totalQuantity,0,378
"shrieking essence of misery",essence,"[]",totalQuantity,9,378
"shrieking essence of misery",essence,"[]",totalQuantity,18,378
"shrieking essence of misery",essence,"[]",totalQuantity,30,378
"shrieking essence of misery",essence,"[]",totalValidListings,0,13
"shrieking essence of misery",essence,"[]",totalValidListings,9,10
"shrieking essence of misery",essence,"[]",totalValidListings,18,6
"shrieking essence of misery",essence,"[]",totalValidListings,30,4
"screaming essence of woe",essence,"[]",p10,0,1.35
"screaming essence of woe",essence,"[]",p10,9,1.15
"screaming essence of woe",essence,"[]",p10,18,1.5
"screaming essence of woe",essence,"[]",p15,0,1.513888888888889
"screaming essence of woe",essence,"[]",p15,9,1.225
"screaming essence of woe",essence,"[]",p15,18,1.5
"screaming essence of woe",essence,"[]",p20,0,1.611111111111111
"screaming essence of woe",essence,"[]",p20,9,1.3
"screaming essence of woe",essence,"[]",p20,18,1.5
"screaming essence of woe",essence,"[]",p5,0,1.175
"screaming essence of woe",essence,"[]",p5,9,1.075
"screaming essence of woe",essence,"[]",p5,18,1.5
"screaming essence of woe",essence,"[]",p50,0,1.944444444444445
"screaming essence of woe",essence,"[]",p50,9,1.694444444444445
"screaming essence of woe",essence,"[]",p50,18,1.694444444444445
"screaming essence of woe",essence,"[]",p7,0,1.245
"screaming essence of woe",essence,"[]",p7,9,1.105
"screaming essence of woe",essence,"[]",p7,18,1.5
"screaming essence of woe",essence,"[]",totalQuantity,0,358
"screaming essence of woe",essence,"[]",totalQuantity,9,358
"screaming essence of woe",essence,"[]",totalQuantity,18,376
"screaming essence of woe",essence,"[]",totalValidListings,0,8
"screaming essence of woe",essence,"[]",totalValidListings,9,4
"screaming essence of woe",essence,"[]",totalValidListings,18,4
"screaming essence of doubt",essence,"[]",p10,0,0.7333333333333334
"screaming essence of doubt",essence,"[]",p10,9,0.6555555555555556
"screaming essence of doubt",essence,"[]",p10,18,0.6166666666666667
"screaming essence of doubt",essence,"[]",p10,30,0.6166666666666667
"screaming essence of doubt",essence,"[]",p15,0,0.8499999999999999
"screaming essence of doubt",essence,"[]",p15,9,0.7333333333333333
"screaming essence of doubt",essence,"[]",p15,18,0.6749999999999999
"screaming essence of doubt",essence,"[]",p15,30,0.6749999999999999
"screaming essence of doubt",essence,"[]",p20,0,0.8888888888888888
"screaming essence of doubt",essence,"[]",p20,9,0.8111111111111111
"screaming essence of doubt",essence,"[]",p20,18,0.7333333333333334
"screaming essence of doubt",essence,"[]",p20,30,0.7333333333333334
"screaming essence of doubt",essence,"[]",p5,0,0.6166666666666667
"screaming essence of doubt",essence,"[]",p5,9,0.5777777777777777
"screaming essence of doubt",essence,"[]",p5,18,0.5583333333333333
"screaming essence of doubt",essence,"[]",p5,30,0.5583333333333333
"screaming essence of doubt",essence,"[]",p50,0,1
"screaming essence of doubt",essence,"[]",p50,9,0.8888888888888888
"screaming essence of doubt",essence,"[]",p50,18,0.8888888888888888
"screaming essence of doubt",essence,"[]",p50,30,0.8888888888888888
"screaming essence of doubt",essence,"[]",p7,0,0.6633333333333333
"screaming essence of doubt",essence,"[]",p7,9,0.6088888888888889
"screaming essence of doubt",essence,"[]",p7,18,0.5816666666666667
"screaming essence of doubt",essence,"[]",p7,30,0.5816666666666667
"screaming essence of doubt",essence,"[]",totalQuantity,0,386
"screaming essence of doubt",essence,"[]",totalQuantity,9,386
"screaming essence of doubt",essence,"[]",totalQuantity,18,386
"screaming essence of doubt",essence,"[]",totalQuantity,30,386
"screaming essence of doubt",essence,"[]",totalValidListings,0,7
"screaming essence of doubt",essence,"[]",totalValidListings,9,5
"screaming essence of doubt",essence,"[]",totalValidListings,18,4
"screaming essence of doubt",essence,"[]",totalValidListings,30,4
"screaming essence of misery",essence,"[]",p10,0,1.75
"screaming essence of misery",essence,"[]",p15,0,1.875
"screaming essence of misery",essence,"[]",p20,0,2
"screaming essence of misery",essence,"[]",p5,0,1.625
"screaming essence of misery",essence,"[]",p50,0,2.5
"screaming essence of misery",essence,"[]",p7,0,1.675
"screaming essence of misery",essence,"[]",totalQuantity,0,24
"screaming essence of misery",essence,"[]",totalValidListings,0,6
"screaming essence of fear",essence,"[]",p10,0,1.266666666666666
"screaming essence of fear",essence,"[]",p10,9,1.461111111111111
"screaming essence of fear",essence,"[]",p10,18,1.461111111111111
"screaming essence of fear",essence,"[]",p10,30,1.461111111111111
"screaming essence of fear",essence,"[]",p15,0,1.399999999999999
"screaming essence of fear",essence,"[]",p15,9,1.469444444444444
"screaming essence of fear",essence,"[]",p15,18,1.469444444444444
"screaming essence of fear",essence,"[]",p15,30,1.469444444444444
"screaming essence of fear",essence,"[]",p20,0,1.455555555555555
"screaming essence of fear",essence,"[]",p20,9,1.477777777777778
"screaming essence of fear",essence,"[]",p20,18,1.477777777777778
"screaming essence of fear",essence,"[]",p20,30,1.477777777777778
"screaming essence of fear",essence,"[]",p5,0,1.133333333333333
"screaming essence of fear",essence,"[]",p5,9,1.452777777777777
"screaming essence of fear",essence,"[]",p5,18,1.452777777777777
"screaming essence of fear",essence,"[]",p5,30,1.452777777777777
"screaming essence of fear",essence,"[]",p50,0,1.555555555555556
"screaming essence of fear",essence,"[]",p50,9,1.527777777777778
"screaming essence of fear",essence,"[]",p50,18,1.527777777777778
"screaming essence of fear",essence,"[]",p50,30,1.527777777777778
"screaming essence of fear",essence,"[]",p7,0,1.186666666666667
"screaming essence of fear",essence,"[]",p7,9,1.456111111111111
"screaming essence of fear",essence,"[]",p7,18,1.456111111111111
"screaming essence of fear",essence,"[]",p7,30,1.456111111111111
"screaming essence of fear",essence,"[]",totalQuantity,0,218
"screaming essence of fear",essence,"[]",totalQuantity,9,218
"screaming essence of fear",essence,"[]",totalQuantity,18,218
"screaming essence of fear",essence,"[]",totalQuantity,30,218
"screaming essence of fear",essence,"[]",totalValidListings,0,7
"screaming essence of fear",essence,"[]",totalValidListings,9,4
"screaming essence of fear",essence,"[]",totalValidListings,18,4
"screaming essence of fear",essence,"[]",totalValidListings,30,4
"screaming essence of hatred",essence,"[]",p10,0,1.3
"screaming essence of hatred",essence,"[]",p10,9,1.15
"screaming essence of hatred",essence,"[]",p10,18,1.15
"screaming essence of hatred",essence,"[]",p15,0,1.45
"screaming essence of hatred",essence,"[]",p15,9,1.225
"screaming essence of hatred",essence,"[]",p15,18,1.225
"screaming essence of hatred",essence,"[]",p20,0,1.6
"screaming essence of hatred",essence,"[]",p20,9,1.3
"screaming essence of hatred",essence,"[]",p20,18,1.3
"screaming essence of hatred",essence,"[]",p5,0,1.15
"screaming essence of hatred",essence,"[]",p5,9,1.075
"screaming essence of hatred",essence,"[]",p5,18,1.075
"screaming essence of hatred",essence,"[]",p50,0,3
"screaming essence of hatred",essence,"[]",p50,9,1.75
"screaming essence of hatred",essence,"[]",p50,18,1.75
"screaming essence of hatred",essence,"[]",p7,0,1.21
"screaming essence of hatred",essence,"[]",p7,9,1.105
"screaming essence of hatred",essence,"[]",p7,18,1.105
"screaming essence of hatred",essence,"[]",totalQuantity,0,101
"screaming essence of hatred",essence,"[]",totalQuantity,9,101
"screaming essence of hatred",essence,"[]",totalQuantity,18,101
"screaming essence of hatred",essence,"[]",totalValidListings,0,7
"screaming essence of hatred",essence,"[]",totalValidListings,9,4
"screaming essence of hatred",essence,"[]",totalValidListings,18,4
"screaming essence of sorrow",essence,"[]",p10,0,1.75
"screaming essence of sorrow",essence,"[]",p15,0,1.875
"screaming essence of sorrow",essence,"[]",p20,0,2
"screaming essence of sorrow",essence,"[]",p5,0,1.625
"screaming essence of sorrow",essence,"[]",p50,0,2
"screaming essence of sorrow",essence,"[]",p7,0,1.675
"screaming essence of sorrow",essence,"[]",totalQuantity,0,75
"screaming essence of sorrow",essence,"[]",totalValidListings,0,6
"screaming essence of scorn",essence,"[]",p10,0,1
"screaming essence of scorn",essence,"[]",p15,0,1
"screaming essence of scorn",essence,"[]",p20,0,1
"screaming essence of scorn",essence,"[]",p5,0,1
"screaming essence of scorn",essence,"[]",p50,0,1.5
"screaming essence of scorn",essence,"[]",p7,0,1
"screaming essence of scorn",essence,"[]",totalQuantity,0,61
"screaming essence of scorn",essence,"[]",totalValidListings,0,9
"wailing essence of sorrow",essence,"[]",p10,0,1
"wailing essence of sorrow",essence,"[]",p15,0,1
"wailing essence of sorrow",essence,"[]",p20,0,1
"wailing essence of sorrow",essence,"[]",p5,0,1
"wailing essence of sorrow",essence,"[]",p50,0,2
"wailing essence of sorrow",essence,"[]",p7,0,1
"wailing essence of sorrow",essence,"[]",totalQuantity,0,29
"wailing essence of sorrow",essence,"[]",totalValidListings,0,5
"screaming essence of dread",essence,"[]",p10,0,1.4
"screaming essence of dread",essence,"[]",p15,0,1.6
"screaming essence of dread",essence,"[]",p20,0,1.8
"screaming essence of dread",essence,"[]",p5,0,1.2
"screaming essence of dread",essence,"[]",p50,0,3
"screaming essence of dread",essence,"[]",p7,0,1.28
"screaming essence of dread",essence,"[]",totalQuantity,0,41
"screaming essence of dread",essence,"[]",totalValidListings,0,5
"shrieking essence of greed",essence,"[]",p10,0,5
"shrieking essence of greed",essence,"[]",p10,9,5
"shrieking essence of greed",essence,"[]",p15,0,5
"shrieking essence of greed",essence,"[]",p15,9,5
"shrieking essence of greed",essence,"[]",p20,0,5
"shrieking essence of greed",essence,"[]",p20,9,5
"shrieking essence of greed",essence,"[]",p5,0,5
"shrieking essence of greed",essence,"[]",p5,9,5
"shrieking essence of greed",essence,"[]",p50,0,6
"shrieking essence of greed",essence,"[]",p50,9,5.5
"shrieking essence of greed",essence,"[]",p7,0,5
"shrieking essence of greed",essence,"[]",p7,9,5
"shrieking essence of greed",essence,"[]",totalQuantity,0,113
"shrieking essence of greed",essence,"[]",totalQuantity,9,113
"shrieking essence of greed",essence,"[]",totalValidListings,0,9
"shrieking essence of greed",essence,"[]",totalValidListings,9,6
"shrieking essence of loathing",essence,"[]",p10,0,3.5
"shrieking essence of loathing",essence,"[]",p15,0,3.75
"shrieking essence of loathing",essence,"[]",p20,0,4
"shrieking essence of loathing",essence,"[]",p5,0,3.25
"shrieking essence of loathing",essence,"[]",p50,0,4.5
"shrieking essence of loathing",essence,"[]",p7,0,3.35
"shrieking essence of loathing",essence,"[]",totalQuantity,0,150
"shrieking essence of loathing",essence,"[]",totalValidListings,0,6
"shrieking essence of zeal",essence,"[]",p10,0,3
"shrieking essence of zeal",essence,"[]",p15,0,3
"shrieking essence of zeal",essence,"[]",p20,0,3
"shrieking essence of zeal",essence,"[]",p5,0,3
"shrieking essence of zeal",essence,"[]",p50,0,4
"shrieking essence of zeal",essence,"[]",p7,0,3
"shrieking essence of zeal",essence,"[]",totalQuantity,0,101
"shrieking essence of zeal",essence,"[]",totalValidListings,0,6
"shrieking essence of spite",essence,"[]",p10,0,2.977777777777778
"shrieking essence of spite",essence,"[]",p10,9,3
"shrieking essence of spite",essence,"[]",p10,18,3
"shrieking essence of spite",essence,"[]",p15,0,3
"shrieking essence of spite",essence,"[]",p15,9,3
"shrieking essence of spite",essence,"[]",p15,18,3
"shrieking essence of spite",essence,"[]",p20,0,3
"shrieking essence of spite",essence,"[]",p20,9,3
"shrieking essence of spite",essence,"[]",p20,18,3
"shrieking essence of spite",essence,"[]",p5,0,2.933333333333333
"shrieking essence of spite",essence,"[]",p5,9,3
"shrieking essence of spite",essence,"[]",p5,18,3
"shrieking essence of spite",essence,"[]",p50,0,3
"shrieking essence of spite",essence,"[]",p50,9,3
"shrieking essence of spite",essence,"[]",p50,18,4
"shrieking essence of spite",essence,"[]",p7,0,2.951111111111111
"shrieking essence of spite",essence,"[]",p7,9,3
"shrieking essence of spite",essence,"[]",p7,18,3
"shrieking essence of spite",essence,"[]",totalQuantity,0,302
"shrieking essence of spite",essence,"[]",totalQuantity,9,302
"shrieking essence of spite",essence,"[]",totalQuantity,18,302
"shrieking essence of spite",essence,"[]",totalValidListings,0,9
"shrieking essence of spite",essence,"[]",totalValidListings,9,7
"shrieking essence of spite",essence,"[]",totalValidListings,18,5
"shrieking essence of envy",essence,"[]",p10,0,6.8
"shrieking essence of envy",essence,"[]",p10,9,6.6
"shrieking essence of envy",essence,"[]",p15,0,7.2
"shrieking essence of envy",essence,"[]",p15,9,6.9
"shrieking essence of envy",essence,"[]",p20,0,7.6
"shrieking essence of envy",essence,"[]",p20,9,7.2
"shrieking essence of envy",essence,"[]",p5,0,6.4
"shrieking essence of envy",essence,"[]",p5,9,6.3
"shrieking essence of envy",essence,"[]",p50,0,8
"shrieking essence of envy",essence,"[]",p50,9,8
"shrieking essence of envy",essence,"[]",p7,0,6.56
"shrieking essence of envy",essence,"[]",p7,9,6.42
"shrieking essence of envy",essence,"[]",totalQuantity,0,69
"shrieking essence of envy",essence,"[]",totalQuantity,9,101
"shrieking essence of envy",essence,"[]",totalValidListings,0,9
"shrieking essence of envy",essence,"[]",totalValidListings,9,4
"screaming essence of contempt",essence,"[]",p10,0,1.25
"screaming essence of contempt",essence,"[]",p10,9,1.2
"screaming essence of contempt",essence,"[]",p10,18,1.15
"screaming essence of contempt",essence,"[]",p10,30,1.15
"screaming essence of contempt",essence,"[]",p15,0,1.375
"screaming essence of contempt",essence,"[]",p15,9,1.3
"screaming essence of contempt",essence,"[]",p15,18,1.225
"screaming essence of contempt",essence,"[]",p15,30,1.225
"screaming essence of contempt",essence,"[]",p20,0,1.5
"screaming essence of contempt",essence,"[]",p20,9,1.4
"screaming essence of contempt",essence,"[]",p20,18,1.3
"screaming essence of contempt",essence,"[]",p20,30,1.3
"screaming essence of contempt",essence,"[]",p5,0,1.125
"screaming essence of contempt",essence,"[]",p5,9,1.1
"screaming essence of contempt",essence,"[]",p5,18,1.075
"screaming essence of contempt",essence,"[]",p5,30,1.075
"screaming essence of contempt",essence,"[]",p50,0,1.75
"screaming essence of contempt",essence,"[]",p50,9,1.5
"screaming essence of contempt",essence,"[]",p50,18,1.5
"screaming essence of contempt",essence,"[]",p50,30,1.5
"screaming essence of contempt",essence,"[]",p7,0,1.175
"screaming essence of contempt",essence,"[]",p7,9,1.14
"screaming essence of contempt",essence,"[]",p7,18,1.105
"screaming essence of contempt",essence,"[]",p7,30,1.105
"screaming essence of contempt",essence,"[]",totalQuantity,0,151
"screaming essence of contempt",essence,"[]",totalQuantity,9,151
"screaming essence of contempt",essence,"[]",totalQuantity,18,151
"screaming essence of contempt",essence,"[]",totalQuantity,30,151
"screaming essence of contempt",essence,"[]",totalValidListings,0,6
"screaming essence of contempt",essence,"[]",totalValidListings,9,5
"screaming essence of contempt",essence,"[]",totalValidListings,18,4
"screaming essence of contempt",essence,"[]",totalValidListings,30,4
"screaming essence of anger",essence,"[]",p10,0,1.7
"screaming essence of anger",essence,"[]",p15,0,1.8
"screaming essence of anger",essence,"[]",p20,0,1.9
"screaming essence of anger",essence,"[]",p5,0,1.6
"screaming essence of anger",essence,"[]",p50,0,2
"screaming essence of anger",essence,"[]",p7,0,1.64
"screaming essence of anger",essence,"[]",totalQuantity,0,69
"screaming essence of anger",essence,"[]",totalValidListings,0,5
"screaming essence of wrath",essence,"[]",p10,0,1
"screaming essence of wrath",essence,"[]",p10,9,1.15
"screaming essence of wrath",essence,"[]",p15,0,1
"screaming essence of wrath",essence,"[]",p15,9,1.225
"screaming essence of wrath",essence,"[]",p20,0,1
"screaming essence of wrath",essence,"[]",p20,9,1.3
"screaming essence of wrath",essence,"[]",p5,0,1
"screaming essence of wrath",essence,"[]",p5,9,1.075
"screaming essence of wrath",essence,"[]",p50,0,1.5
"screaming essence of wrath",essence,"[]",p50,9,1.583333333333333
"screaming essence of wrath",essence,"[]",p7,0,1
"screaming essence of wrath",essence,"[]",p7,9,1.105
"screaming essence of wrath",essence,"[]",totalQuantity,0,117
"screaming essence of wrath",essence,"[]",totalQuantity,9,117
"screaming essence of wrath",essence,"[]",totalValidListings,0,7
"screaming essence of wrath",essence,"[]",totalValidListings,9,4
"shrieking essence of woe",essence,"[]",p10,0,2.9
"shrieking essence of woe",essence,"[]",p10,9,2.8
"shrieking essence of woe",essence,"[]",p10,18,3
"shrieking essence of woe",essence,"[]",p10,30,3
"shrieking essence of woe",essence,"[]",p15,0,3
"shrieking essence of woe",essence,"[]",p15,9,3
"shrieking essence of woe",essence,"[]",p15,18,3
"shrieking essence of woe",essence,"[]",p15,30,3
"shrieking essence of woe",essence,"[]",p20,0,3
"shrieking essence of woe",essence,"[]",p20,9,3
"shrieking essence of woe",essence,"[]",p20,18,3.1
"shrieking essence of woe",essence,"[]",p20,30,3.1
"shrieking essence of woe",essence,"[]",p5,0,2.45
"shrieking essence of woe",essence,"[]",p5,9,2.4
"shrieking essence of woe",essence,"[]",p5,18,3
"shrieking essence of woe",essence,"[]",p5,30,3
"shrieking essence of woe",essence,"[]",p50,0,3.25
"shrieking essence of woe",essence,"[]",p50,9,3.5
"shrieking essence of woe",essence,"[]",p50,18,3.777777777777778
"shrieking essence of woe",essence,"[]",p50,30,3.777777777777778
"shrieking essence of woe",essence,"[]",p7,0,2.63
"shrieking essence of woe",essence,"[]",p7,9,2.56
"shrieking essence of woe",essence,"[]",p7,18,3
"shrieking essence of woe",essence,"[]",p7,30,3
"shrieking essence of woe",essence,"[]",totalQuantity,0,481
"shrieking essence of woe",essence,"[]",totalQuantity,9,481
"shrieking essence of woe",essence,"[]",totalQuantity,18,481
"shrieking essence of woe",essence,"[]",totalQuantity,30,481
"shrieking essence of woe",essence,"[]",totalValidListings,0,10
"shrieking essence of woe",essence,"[]",totalValidListings,9,9
"shrieking essence of woe",essence,"[]",totalValidListings,18,7
"shrieking essence of woe",essence,"[]",totalValidListings,30,7
"shrieking essence of fear",essence,"[]",p10,0,2.888888888888889
"shrieking essence of fear",essence,"[]",p10,9,2.888888888888889
"shrieking essence of fear",essence,"[]",p10,18,2.888888888888889
"shrieking essence of fear",essence,"[]",p10,30,2.888888888888889
"shrieking essence of fear",essence,"[]",p15,0,2.911111111111111
"shrieking essence of fear",essence,"[]",p15,9,2.911111111111111
"shrieking essence of fear",essence,"[]",p15,18,2.888888888888889
"shrieking essence of fear",essence,"[]",p15,30,2.888888888888889
"shrieking essence of fear",essence,"[]",p20,0,2.955555555555556
"shrieking essence of fear",essence,"[]",p20,9,2.955555555555556
"shrieking essence of fear",essence,"[]",p20,18,2.911111111111111
"shrieking essence of fear",essence,"[]",p20,30,2.888888888888889
"shrieking essence of fear",essence,"[]",p5,0,2.888888888888889
"shrieking essence of fear",essence,"[]",p5,9,2.888888888888889
"shrieking essence of fear",essence,"[]",p5,18,2.888888888888889
"shrieking essence of fear",essence,"[]",p5,30,2.888888888888889
"shrieking essence of fear",essence,"[]",p50,0,3
"shrieking essence of fear",essence,"[]",p50,9,3
"shrieking essence of fear",essence,"[]",p50,18,3
"shrieking essence of fear",essence,"[]",p50,30,3
"shrieking essence of fear",essence,"[]",p7,0,2.888888888888889
"shrieking essence of fear",essence,"[]",p7,9,2.888888888888889
"shrieking essence of fear",essence,"[]",p7,18,2.888888888888889
"shrieking essence of fear",essence,"[]",p7,30,2.888888888888889
"shrieking essence of fear",essence,"[]",totalQuantity,0,385
"shrieking essence of fear",essence,"[]",totalQuantity,9,385
"shrieking essence of fear",essence,"[]",totalQuantity,18,385
"shrieking essence of fear",essence,"[]",totalQuantity,30,385
"shrieking essence of fear",essence,"[]",totalValidListings,0,9
"shrieking essence of fear",essence,"[]",totalValidListings,9,9
"shrieking essence of fear",essence,"[]",totalValidListings,18,7
"shrieking essence of fear",essence,"[]",totalValidListings,30,6
"shrieking essence of doubt",essence,"[]",p10,0,2
"shrieking essence of doubt",essence,"[]",p10,9,1.59
"shrieking essence of doubt",essence,"[]",p10,18,1.5
"shrieking essence of doubt",essence,"[]",p10,30,1.68
"shrieking essence of doubt",essence,"[]",p10,50,1.32
"shrieking essence of doubt",essence,"[]",p15,0,2
"shrieking essence of doubt",essence,"[]",p15,9,1.785
"shrieking essence of doubt",essence,"[]",p15,18,1.65
"shrieking essence of doubt",essence,"[]",p15,30,1.77
"shrieking essence of doubt",essence,"[]",p15,50,1.48
"shrieking essence of doubt",essence,"[]",p20,0,2
"shrieking essence of doubt",essence,"[]",p20,9,1.92
"shrieking essence of doubt",essence,"[]",p20,18,1.8
"shrieking essence of doubt",essence,"[]",p20,30,1.84
"shrieking essence of doubt",essence,"[]",p20,50,1.64
"shrieking essence of doubt",essence,"[]",p5,0,2
"shrieking essence of doubt",essence,"[]",p5,9,1.325
"shrieking essence of doubt",essence,"[]",p5,18,1.25
"shrieking essence of doubt",essence,"[]",p5,30,1.59
"shrieking essence of doubt",essence,"[]",p5,50,1.16
"shrieking essence of doubt",essence,"[]",p50,0,2
"shrieking essence of doubt",essence,"[]",p50,9,2
"shrieking essence of doubt",essence,"[]",p50,18,2
"shrieking essence of doubt",essence,"[]",p50,30,2
"shrieking essence of doubt",essence,"[]",p50,50,2
"shrieking essence of doubt",essence,"[]",p7,0,2
"shrieking essence of doubt",essence,"[]",p7,9,1.455
"shrieking essence of doubt",essence,"[]",p7,18,1.35
"shrieking essence of doubt",essence,"[]",p7,30,1.626
"shrieking essence of doubt",essence,"[]",p7,50,1.224
"shrieking essence of doubt",essence,"[]",totalQuantity,0,889
"shrieking essence of doubt",essence,"[]",totalQuantity,9,889
"shrieking essence of doubt",essence,"[]",totalQuantity,18,889
"shrieking essence of doubt",essence,"[]",totalQuantity,30,889
"shrieking essence of doubt",essence,"[]",totalQuantity,50,889
"shrieking essence of doubt",essence,"[]",totalValidListings,0,11
"shrieking essence of doubt",essence,"[]",totalValidListings,9,14
"shrieking essence of doubt",essence,"[]",totalValidListings,18,11
"shrieking essence of doubt",essence,"[]",totalValidListings,30,7
"shrieking essence of doubt",essence,"[]",totalValidListings,50,5
"shrieking essence of anguish",essence,"[]",p10,0,2
"shrieking essence of anguish",essence,"[]",p10,9,2
"shrieking essence of anguish",essence,"[]",p10,18,1.671111111111111
"shrieking essence of anguish",essence,"[]",p10,30,2
"shrieking essence of anguish",essence,"[]",p10,50,1.52
"shrieking essence of anguish",essence,"[]",p15,0,2
"shrieking essence of anguish",essence,"[]",p15,9,2
"shrieking essence of anguish",essence,"[]",p15,18,1.911111111111111
"shrieking essence of anguish",essence,"[]",p15,30,2
"shrieking essence of anguish",essence,"[]",p15,50,1.88
"shrieking essence of anguish",essence,"[]",p20,0,2
"shrieking essence of anguish",essence,"[]",p20,9,2
"shrieking essence of anguish",essence,"[]",p20,18,1.955555555555556
"shrieking essence of anguish",essence,"[]",p20,30,2
"shrieking essence of anguish",essence,"[]",p20,50,2
"shrieking essence of anguish",essence,"[]",p5,0,2
"shrieking essence of anguish",essence,"[]",p5,9,2
"shrieking essence of anguish",essence,"[]",p5,18,1.235555555555556
"shrieking essence of anguish",essence,"[]",p5,30,2
"shrieking essence of anguish",essence,"[]",p5,50,1.16
"shrieking essence of anguish",essence,"[]",p50,0,2
"shrieking essence of anguish",essence,"[]",p50,9,2
"shrieking essence of anguish",essence,"[]",p50,18,2
"shrieking essence of anguish",essence,"[]",p50,30,2
"shrieking essence of anguish",essence,"[]",p50,50,2
"shrieking essence of anguish",essence,"[]",p7,0,2
"shrieking essence of anguish",essence,"[]",p7,9,2
"shrieking essence of anguish",essence,"[]",p7,18,1.409777777777778
"shrieking essence of anguish",essence,"[]",p7,30,2
"shrieking essence of anguish",essence,"[]",p7,50,1.304
"shrieking essence of anguish",essence,"[]",totalQuantity,0,1115
"shrieking essence of anguish",essence,"[]",totalQuantity,9,1115
"shrieking essence of anguish",essence,"[]",totalQuantity,18,1115
"shrieking essence of anguish",essence,"[]",totalQuantity,30,1115
"shrieking essence of anguish",essence,"[]",totalQuantity,50,1115
"shrieking essence of anguish",essence,"[]",totalValidListings,0,13
"shrieking essence of anguish",essence,"[]",totalValidListings,9,11
"shrieking essence of anguish",essence,"[]",totalValidListings,18,9
"shrieking essence of anguish",essence,"[]",totalValidListings,30,5
"shrieking essence of anguish",essence,"[]",totalValidListings,50,7
"shrieking essence of scorn",essence,"[]",p10,0,2
"shrieking essence of scorn",essence,"[]",p10,9,1.95
"shrieking essence of scorn",essence,"[]",p10,18,1.75
"shrieking essence of scorn",essence,"[]",p10,30,1.7
"shrieking essence of scorn",essence,"[]",p15,0,2
"shrieking essence of scorn",essence,"[]",p15,9,2
"shrieking essence of scorn",essence,"[]",p15,18,1.875
"shrieking essence of scorn",essence,"[]",p15,30,1.8
"shrieking essence of scorn",essence,"[]",p20,0,2
"shrieking essence of scorn",essence,"[]",p20,9,2
"shrieking essence of scorn",essence,"[]",p20,18,2
"shrieking essence of scorn",essence,"[]",p20,30,1.9
"shrieking essence of scorn",essence,"[]",p5,0,1.8
"shrieking essence of scorn",essence,"[]",p5,9,1.725
"shrieking essence of scorn",essence,"[]",p5,18,1.625
"shrieking essence of scorn",essence,"[]",p5,30,1.6
"shrieking essence of scorn",essence,"[]",p50,0,3
"shrieking essence of scorn",essence,"[]",p50,9,3
"shrieking essence of scorn",essence,"[]",p50,18,2.5
"shrieking essence of scorn",essence,"[]",p50,30,2
"shrieking essence of scorn",essence,"[]",p7,0,1.92
"shrieking essence of scorn",essence,"[]",p7,9,1.815
"shrieking essence of scorn",essence,"[]",p7,18,1.675
"shrieking essence of scorn",essence,"[]",p7,30,1.64
"shrieking essence of scorn",essence,"[]",totalQuantity,0,509
"shrieking essence of scorn",essence,"[]",totalQuantity,9,509
"shrieking essence of scorn",essence,"[]",totalQuantity,18,509
"shrieking essence of scorn",essence,"[]",totalQuantity,30,509
"shrieking essence of scorn",essence,"[]",totalValidListings,0,13
"shrieking essence of scorn",essence,"[]",totalValidListings,9,10
"shrieking essence of scorn",essence,"[]",totalValidListings,18,6
"shrieking essence of scorn",essence,"[]",totalValidListings,30,5
"deafening essence of dread",essence,"[]",p10,0,6.2
"deafening essence of dread",essence,"[]",p10,9,7.3
"deafening essence of dread",essence,"[]",p15,0,6.8
"deafening essence of dread",essence,"[]",p15,9,7.45
"deafening essence of dread",essence,"[]",p20,0,7
"deafening essence of dread",essence,"[]",p20,9,7.6
"deafening essence of dread",essence,"[]",p5,0,6
"deafening essence of dread",essence,"[]",p5,9,7.15
"deafening essence of dread",essence,"[]",p50,0,8
"deafening essence of dread",essence,"[]",p50,9,8
"deafening essence of dread",essence,"[]",p7,0,6
"deafening essence of dread",essence,"[]",p7,9,7.21
"deafening essence of dread",essence,"[]",totalQuantity,0,130
"deafening essence of dread",essence,"[]",totalQuantity,9,130
"deafening essence of dread",essence,"[]",totalValidListings,0,13
"deafening essence of dread",essence,"[]",totalValidListings,9,4