"elevore",unique,"[{""key"":""sixLink"",""value"":false},{""key"":""corrupted"",""value"":false},{""key"":""foilVariation"",""value"":0}]",p20,0,1
"immortal flesh",unique,"[{""key"":""sixLink"",""value"":false},{""key"":""corrupted""},{""key"":""foilVariation"",""value"":0}]",p50,0,1
"obliteration",unique,"[{""key"":""sixLink"",""value"":false},{""key"":""corrupted"",""value"":false},{""key"":""foilVariation"",""value"":0}]",p50,0,1
"elevore",unique,"[{""key"":""sixLink"",""value"":false},{""key"":""corrupted""},{""key"":""foilVariation"",""value"":0}]",p5,0,1
"carnage heart",unique,"[{""key"":""sixLink"",""value"":false},{""key"":""corrupted"",""value"":false},{""key"":""foilVariation"",""value"":0}]",totalQuantity,0,5
"elevore",unique,"[{""key"":""sixLink"",""value"":false},{""key"":""corrupted"",""value"":false},{""key"":""foilVariation"",""value"":0}]",totalValidListings,0,4
"obliteration",unique,"[{""key"":""sixLink"",""value"":false},{""key"":""corrupted"",""value"":false},{""key"":""foilVariation"",""value"":0}]",p5,0,1
"karui ward",unique,"[{""key"":""sixLink"",""value"":false},{""key"":""corrupted""},{""key"":""foilVariation"",""value"":0}]",p15,0,1
"carnage heart",unique,"[{""key"":""sixLink"",""value"":false},{""key"":""corrupted"",""value"":false},{""key"":""foilVariation"",""value"":0}]",p7,0,1
"karui ward",unique,"[{""key"":""sixLink"",""value"":false},{""key"":""corrupted"",""value"":false},{""key"":""foilVariation"",""value"":0}]",p20,0,1
"karui ward",unique,"[{""key"":""sixLink"",""value"":false},{""key"":""corrupted""},{""key"":""foilVariation"",""value"":0}]",totalValidListings,0,4
"ancient skull",unique,"[{""key"":""sixLink"",""value"":false},{""key"":""corrupted"",""value"":false},{""key"":""foilVariation"",""value"":0}]",p50,0,1
"daresso's salute",unique,"[{""key"":""sixLink"",""value"":false},{""key"":""corrupted""},{""key"":""foilVariation"",""value"":0}]",p50,0,1
"rise of the phoenix",unique,"[{""key"":""sixLink"",""value"":false},{""key"":""corrupted""},{""key"":""foilVariation"",""value"":0}]",p10,0,1
"ancient skull",unique,"[{""key"":""sixLink"",""value"":false},{""key"":""corrupted"",""value"":false},{""key"":""foilVariation"",""value"":0}]",p10,0,1
"three-step assault",unique,"[{""key"":""sixLink"",""value"":false},{""key"":""corrupted"",""value"":false},{""key"":""foilVariation"",""value"":0}]",p5,0,1
"meginord's girdle",unique,"[{""key"":""sixLink"",""value"":false},{""key"":""corrupted""},{""key"":""foilVariation"",""value"":0}]",p50,0,1
"ancient skull",unique,"[{""key"":""sixLink"",""value"":false},{""key"":""corrupted"",""value"":false},{""key"":""foilVariation"",""value"":0}]",totalQuantity,0,6
"ancient skull",unique,"[{""key"":""sixLink"",""value"":false},{""key"":""corrupted"",""value"":false},{""key"":""foilVariation"",""value"":0}]",p20,0,1
"elevore",unique,"[{""key"":""sixLink"",""value"":false},{""key"":""corrupted""},{""key"":""foilVariation"",""value"":0}]",p50,0,1
"the highwayman",unique,"[{""key"":""sixLink"",""value"":false},{""key"":""corrupted"",""value"":false},{""key"":""foilVariation"",""value"":0}]",totalQuantity,0,5
"prismweave",unique,"[{""key"":""sixLink"",""value"":false},{""key"":""corrupted"",""value"":false},{""key"":""foilVariation"",""value"":0}]",p10,0,1
"daresso's salute",unique,"[{""key"":""sixLink"",""value"":false},{""key"":""corrupted"",""value"":false},{""key"":""foilVariation"",""value"":0}]",p10,0,1
"elevore",unique,"[{""key"":""sixLink"",""value"":false},{""key"":""corrupted"",""value"":false},{""key"":""foilVariation"",""value"":0}]",totalQuantity,0,5
"ancient skull",unique,"[{""key"":""sixLink"",""value"":false},{""key"":""corrupted""},{""key"":""foilVariation"",""value"":0}]",p5,0,1
"vaal scouting report",scouting report,"[]",p50,0,1
"lioneye's vision",unique,"[{""key"":""sixLink"",""value"":false},{""key"":""corrupted"",""value"":false},{""key"":""foilVariation"",""value"":0}]",totalQuantity,0,5
"elevore",unique,"[{""key"":""sixLink"",""value"":false},{""key"":""corrupted""},{""key"":""foilVariation"",""value"":0}]",totalValidListings,0,4
"the primordial chain",unique,"[{""key"":""sixLink"",""value"":false},{""key"":""corrupted"",""value"":false},{""key"":""foilVariation"",""value"":0}]",p20,0,1
"explorer's scouting report",scouting report,"[]",p10,0,1
"daresso's salute",unique,"[{""key"":""sixLink"",""value"":false},{""key"":""corrupted""},{""key"":""foilVariation"",""value"":0}]",p7,0,1
"redbeak",unique,"[{""key"":""sixLink"",""value"":false},{""key"":""corrupted"",""value"":false},{""key"":""foilVariation"",""value"":0}]",totalValidListings,0,4
"carnage heart",unique,"[{""key"":""sixLink"",""value"":false},{""key"":""corrupted""},{""key"":""foilVariation"",""value"":0}]",p5,0,1
"lioneye's vision",unique,"[{""key"":""sixLink"",""value"":false},{""key"":""corrupted"",""value"":false},{""key"":""foilVariation"",""value"":0}]",p5,0,1
"immortal flesh",unique,"[{""key"":""sixLink"",""value"":false},{""key"":""corrupted""},{""key"":""foilVariation"",""value"":0}]",p5,0,1
"carnage heart",unique,"[{""key"":""sixLink"",""value"":false},{""key"":""corrupted""},{""key"":""foilVariation"",""value"":0}]",totalQuantity,0,4
"redbeak",unique,"[{""key"":""sixLink"",""value"":false},{""key"":""corrupted"",""value"":false},{""key"":""foilVariation"",""value"":0}]",p15,0,1
"wanderlust",unique,"[{""key"":""sixLink"",""value"":false},{""key"":""corrupted"",""value"":false},{""key"":""foilVariation"",""value"":0}]",p15,0,1
"karui ward",unique,"[{""key"":""sixLink"",""value"":false},{""key"":""corrupted""},{""key"":""foilVariation"",""value"":0}]",p10,0,1
"lioneye's vision",unique,"[{""key"":""sixLink"",""value"":false},{""key"":""corrupted"",""value"":false},{""key"":""foilVariation"",""value"":0}]",totalValidListings,0,4
"the ignomon",unique,"[{""key"":""sixLink"",""value"":false},{""key"":""corrupted"",""value"":false},{""key"":""foilVariation"",""value"":0}]",p5,0,1
"the primordial chain",unique,"[{""key"":""sixLink"",""value"":false},{""key"":""corrupted"",""value"":false},{""key"":""foilVariation"",""value"":0}]",p10,0,1
"wanderlust",unique,"[{""key"":""sixLink"",""value"":false},{""key"":""corrupted"",""value"":false},{""key"":""foilVariation"",""value"":0}]",p50,0,1
"elevore",unique,"[{""key"":""sixLink"",""value"":false},{""key"":""corrupted"",""value"":false},{""key"":""foilVariation"",""value"":0}]",p15,0,1
"carnage heart",unique,"[{""key"":""sixLink"",""value"":false},{""key"":""corrupted"",""value"":false},{""key"":""foilVariation"",""value"":0}]",p50,0,1
"the highwayman",unique,"[{""key"":""sixLink"",""value"":false},{""key"":""corrupted"",""value"":false},{""key"":""foilVariation"",""value"":0}]",p10,0,1
"gifts from above",unique,"[{""key"":""sixLink"",""value"":false},{""key"":""corrupted"",""value"":false},{""key"":""foilVariation"",""value"":0}]",totalValidListings,0,4
"winterheart",unique,"[{""key"":""sixLink"",""value"":false},{""key"":""corrupted"",""value"":false},{""key"":""foilVariation"",""value"":0}]",p15,0,1
"the three dragons",unique,"[{""key"":""sixLink"",""value"":false},{""key"":""corrupted"",""value"":false},{""key"":""foilVariation"",""value"":0}]",p10,0,1
"carnage heart",unique,"[{""key"":""sixLink"",""value"":false},{""key"":""corrupted"",""value"":false},{""key"":""foilVariation"",""value"":0}]",p10,0,1
"redbeak",unique,"[{""key"":""sixLink"",""value"":false},{""key"":""corrupted"",""value"":false},{""key"":""foilVariation"",""value"":0}]",p10,0,1
"the three dragons",unique,"[{""key"":""sixLink"",""value"":false},{""key"":""corrupted"",""value"":false},{""key"":""foilVariation"",""value"":0}]",totalQuantity,0,4
"wanderlust",unique,"[{""key"":""sixLink"",""value"":false},{""key"":""corrupted"",""value"":false},{""key"":""foilVariation"",""value"":0}]",p5,0,1
"winterheart",unique,"[{""key"":""sixLink"",""value"":false},{""key"":""corrupted"",""value"":false},{""key"":""foilVariation"",""value"":0}]",totalQuantity,0,4
"the primordial chain",unique,"[{""key"":""sixLink"",""value"":false},{""key"":""corrupted"",""value"":false},{""key"":""foilVariation"",""value"":0}]",p7,0,1
"immortal flesh",unique,"[{""key"":""sixLink"",""value"":false},{""key"":""corrupted""},{""key"":""foilVariation"",""value"":0}]",totalQuantity,0,4
"the primordial chain",unique,"[{""key"":""sixLink"",""value"":false},{""key"":""corrupted"",""value"":false},{""key"":""foilVariation"",""value"":0}]",p15,0,1
"explorer's scouting report",scouting report,"[]",p7,0,1
"rise of the phoenix",unique,"[{""key"":""sixLink"",""value"":false},{""key"":""corrupted""},{""key"":""foilVariation"",""value"":0}]",p50,0,1
"elevore",unique,"[{""key"":""sixLink"",""value"":false},{""key"":""corrupted""},{""key"":""foilVariation"",""value"":0}]",totalQuantity,0,6
"carnage heart",unique,"[{""key"":""sixLink"",""value"":false},{""key"":""corrupted""},{""key"":""foilVariation"",""value"":0}]",totalValidListings,0,4
"karui ward",unique,"[{""key"":""sixLink"",""value"":false},{""key"":""corrupted"",""value"":false},{""key"":""foilVariation"",""value"":0}]",p15,0,1
"elevore",unique,"[{""key"":""sixLink"",""value"":false},{""key"":""corrupted"",""value"":false},{""key"":""foilVariation"",""value"":0}]",p7,0,1
"obliteration",unique,"[{""key"":""sixLink"",""value"":false},{""key"":""corrupted"",""value"":false},{""key"":""foilVariation"",""value"":0}]",p10,0,1
"prismweave",unique,"[{""key"":""sixLink"",""value"":false},{""key"":""corrupted"",""value"":false},{""key"":""foilVariation"",""value"":0}]",totalValidListings,0,4
"gifts from above",unique,"[{""key"":""sixLink"",""value"":false},{""key"":""corrupted"",""value"":false},{""key"":""foilVariation"",""value"":0}]",p50,0,1
"meginord's girdle",unique,"[{""key"":""sixLink"",""value"":false},{""key"":""corrupted""},{""key"":""foilVariation"",""value"":0}]",p20,0,1
"the three dragons",unique,"[{""key"":""sixLink"",""value"":false},{""key"":""corrupted"",""value"":false},{""key"":""foilVariation"",""value"":0}]",p20,0,1
"obliteration",unique,"[{""key"":""sixLink"",""value"":false},{""key"":""corrupted""},{""key"":""foilVariation"",""value"":0}]",p7,0,1
"the ignomon",unique,"[{""key"":""sixLink"",""value"":false},{""key"":""corrupted"",""value"":false},{""key"":""foilVariation"",""value"":0}]",totalValidListings,0,4
"the three dragons",unique,"[{""key"":""sixLink"",""value"":false},{""key"":""corrupted"",""value"":false},{""key"":""foilVariation"",""value"":0}]",p5,0,1
"daresso's salute",unique,"[{""key"":""sixLink"",""value"":false},{""key"":""corrupted"",""value"":false},{""key"":""foilVariation"",""value"":0}]",p5,0,1
"karui ward",unique,"[{""key"":""sixLink"",""value"":false},{""key"":""corrupted""},{""key"":""foilVariation"",""value"":0}]",p7,0,1
"immortal flesh",unique,"[{""key"":""sixLink"",""value"":false},{""key"":""corrupted""},{""key"":""foilVariation"",""value"":0}]",p20,0,1
"daresso's salute",unique,"[{""key"":""sixLink"",""value"":false},{""key"":""corrupted"",""value"":false},{""key"":""foilVariation"",""value"":0}]",p15,0,1
"ancient skull",unique,"[{""key"":""sixLink"",""value"":false},{""key"":""corrupted""},{""key"":""foilVariation"",""value"":0}]",totalQuantity,0,5
"tear of purity",unique,"[{""key"":""sixLink"",""value"":false},{""key"":""corrupted"",""value"":false},{""key"":""foilVariation"",""value"":0}]",totalQuantity,0,6
"ancient skull",unique,"[{""key"":""sixLink"",""value"":false},{""key"":""corrupted"",""value"":false},{""key"":""foilVariation"",""value"":0}]",p5,0,1
"karui ward",unique,"[{""key"":""sixLink"",""value"":false},{""key"":""corrupted""},{""key"":""foilVariation"",""value"":0}]",p50,0,1
"karui ward",unique,"[{""key"":""sixLink"",""value"":false},{""key"":""corrupted""},{""key"":""foilVariation"",""value"":0}]",totalQuantity,0,7
"the highwayman",unique,"[{""key"":""sixLink"",""value"":false},{""key"":""corrupted"",""value"":false},{""key"":""foilVariation"",""value"":0}]",p50,0,1
"prismweave",unique,"[{""key"":""sixLink"",""value"":false},{""key"":""corrupted"",""value"":false},{""key"":""foilVariation"",""value"":0}]",p50,0,1
"the primordial chain",unique,"[{""key"":""sixLink"",""value"":false},{""key"":""corrupted"",""value"":false},{""key"":""foilVariation"",""value"":0}]",totalQuantity,0,5
"wanderlust",unique,"[{""key"":""sixLink"",""value"":false},{""key"":""corrupted"",""value"":false},{""key"":""foilVariation"",""value"":0}]",p7,0,1
"vaal scouting report",scouting report,"[]",p15,0,1
"winterheart",unique,"[{""key"":""sixLink"",""value"":false},{""key"":""corrupted"",""value"":false},{""key"":""foilVariation"",""value"":0}]",p10,0,1
"the highwayman",unique,"[{""key"":""sixLink"",""value"":false},{""key"":""corrupted"",""value"":false},{""key"":""foilVariation"",""value"":0}]",totalValidListings,0,4
"the primordial chain",unique,"[{""key"":""sixLink"",""value"":false},{""key"":""corrupted"",""value"":false},{""key"":""foilVariation"",""value"":0}]",totalValidListings,0,4
"redbeak",unique,"[{""key"":""sixLink"",""value"":false},{""key"":""corrupted"",""value"":false},{""key"":""foilVariation"",""value"":0}]",totalQuantity,0,5
"elevore",unique,"[{""key"":""sixLink"",""value"":false},{""key"":""corrupted""},{""key"":""foilVariation"",""value"":0}]",p20,0,1
"karui ward",unique,"[{""key"":""sixLink"",""value"":false},{""key"":""corrupted""},{""key"":""foilVariation"",""value"":0}]",p20,0,1
"vaal scouting report",scouting report,"[]",p20,0,1
"carnage heart",unique,"[{""key"":""sixLink"",""value"":false},{""key"":""corrupted""},{""key"":""foilVariation"",""value"":0}]",p50,0,1
"rise of the phoenix",unique,"[{""key"":""sixLink"",""value"":false},{""key"":""corrupted""},{""key"":""foilVariation"",""value"":0}]",p15,0,1
"ancient skull",unique,"[{""key"":""sixLink"",""value"":false},{""key"":""corrupted""},{""key"":""foilVariation"",""value"":0}]",p20,0,1
"ancient skull",unique,"[{""key"":""sixLink"",""value"":false},{""key"":""corrupted"",""value"":false},{""key"":""foilVariation"",""value"":0}]",p7,0,1
"elevore",unique,"[{""key"":""sixLink"",""value"":false},{""key"":""corrupted"",""value"":false},{""key"":""foilVariation"",""value"":0}]",p50,0,1
"wanderlust",unique,"[{""key"":""sixLink"",""value"":false},{""key"":""corrupted"",""value"":false},{""key"":""foilVariation"",""value"":0}]",p10,0,1
"redbeak",unique,"[{""key"":""sixLink"",""value"":false},{""key"":""corrupted"",""value"":false},{""key"":""foilVariation"",""value"":0}]",p50,0,1
"winterheart",unique,"[{""key"":""sixLink"",""value"":false},{""key"":""corrupted"",""value"":false},{""key"":""foilVariation"",""value"":0}]",p5,0,1
"carnage heart",unique,"[{""key"":""sixLink"",""value"":false},{""key"":""corrupted""},{""key"":""foilVariation"",""value"":0}]",p20,0,1
"daresso's salute",unique,"[{""key"":""sixLink"",""value"":false},{""key"":""corrupted""},{""key"":""foilVariation"",""value"":0}]",p15,0,1
"carnage heart",unique,"[{""key"":""sixLink"",""value"":false},{""key"":""corrupted""},{""key"":""foilVariation"",""value"":0}]",p10,0,1
"the three dragons",unique,"[{""key"":""sixLink"",""value"":false},{""key"":""corrupted"",""value"":false},{""key"":""foilVariation"",""value"":0}]",p7,0,1
"the highwayman",unique,"[{""key"":""sixLink"",""value"":false},{""key"":""corrupted"",""value"":false},{""key"":""foilVariation"",""value"":0}]",p5,0,1
"the ignomon",unique,"[{""key"":""sixLink"",""value"":false},{""key"":""corrupted"",""value"":false},{""key"":""foilVariation"",""value"":0}]",p7,0,1
"elevore",unique,"[{""key"":""sixLink"",""value"":false},{""key"":""corrupted"",""value"":false},{""key"":""foilVariation"",""value"":0}]",p5,0,1
"lioneye's vision",unique,"[{""key"":""sixLink"",""value"":false},{""key"":""corrupted"",""value"":false},{""key"":""foilVariation"",""value"":0}]",p20,0,1
"ancient skull",unique,"[{""key"":""sixLink"",""value"":false},{""key"":""corrupted""},{""key"":""foilVariation"",""value"":0}]",p15,0,1
"the primordial chain",unique,"[{""key"":""sixLink"",""value"":false},{""key"":""corrupted"",""value"":false},{""key"":""foilVariation"",""value"":0}]",p50,0,1
"explorer's scouting report",scouting report,"[]",p50,0,1
"wanderlust",unique,"[{""key"":""sixLink"",""value"":false},{""key"":""corrupted"",""value"":false},{""key"":""foilVariation"",""value"":0}]",totalQuantity,0,9
"elevore",unique,"[{""key"":""sixLink"",""value"":false},{""key"":""corrupted""},{""key"":""foilVariation"",""value"":0}]",p15,0,1
"three-step assault",unique,"[{""key"":""sixLink"",""value"":false},{""key"":""corrupted"",""value"":false},{""key"":""foilVariation"",""value"":0}]",totalQuantity,0,5
"the highwayman",unique,"[{""key"":""sixLink"",""value"":false},{""key"":""corrupted"",""value"":false},{""key"":""foilVariation"",""value"":0}]",p20,0,1
"the ignomon",unique,"[{""key"":""sixLink"",""value"":false},{""key"":""corrupted"",""value"":false},{""key"":""foilVariation"",""value"":0}]",p10,0,1
"rise of the phoenix",unique,"[{""key"":""sixLink"",""value"":false},{""key"":""corrupted""},{""key"":""foilVariation"",""value"":0}]",p5,0,1
"rise of the phoenix",unique,"[{""key"":""sixLink"",""value"":false},{""key"":""corrupted""},{""key"":""foilVariation"",""value"":0}]",p20,0,1
"gifts from above",unique,"[{""key"":""sixLink"",""value"":false},{""key"":""corrupted"",""value"":false},{""key"":""foilVariation"",""value"":0}]",p5,0,1
"three-step assault",unique,"[{""key"":""sixLink"",""value"":false},{""key"":""corrupted"",""value"":false},{""key"":""foilVariation"",""value"":0}]",totalValidListings,0,4
"tear of purity",unique,"[{""key"":""sixLink"",""value"":false},{""key"":""corrupted"",""value"":false},{""key"":""foilVariation"",""value"":0}]",p20,0,1
"carnage heart",unique,"[{""key"":""sixLink"",""value"":false},{""key"":""corrupted"",""value"":false},{""key"":""foilVariation"",""value"":0}]",p5,0,1
"tear of purity",unique,"[{""key"":""sixLink"",""value"":false},{""key"":""corrupted"",""value"":false},{""key"":""foilVariation"",""value"":0}]",totalValidListings,0,4
"obliteration",unique,"[{""key"":""sixLink"",""value"":false},{""key"":""corrupted"",""value"":false},{""key"":""foilVariation"",""value"":0}]",p15,0,1
"vaal scouting report",scouting report,"[]",totalValidListings,0,4
"daresso's salute",unique,"[{""key"":""sixLink"",""value"":false},{""key"":""corrupted""},{""key"":""foilVariation"",""value"":0}]",p5,0,1
"the three dragons",unique,"[{""key"":""sixLink"",""value"":false},{""key"":""corrupted"",""value"":false},{""key"":""foilVariation"",""value"":0}]",p50,0,1
"winterheart",unique,"[{""key"":""sixLink"",""value"":false},{""key"":""corrupted"",""value"":false},{""key"":""foilVariation"",""value"":0}]",p50,0,1
"gifts from above",unique,"[{""key"":""sixLink"",""value"":false},{""key"":""corrupted"",""value"":false},{""key"":""foilVariation"",""value"":0}]",p15,0,1
"redbeak",unique,"[{""key"":""sixLink"",""value"":false},{""key"":""corrupted"",""value"":false},{""key"":""foilVariation"",""value"":0}]",p20,0,1
"three-step assault",unique,"[{""key"":""sixLink"",""value"":false},{""key"":""corrupted"",""value"":false},{""key"":""foilVariation"",""value"":0}]",p50,0,1
"karui ward",unique,"[{""key"":""sixLink"",""value"":false},{""key"":""corrupted"",""value"":false},{""key"":""foilVariation"",""value"":0}]",p5,0,1
"winterheart",unique,"[{""key"":""sixLink"",""value"":false},{""key"":""corrupted"",""value"":false},{""key"":""foilVariation"",""value"":0}]",p7,0,1
"gifts from above",unique,"[{""key"":""sixLink"",""value"":false},{""key"":""corrupted"",""value"":false},{""key"":""foilVariation"",""value"":0}]",p20,0,1
"daresso's salute",unique,"[{""key"":""sixLink"",""value"":false},{""key"":""corrupted""},{""key"":""foilVariation"",""value"":0}]",totalQuantity,0,4
"elevore",unique,"[{""key"":""sixLink"",""value"":false},{""key"":""corrupted""},{""key"":""foilVariation"",""value"":0}]",p10,0,1
"lioneye's vision",unique,"[{""key"":""sixLink"",""value"":false},{""key"":""corrupted"",""value"":false},{""key"":""foilVariation"",""value"":0}]",p10,0,1
"obliteration",unique,"[{""key"":""sixLink"",""value"":false},{""key"":""corrupted""},{""key"":""foilVariation"",""value"":0}]",p15,0,1
"meginord's girdle",unique,"[{""key"":""sixLink"",""value"":false},{""key"":""corrupted""},{""key"":""foilVariation"",""value"":0}]",totalValidListings,0,4
"tear of purity",unique,"[{""key"":""sixLink"",""value"":false},{""key"":""corrupted"",""value"":false},{""key"":""foilVariation"",""value"":0}]",p5,0,1
"gifts from above",unique,"[{""key"":""sixLink"",""value"":false},{""key"":""corrupted"",""value"":false},{""key"":""foilVariation"",""value"":0}]",p7,0,1
"lioneye's vision",unique,"[{""key"":""sixLink"",""value"":false},{""key"":""corrupted"",""value"":false},{""key"":""foilVariation"",""value"":0}]",p7,0,1
"meginord's girdle",unique,"[{""key"":""sixLink"",""value"":false},{""key"":""corrupted""},{""key"":""foilVariation"",""value"":0}]",p5,0,1
"elevore",unique,"[{""key"":""sixLink"",""value"":false},{""key"":""corrupted"",""value"":false},{""key"":""foilVariation"",""value"":0}]",p10,0,1
"prismweave",unique,"[{""key"":""sixLink"",""value"":false},{""key"":""corrupted"",""value"":false},{""key"":""foilVariation"",""value"":0}]",p5,0,1
"karui ward",unique,"[{""key"":""sixLink"",""value"":false},{""key"":""corrupted"",""value"":false},{""key"":""foilVariation"",""value"":0}]",p50,0,1
"three-step assault",unique,"[{""key"":""sixLink"",""value"":false},{""key"":""corrupted"",""value"":false},{""key"":""foilVariation"",""value"":0}]",p10,0,1
"carnage heart",unique,"[{""key"":""sixLink"",""value"":false},{""key"":""corrupted""},{""key"":""foilVariation"",""value"":0}]",p7,0,1
"obliteration",unique,"[{""key"":""sixLink"",""value"":false},{""key"":""corrupted""},{""key"":""foilVariation"",""value"":0}]",totalValidListings,0,4
"karui ward",unique,"[{""key"":""sixLink"",""value"":false},{""key"":""corrupted"",""value"":false},{""key"":""foilVariation"",""value"":0}]",p10,0,1
"vaal scouting report",scouting report,"[]",totalQuantity,0,13
"carnage heart",unique,"[{""key"":""sixLink"",""value"":false},{""key"":""corrupted""},{""key"":""foilVariation"",""value"":0}]",p15,0,1
"obliteration",unique,"[{""key"":""sixLink"",""value"":false},{""key"":""corrupted""},{""key"":""foilVariation"",""value"":0}]",p20,0,1
"ancient skull",unique,"[{""key"":""sixLink"",""value"":false},{""key"":""corrupted"",""value"":false},{""key"":""foilVariation"",""value"":0}]",totalValidListings,0,4
"vaal scouting report",scouting report,"[]",p5,0,1
"explorer's scouting report",scouting report,"[]",totalValidListings,0,4
"gifts from above",unique,"[{""key"":""sixLink"",""value"":false},{""key"":""corrupted"",""value"":false},{""key"":""foilVariation"",""value"":0}]",totalQuantity,0,4
"karui ward",unique,"[{""key"":""sixLink"",""value"":false},{""key"":""corrupted"",""value"":false},{""key"":""foilVariation"",""value"":0}]",p7,0,1
"three-step assault",unique,"[{""key"":""sixLink"",""value"":false},{""key"":""corrupted"",""value"":false},{""key"":""foilVariation"",""value"":0}]",p7,0,1
"three-step assault",unique,"[{""key"":""sixLink"",""value"":false},{""key"":""corrupted"",""value"":false},{""key"":""foilVariation"",""value"":0}]",p15,0,1
"three-step assault",unique,"[{""key"":""sixLink"",""value"":false},{""key"":""corrupted"",""value"":false},{""key"":""foilVariation"",""value"":0}]",p20,0,1
"the ignomon",unique,"[{""key"":""sixLink"",""value"":false},{""key"":""corrupted"",""value"":false},{""key"":""foilVariation"",""value"":0}]",p15,0,1
"winterheart",unique,"[{""key"":""sixLink"",""value"":false},{""key"":""corrupted"",""value"":false},{""key"":""foilVariation"",""value"":0}]",totalValidListings,0,4
"prismweave",unique,"[{""key"":""sixLink"",""value"":false},{""key"":""corrupted"",""value"":false},{""key"":""foilVariation"",""value"":0}]",p20,0,1
"obliteration",unique,"[{""key"":""sixLink"",""value"":false},{""key"":""corrupted""},{""key"":""foilVariation"",""value"":0}]",p5,0,1
"obliteration",unique,"[{""key"":""sixLink"",""value"":false},{""key"":""corrupted"",""value"":false},{""key"":""foilVariation"",""value"":0}]",p7,0,1
"meginord's girdle",unique,"[{""key"":""sixLink"",""value"":false},{""key"":""corrupted""},{""key"":""foilVariation"",""value"":0}]",totalQuantity,0,4
"wanderlust",unique,"[{""key"":""sixLink"",""value"":false},{""key"":""corrupted"",""value"":false},{""key"":""foilVariation"",""value"":0}]",totalValidListings,0,4
"prismweave",unique,"[{""key"":""sixLink"",""value"":false},{""key"":""corrupted"",""value"":false},{""key"":""foilVariation"",""value"":0}]",p7,0,1
"karui ward",unique,"[{""key"":""sixLink"",""value"":false},{""key"":""corrupted"",""value"":false},{""key"":""foilVariation"",""value"":0}]",totalQuantity,0,7
"ancient skull",unique,"[{""key"":""sixLink"",""value"":false},{""key"":""corrupted""},{""key"":""foilVariation"",""value"":0}]",p7,0,1
"the ignomon",unique,"[{""key"":""sixLink"",""value"":false},{""key"":""corrupted"",""value"":false},{""key"":""foilVariation"",""value"":0}]",p50,0,1
"the highwayman",unique,"[{""key"":""sixLink"",""value"":false},{""key"":""corrupted"",""value"":false},{""key"":""foilVariation"",""value"":0}]",p15,0,1
"tear of purity",unique,"[{""key"":""sixLink"",""value"":false},{""key"":""corrupted"",""value"":false},{""key"":""foilVariation"",""value"":0}]",p10,0,1
"immortal flesh",unique,"[{""key"":""sixLink"",""value"":false},{""key"":""corrupted""},{""key"":""foilVariation"",""value"":0}]",p10,0,1
"tear of purity",unique,"[{""key"":""sixLink"",""value"":false},{""key"":""corrupted"",""value"":false},{""key"":""foilVariation"",""value"":0}]",p15,0,1
"vaal scouting report",scouting report,"[]",p7,0,1
"obliteration",unique,"[{""key"":""sixLink"",""value"":false},{""key"":""corrupted"",""value"":false},{""key"":""foilVariation"",""value"":0}]",totalValidListings,0,4
"gifts from above",unique,"[{""key"":""sixLink"",""value"":false},{""key"":""corrupted"",""value"":false},{""key"":""foilVariation"",""value"":0}]",p10,0,1
"ancient skull",unique,"[{""key"":""sixLink"",""value"":false},{""key"":""corrupted"",""value"":false},{""key"":""foilVariation"",""value"":0}]",p15,0,1
"lioneye's vision",unique,"[{""key"":""sixLink"",""value"":false},{""key"":""corrupted"",""value"":false},{""key"":""foilVariation"",""value"":0}]",p50,0,1
"vaal scouting report",scouting report,"[]",p10,0,1
"redbeak",unique,"[{""key"":""sixLink"",""value"":false},{""key"":""corrupted"",""value"":false},{""key"":""foilVariation"",""value"":0}]",p5,0,1
"daresso's salute",unique,"[{""key"":""sixLink"",""value"":false},{""key"":""corrupted"",""value"":false},{""key"":""foilVariation"",""value"":0}]",p50,0,1
"tear of purity",unique,"[{""key"":""sixLink"",""value"":false},{""key"":""corrupted"",""value"":false},{""key"":""foilVariation"",""value"":0}]",p7,0,1
"prismweave",unique,"[{""key"":""sixLink"",""value"":false},{""key"":""corrupted"",""value"":false},{""key"":""foilVariation"",""value"":0}]",totalQuantity,0,4
"ancient skull",unique,"[{""key"":""sixLink"",""value"":false},{""key"":""corrupted""},{""key"":""foilVariation"",""value"":0}]",p10,0,1
"karui ward",unique,"[{""key"":""sixLink"",""value"":false},{""key"":""corrupted""},{""key"":""foilVariation"",""value"":0}]",p5,0,1
"the three dragons",unique,"[{""key"":""sixLink"",""value"":false},{""key"":""corrupted"",""value"":false},{""key"":""foilVariation"",""value"":0}]",totalValidListings,0,4
"obliteration",unique,"[{""key"":""sixLink"",""value"":false},{""key"":""corrupted"",""value"":false},{""key"":""foilVariation"",""value"":0}]",totalQuantity,0,6
"daresso's salute",unique,"[{""key"":""sixLink"",""value"":false},{""key"":""corrupted""},{""key"":""foilVariation"",""value"":0}]",totalValidListings,0,4
"explorer's scouting report",scouting report,"[]",p15,0,1
"immortal flesh",unique,"[{""key"":""sixLink"",""value"":false},{""key"":""corrupted""},{""key"":""foilVariation"",""value"":0}]",totalValidListings,0,4
"carnage heart",unique,"[{""key"":""sixLink"",""value"":false},{""key"":""corrupted"",""value"":false},{""key"":""foilVariation"",""value"":0}]",p15,0,1
"daresso's salute",unique,"[{""key"":""sixLink"",""value"":false},{""key"":""corrupted"",""value"":false},{""key"":""foilVariation"",""value"":0}]",totalQuantity,0,4
"meginord's girdle",unique,"[{""key"":""sixLink"",""value"":false},{""key"":""corrupted""},{""key"":""foilVariation"",""value"":0}]",p7,0,1
"obliteration",unique,"[{""key"":""sixLink"",""value"":false},{""key"":""corrupted""},{""key"":""foilVariation"",""value"":0}]",p50,0,1
"immortal flesh",unique,"[{""key"":""sixLink"",""value"":false},{""key"":""corrupted""},{""key"":""foilVariation"",""value"":0}]",p15,0,1
"rise of the phoenix",unique,"[{""key"":""sixLink"",""value"":false},{""key"":""corrupted""},{""key"":""foilVariation"",""value"":0}]",totalQuantity,0,4
"daresso's salute",unique,"[{""key"":""sixLink"",""value"":false},{""key"":""corrupted"",""value"":false},{""key"":""foilVariation"",""value"":0}]",p20,0,1
"daresso's salute",unique,"[{""key"":""sixLink"",""value"":false},{""key"":""corrupted""},{""key"":""foilVariation"",""value"":0}]",p20,0,1
"daresso's salute",unique,"[{""key"":""sixLink"",""value"":false},{""key"":""corrupted"",""value"":false},{""key"":""foilVariation"",""value"":0}]",totalValidListings,0,4
"elevore",unique,"[{""key"":""sixLink"",""value"":false},{""key"":""corrupted""},{""key"":""foilVariation"",""value"":0}]",p7,0,1
"winterheart",unique,"[{""key"":""sixLink"",""value"":false},{""key"":""corrupted"",""value"":false},{""key"":""foilVariation"",""value"":0}]",p20,0,1
"the three dragons",unique,"[{""key"":""sixLink"",""value"":false},{""key"":""corrupted"",""value"":false},{""key"":""foilVariation"",""value"":0}]",p15,0,1
"karui ward",unique,"[{""key"":""sixLink"",""value"":false},{""key"":""corrupted"",""value"":false},{""key"":""foilVariation"",""value"":0}]",totalValidListings,0,4
"the ignomon",unique,"[{""key"":""sixLink"",""value"":false},{""key"":""corrupted"",""value"":false},{""key"":""foilVariation"",""value"":0}]",totalQuantity,0,5
"obliteration",unique,"[{""key"":""sixLink"",""value"":false},{""key"":""corrupted"",""value"":false},{""key"":""foilVariation"",""value"":0}]",p20,0,1
"rise of the phoenix",unique,"[{""key"":""sixLink"",""value"":false},{""key"":""corrupted""},{""key"":""foilVariation"",""value"":0}]",p7,0,1
"the primordial chain",unique,"[{""key"":""sixLink"",""value"":false},{""key"":""corrupted"",""value"":false},{""key"":""foilVariation"",""value"":0}]",p5,0,1
"the highwayman",unique,"[{""key"":""sixLink"",""value"":false},{""key"":""corrupted"",""value"":false},{""key"":""foilVariation"",""value"":0}]",p7,0,1
"lioneye's vision",unique,"[{""key"":""sixLink"",""value"":false},{""key"":""corrupted"",""value"":false},{""key"":""foilVariation"",""value"":0}]",p15,0,1
"tear of purity",unique,"[{""key"":""sixLink"",""value"":false},{""key"":""corrupted"",""value"":false},{""key"":""foilVariation"",""value"":0}]",p50,0,1
"carnage heart",unique,"[{""key"":""sixLink"",""value"":false},{""key"":""corrupted"",""value"":false},{""key"":""foilVariation"",""value"":0}]",totalValidListings,0,4
"explorer's scouting report",scouting report,"[]",totalQuantity,0,9
"redbeak",unique,"[{""key"":""sixLink"",""value"":false},{""key"":""corrupted"",""value"":false},{""key"":""foilVariation"",""value"":0}]",p7,0,1
"wanderlust",unique,"[{""key"":""sixLink"",""value"":false},{""key"":""corrupted"",""value"":false},{""key"":""foilVariation"",""value"":0}]",p20,0,1
"obliteration",unique,"[{""key"":""sixLink"",""value"":false},{""key"":""corrupted""},{""key"":""foilVariation"",""value"":0}]",totalQuantity,0,5
"carnage heart",unique,"[{""key"":""sixLink"",""value"":false},{""key"":""corrupted"",""value"":false},{""key"":""foilVariation"",""value"":0}]",p20,0,1
"immortal flesh",unique,"[{""key"":""sixLink"",""value"":false},{""key"":""corrupted""},{""key"":""foilVariation"",""value"":0}]",p7,0,1
"the ignomon",unique,"[{""key"":""sixLink"",""value"":false},{""key"":""corrupted"",""value"":false},{""key"":""foilVariation"",""value"":0}]",p20,0,1
"explorer's scouting report",scouting report,"[]",p20,0,1
"ancient skull",unique,"[{""key"":""sixLink"",""value"":false},{""key"":""corrupted""},{""key"":""foilVariation"",""value"":0}]",p50,0,1
"meginord's girdle",unique,"[{""key"":""sixLink"",""value"":false},{""key"":""corrupted""},{""key"":""foilVariation"",""value"":0}]",p15,0,1
"daresso's salute",unique,"[{""key"":""sixLink"",""value"":false},{""key"":""corrupted""},{""key"":""foilVariation"",""value"":0}]",p10,0,1
"meginord's girdle",unique,"[{""key"":""sixLink"",""value"":false},{""key"":""corrupted""},{""key"":""foilVariation"",""value"":0}]",p10,0,1
"obliteration",unique,"[{""key"":""sixLink"",""value"":false},{""key"":""corrupted""},{""key"":""foilVariation"",""value"":0}]",p10,0,1
"explorer's scouting report",scouting report,"[]",p5,0,1
"prismweave",unique,"[{""key"":""sixLink"",""value"":false},{""key"":""corrupted"",""value"":false},{""key"":""foilVariation"",""value"":0}]",p15,0,1
"ancient skull",unique,"[{""key"":""sixLink"",""value"":false},{""key"":""corrupted""},{""key"":""foilVariation"",""value"":0}]",totalValidListings,0,4
"daresso's salute",unique,"[{""key"":""sixLink"",""value"":false},{""key"":""corrupted"",""value"":false},{""key"":""foilVariation"",""value"":0}]",p7,0,1
"rise of the phoenix",unique,"[{""key"":""sixLink"",""value"":false},{""key"":""corrupted""},{""key"":""foilVariation"",""value"":0}]",totalValidListings,0,4