"primal crystallised lifeforce",currency,"[]",p20,50,0.006285714285714286
"orb of regret",currency,"[]",p5,0,3
"armourer's scrap",currency,"[]",p5,0,0.05083333333333333
"additional accuracy support",gem,"[{""key"":""lvl"",""value"":""1""},{""key"":""typeLine"",""value"":""additional accuracy support""},{""key"":""corrutped"",""value"":false},{""key"":""quality"",""value"":""0""}]",p15,0,1
"brightbeak",unique,"[{""key"":""sixLink"",""value"":false},{""key"":""corrupted""},{""key"":""foilVariation"",""value"":0}]",p5,0,20
"vivid crystallised lifeforce",currency,"[]",p15,0,0.008599105812220566
"orb of transmutation",currency,"[]",p5,18,0.03433333333333333
"regal orb",currency,"[]",p5,0,2.15
"added lightning damage support",gem,"[{""key"":""lvl"",""value"":""1""},{""key"":""typeLine"",""value"":""added lightning damage support""},{""key"":""corrutped"",""value"":false},{""key"":""quality"",""value"":""0""}]",p15,0,0.5
"added lightning damage support",gem,"[{""key"":""lvl"",""value"":""1""},{""key"":""typeLine"",""value"":""added lightning damage support""},{""key"":""corrutped"",""value"":false},{""key"":""quality"",""value"":""0""}]",p10,0,0.5
"chromatic orb",currency,"[]",p15,0,0.0688095238095238
"primal crystallised lifeforce",currency,"[]",p10,0,0.005642857142857143
"chromatic orb",currency,"[]",totalQuantity,0,890
"primal crystallised lifeforce",currency,"[]",p10,100,0.005642857142857143
"portal scroll",currency,"[]",p20,18,0.01666666666666667
"voidbringer",unique,"[{""key"":""sixLink"",""value"":false},{""key"":""corrupted"",""value"":false},{""key"":""foilVariation"",""value"":0}]",p7,0,1
"vaal orb",currency,"[]",p7,0,2.521
"jeweller's orb",currency,"[]",totalQuantity,9,597
"explorer's scouting report",scouting report,"[]",p5,0,1
"noxious catalyst",currency,"[]",p15,0,0.89
"splitting steel",gem,"[{""key"":""lvl"",""value"":""1-18""},{""key"":""typeLine"",""value"":""splitting steel""},{""key"":""corrutped""},{""key"":""quality"",""value"":""0""}]",totalValidListings,0,4
"orb of transmutation",currency,"[]",p15,30,0.03633333333333334
"additional accuracy support",gem,"[{""key"":""lvl"",""value"":""1""},{""key"":""typeLine"",""value"":""additional accuracy support""},{""key"":""corrutped"",""value"":false},{""key"":""quality"",""value"":""0""}]",p5,0,1
"orb of transmutation",currency,"[]",p7,9,0.03473333333333333
"orb of transmutation",currency,"[]",p15,0,0.05
"orb of alchemy",currency,"[]",p10,0,0.88
"portal scroll",currency,"[]",p7,0,0.01666666666666667
"eternal damnation",unique,"[{""key"":""sixLink"",""value"":false},{""key"":""corrupted"",""value"":false},{""key"":""foilVariation"",""value"":0}]",p10,0,1.6
"orb of alchemy",currency,"[]",p20,50,0.8664912280701753
"vivid crystallised lifeforce",currency,"[]",p5,30,0.004103896103896104
"chromatic orb",currency,"[]",p20,9,0.06952380952380952
"primal crystallised lifeforce",currency,"[]",p20,100,0.006285714285714286
"brightbeak",unique,"[{""key"":""sixLink"",""value"":false},{""key"":""corrupted""},{""key"":""foilVariation"",""value"":0}]",p50,0,20
"simulacrum splinter",fragment,"[]",p10,0,0.335
"orb of transmutation",currency,"[]",p20,50,0.03733333333333334
"added lightning damage support",gem,"[{""key"":""lvl"",""value"":""1""},{""key"":""typeLine"",""value"":""added lightning damage support""},{""key"":""corrutped"",""value"":false},{""key"":""quality"",""value"":""0""}]",p7,0,0.5
"behead support",gem,"[{""key"":""lvl"",""value"":""1""},{""key"":""typeLine"",""value"":""behead support""},{""key"":""corrutped"",""value"":false},{""key"":""quality"",""value"":""0""}]",p7,0,1
"city square map",map,"[{""key"":""tier"",""value"":""11""}]",p20,0,1.9
"simulacrum splinter",fragment,"[]",totalValidListings,0,4
"chromatic orb",currency,"[]",p10,30,0.0680952380952381
"primal crystallised lifeforce",currency,"[]",totalQuantity,30,10057
"portal scroll",currency,"[]",totalValidListings,9,4
"wild crystallised lifeforce",currency,"[]",totalValidListings,18,4
"orb of alchemy",currency,"[]",p5,18,0.8166228070175439
"string of servitude",unique,"[{""key"":""sixLink"",""value"":false},{""key"":""corrupted"",""value"":true},{""key"":""foilVariation"",""value"":0}]",p10,0,2.3
"portal scroll",currency,"[]",p15,0,0.01666666666666667
"jeweller's orb",currency,"[]",p15,0,0.125
"orb of alchemy",currency,"[]",totalQuantity,50,1402
"portal scroll",currency,"[]",p50,100,0.02083333333333334
"grand eldritch ember",currency,"[]",p10,0,2.3
"the primordial chain",unique,"[{""key"":""sixLink"",""value"":false},{""key"":""corrupted"",""value"":false},{""key"":""foilVariation"",""value"":0}]",totalQuantity,0,4
"orb of regret",currency,"[]",totalQuantity,0,18
"vivid crystallised lifeforce",currency,"[]",totalQuantity,18,1843
"orb of annulment",currency,"[]",p10,0,9.2
"orb of alchemy",currency,"[]",totalValidListings,30,4
"pinpoint support",gem,"[{""key"":""lvl"",""value"":""1""},{""key"":""typeLine"",""value"":""pinpoint support""},{""key"":""corrutped"",""value"":false},{""key"":""quality"",""value"":""0""}]",totalValidListings,0,4
"imbued catalyst",currency,"[]",p50,0,0.75
"brightbeak",unique,"[{""key"":""sixLink"",""value"":false},{""key"":""corrupted""},{""key"":""foilVariation"",""value"":0}]",totalQuantity,0,4
"city square map",map,"[{""key"":""tier"",""value"":""11""}]",p7,0,1.8025
"astragali",artifacts,"[]",p7,0,1
"chromatic orb",currency,"[]",totalQuantity,9,890
"black oil",oil,"[]",p10,0,2.3
"vaal orb",currency,"[]",p50,0,2.8
"behead support",gem,"[{""key"":""lvl"",""value"":""1""},{""key"":""typeLine"",""value"":""behead support""},{""key"":""corrutped"",""value"":false},{""key"":""quality"",""value"":""0""}]",totalValidListings,0,4
"divine orb",currency,"[]",p20,0,25
"portal scroll",currency,"[]",p5,30,0.01666666666666667
"jeweller's orb",currency,"[]",p20,0,0.125
"noxious catalyst",currency,"[]",p7,0,0.8420000000000001
"orb of transmutation",currency,"[]",p15,50,0.03633333333333334
"ancestral call support",gem,"[{""key"":""lvl"",""value"":""1""},{""key"":""typeLine"",""value"":""ancestral call support""},{""key"":""corrutped"",""value"":false},{""key"":""quality"",""value"":""0""}]",p10,0,1
"wild crystallised lifeforce",currency,"[]",p20,9,0.009076923076923078
"primal crystallised lifeforce",currency,"[]",p5,500,0.005321428571428572
"primal crystallised lifeforce",currency,"[]",totalValidListings,50,4
"wild crystallised lifeforce",currency,"[]",totalValidListings,0,4
"wild crystallised lifeforce",currency,"[]",p20,50,0.009076923076923078
"orb of transmutation",currency,"[]",totalQuantity,18,2217
"crescent splinter",fragment,"[]",p50,0,5
"primal crystallised lifeforce",currency,"[]",p50,30,0.007142857142857143
"freezing pulse",gem,"[{""key"":""lvl"",""value"":""1""},{""key"":""typeLine"",""value"":""freezing pulse""},{""key"":""corrutped"",""value"":false},{""key"":""quality"",""value"":""0""}]",p20,0,0.45
"ancestral call support",gem,"[{""key"":""lvl"",""value"":""1""},{""key"":""typeLine"",""value"":""ancestral call support""},{""key"":""corrutped"",""value"":false},{""key"":""quality"",""value"":""0""}]",p50,0,1
"simulacrum splinter",fragment,"[]",totalQuantity,0,337
"orb of alchemy",currency,"[]",totalQuantity,18,1354
"added lightning damage support",gem,"[{""key"":""lvl"",""value"":""1""},{""key"":""typeLine"",""value"":""added lightning damage support""},{""key"":""corrutped"",""value"":false},{""key"":""quality"",""value"":""0""}]",p50,0,0.75
"minion damage support",gem,"[{""key"":""lvl"",""value"":""1""},{""key"":""typeLine"",""value"":""minion damage support""},{""key"":""corrutped"",""value"":false},{""key"":""quality"",""value"":""0""}]",totalValidListings,0,4
"primal crystallised lifeforce",currency,"[]",p7,30,0.00545
"portal scroll",currency,"[]",p7,50,0.01666666666666667
"orb of transmutation",currency,"[]",p7,30,0.03473333333333333
"portal scroll",currency,"[]",p50,18,0.02083333333333334
"freezing pulse",gem,"[{""key"":""lvl"",""value"":""1""},{""key"":""typeLine"",""value"":""freezing pulse""},{""key"":""corrutped"",""value"":false},{""key"":""quality"",""value"":""0""}]",p7,0,0.32
"orb of alteration",currency,"[]",p20,18,0.28
"battlemage's cry",gem,"[{""key"":""lvl"",""value"":""1""},{""key"":""typeLine"",""value"":""battlemage's cry support""},{""key"":""corrutped"",""value"":false},{""key"":""quality"",""value"":""0""}]",p10,0,0.325
"orb of alteration",currency,"[]",totalQuantity,0,147
"eternal damnation",unique,"[{""key"":""sixLink"",""value"":false},{""key"":""corrupted"",""value"":false},{""key"":""foilVariation"",""value"":0}]",totalQuantity,0,5
"eternal damnation",unique,"[{""key"":""sixLink"",""value"":false},{""key"":""corrupted"",""value"":false},{""key"":""foilVariation"",""value"":0}]",p20,0,2.2
"increased critical strikes support",gem,"[{""key"":""lvl"",""value"":""1""},{""key"":""typeLine"",""value"":""increased critical strikes support""},{""key"":""corrutped"",""value"":false},{""key"":""quality"",""value"":""0""}]",p15,0,1
"orb of transmutation",currency,"[]",p7,18,0.03473333333333333
"wild crystallised lifeforce",currency,"[]",p15,50,0.008730769230769231
"essence worm",unique,"[{""key"":""sixLink"",""value"":false},{""key"":""corrupted"",""value"":false},{""key"":""foilVariation"",""value"":0}]",p15,0,1
"orb of transmutation",currency,"[]",p50,0,0.05
"vivid crystallised lifeforce",currency,"[]",totalQuantity,0,1843
"grand eldritch ember",currency,"[]",p50,0,3.5
"orb of alchemy",currency,"[]",p10,9,0.8332456140350877
"metallic fossil",fossil,"[]",p15,0,1
"exalted orb",currency,"[]",p7,0,31.575
"portal scroll",currency,"[]",totalValidListings,30,4
"orb of alchemy",currency,"[]",p5,9,0.8166228070175439
"ancestral call support",gem,"[{""key"":""lvl"",""value"":""1""},{""key"":""typeLine"",""value"":""ancestral call support""},{""key"":""corrutped"",""value"":false},{""key"":""quality"",""value"":""0""}]",p20,0,1
"primal crystallised lifeforce",currency,"[]",p50,500,0.007142857142857143
"tainted jeweller's orb",currency,"[]",totalQuantity,0,11
"wild crystallised lifeforce",currency,"[]",p50,0,0.008012820512820512
"orb of transmutation",currency,"[]",totalValidListings,9,4
"wild crystallised lifeforce",currency,"[]",totalValidListings,50,4
"black oil",oil,"[]",p50,0,3
"tainted blacksmith's whetstone",currency,"[]",p15,0,1
"chromatic orb",currency,"[]",totalValidListings,0,4
"turbulent catalyst",currency,"[]",p10,0,0.43
"grand eldritch ember",currency,"[]",p20,0,2.6
"vivid crystallised lifeforce",currency,"[]",p5,18,0.008330849478390462
"replica last resort",unique,"[{""key"":""sixLink"",""value"":false},{""key"":""corrupted"",""value"":false},{""key"":""foilVariation"",""value"":0}]",p15,0,4.45
"vaal orb",currency,"[]",totalValidListings,9,3
"portal scroll",currency,"[]",p5,50,0.01666666666666667
"vivid crystallised lifeforce",currency,"[]",totalQuantity,50,6361
"jeweller's orb",currency,"[]",p10,0,0.125
"tainted blacksmith's whetstone",currency,"[]",totalQuantity,0,6
"splitting steel",gem,"[{""key"":""lvl"",""value"":""1-18""},{""key"":""typeLine"",""value"":""splitting steel""},{""key"":""corrutped""},{""key"":""quality"",""value"":""0""}]",p5,0,0.5
"chromatic orb",currency,"[]",p5,18,0.06738095238095237
"orb of alchemy",currency,"[]",p15,50,0.8498684210526315
"ancestral call support",gem,"[{""key"":""lvl"",""value"":""1""},{""key"":""typeLine"",""value"":""ancestral call support""},{""key"":""corrutped"",""value"":false},{""key"":""quality"",""value"":""0""}]",totalQuantity,0,6
"noxious catalyst",currency,"[]",totalQuantity,0,41
"orb of transmutation",currency,"[]",p10,50,0.03533333333333333
"metallic fossil",fossil,"[]",totalValidListings,0,5
"wild crystallised lifeforce",currency,"[]",totalQuantity,50,3146
"orb of chance",currency,"[]",p15,0,0.5
"orb of chance",currency,"[]",p7,0,0.5
"pinpoint support",gem,"[{""key"":""lvl"",""value"":""1""},{""key"":""typeLine"",""value"":""pinpoint support""},{""key"":""corrutped"",""value"":false},{""key"":""quality"",""value"":""0""}]",p5,0,0.3625
"penance brand",gem,"[{""key"":""lvl"",""value"":""1""},{""key"":""typeLine"",""value"":""penance brand""},{""key"":""corrutped"",""value"":false},{""key"":""quality"",""value"":""0""}]",p7,0,0.3025
"wild crystallised lifeforce",currency,"[]",totalQuantity,18,3146
"cursed crypt map",map,"[{""key"":""tier"",""value"":""12""}]",p10,0,2
"vivid crystallised lifeforce",currency,"[]",p20,50,0.006597402597402598
"wild crystallised lifeforce",currency,"[]",p5,18,0.00803846153846154
"orb of alteration",currency,"[]",totalValidListings,9,4
"cartographer's chisel",currency,"[]",p15,18,0.25
"orb of alteration",currency,"[]",p7,0,0.228
"added lightning damage support",gem,"[{""key"":""lvl"",""value"":""1""},{""key"":""typeLine"",""value"":""added lightning damage support""},{""key"":""corrutped"",""value"":false},{""key"":""quality"",""value"":""0""}]",p5,0,0.5
"tainted armourer's scrap",currency,"[]",p5,0,3.55
"cartographer's chisel",currency,"[]",p15,9,0.25
"orb of alchemy",currency,"[]",totalValidListings,18,4
"orb of transmutation",currency,"[]",p10,0,0.05
"ancestral call support",gem,"[{""key"":""lvl"",""value"":""1""},{""key"":""typeLine"",""value"":""ancestral call support""},{""key"":""corrutped"",""value"":false},{""key"":""quality"",""value"":""0""}]",p5,0,1
"chromatic orb",currency,"[]",p5,30,0.06738095238095237
"portal scroll",currency,"[]",totalQuantity,0,4005
"malachai's artifice",unique,"[{""key"":""sixLink"",""value"":false},{""key"":""corrupted"",""value"":false},{""key"":""foilVariation"",""value"":0}]",p50,0,1
"singularity",unique,"[{""key"":""sixLink"",""value"":false},{""key"":""corrupted"",""value"":false},{""key"":""foilVariation"",""value"":0}]",p20,0,3.8
"primal crystallised lifeforce",currency,"[]",p7,50,0.00545
"vivid crystallised lifeforce",currency,"[]",p50,100,0.009545454545454544
"wild crystallised lifeforce",currency,"[]",totalQuantity,0,3079
"simulacrum splinter",fragment,"[]",p20,0,0.6200000000000001
"imbued catalyst",currency,"[]",p15,0,0.445
"increased critical strikes support",gem,"[{""key"":""lvl"",""value"":""1""},{""key"":""typeLine"",""value"":""increased critical strikes support""},{""key"":""corrutped"",""value"":false},{""key"":""quality"",""value"":""0""}]",totalValidListings,0,3
"ancestral call support",gem,"[{""key"":""lvl"",""value"":""1""},{""key"":""typeLine"",""value"":""ancestral call support""},{""key"":""corrutped"",""value"":false},{""key"":""quality"",""value"":""0""}]",p7,0,1
"orb of transmutation",currency,"[]",totalQuantity,100,2217
"regal orb",currency,"[]",totalQuantity,0,6
"tainted armourer's scrap",currency,"[]",p20,0,3.7
"orb of transmutation",currency,"[]",p5,100,0.03433333333333333
"primal crystallised lifeforce",currency,"[]",p5,18,0.005321428571428572
"replica last resort",unique,"[{""key"":""sixLink"",""value"":false},{""key"":""corrupted"",""value"":false},{""key"":""foilVariation"",""value"":0}]",p20,0,4.6
"maim support",gem,"[{""key"":""lvl"",""value"":""1""},{""key"":""typeLine"",""value"":""maim support""},{""key"":""corrutped"",""value"":false},{""key"":""quality"",""value"":""0""}]",p15,0,0.3625
"aberrant fossil",fossil,"[]",p15,0,1
"orb of alteration",currency,"[]",p50,0,0.3666666666666667
"noxious catalyst",currency,"[]",p50,0,1
"wild crystallised lifeforce",currency,"[]",p15,9,0.008730769230769231
"crescent splinter",fragment,"[]",p5,0,5
"splitting steel",gem,"[{""key"":""lvl"",""value"":""1-18""},{""key"":""typeLine"",""value"":""splitting steel""},{""key"":""corrutped""},{""key"":""quality"",""value"":""0""}]",p50,0,0.75
"orb of chance",currency,"[]",p5,0,0.5
"metallic fossil",fossil,"[]",p10,0,1
"grand eldritch ember",currency,"[]",totalValidListings,0,4
"jeweller's orb",currency,"[]",p7,9,0.125
"orb of alchemy",currency,"[]",p7,50,0.8232719298245614
"orb of transmutation",currency,"[]",totalValidListings,30,4
"ritual vessel",currency,"[]",p7,0,1.21
"turbulent catalyst",currency,"[]",totalValidListings,0,4
"vivid crystallised lifeforce",currency,"[]",p7,0,0.008384500745156483
"fracturing shard",currency,"[]",totalValidListings,0,4
"chromatic orb",currency,"[]",p7,18,0.06766666666666667
"crescent splinter",fragment,"[]",p15,0,5
"cartographer's chisel",currency,"[]",p20,18,0.25
"wild crystallised lifeforce",currency,"[]",p10,0,0.007692307692307693
"cartographer's chisel",currency,"[]",p20,0,0.25
"brightbeak",unique,"[{""key"":""sixLink"",""value"":false},{""key"":""corrupted""},{""key"":""foilVariation"",""value"":0}]",p10,0,20
"orb of regret",currency,"[]",p50,0,3
"battlemage's cry",gem,"[{""key"":""lvl"",""value"":""1""},{""key"":""typeLine"",""value"":""battlemage's cry support""},{""key"":""corrutped"",""value"":false},{""key"":""quality"",""value"":""0""}]",p5,0,0.2875
"divine orb",currency,"[]",totalValidListings,0,4
"wild crystallised lifeforce",currency,"[]",p20,30,0.009076923076923078
"shield crush",gem,"[{""key"":""lvl"",""value"":""1""},{""key"":""typeLine"",""value"":""shield crush""},{""key"":""corrutped"",""value"":false},{""key"":""quality"",""value"":""0""}]",totalQuantity,0,6
"vivid crystallised lifeforce",currency,"[]",p7,18,0.008384500745156483
"soul catcher",unique,"[{""key"":""sixLink"",""value"":false},{""key"":""corrupted"",""value"":false},{""key"":""foilVariation"",""value"":0}]",p50,0,1
"jeweller's orb",currency,"[]",p50,9,0.125
"shield crush",gem,"[{""key"":""lvl"",""value"":""1""},{""key"":""typeLine"",""value"":""shield crush""},{""key"":""corrutped"",""value"":false},{""key"":""quality"",""value"":""0""}]",p7,0,0.3025
"brightbeak",unique,"[{""key"":""sixLink"",""value"":false},{""key"":""corrupted""},{""key"":""foilVariation"",""value"":0}]",p20,0,20
"orb of alteration",currency,"[]",p5,18,0.22
"chromatic orb",currency,"[]",totalValidListings,30,4
"penance brand",gem,"[{""key"":""lvl"",""value"":""1""},{""key"":""typeLine"",""value"":""penance brand""},{""key"":""corrutped"",""value"":false},{""key"":""quality"",""value"":""0""}]",p10,0,0.325
"primal crystallised lifeforce",currency,"[]",p50,100,0.007142857142857143
"orb of alteration",currency,"[]",p10,0,0.24
"orb of alchemy",currency,"[]",totalQuantity,0,1106
"orb of transmutation",currency,"[]",p15,100,0.03633333333333334
"grand eldritch ember",currency,"[]",p5,0,2.15
"increased critical strikes support",gem,"[{""key"":""lvl"",""value"":""1""},{""key"":""typeLine"",""value"":""increased critical strikes support""},{""key"":""corrutped"",""value"":false},{""key"":""quality"",""value"":""0""}]",p5,0,1
"crescent splinter",fragment,"[]",totalValidListings,0,4
"vivid crystallised lifeforce",currency,"[]",totalQuantity,30,6361
"portal scroll",currency,"[]",p50,9,0.02083333333333334
"orb of transmutation",currency,"[]",p5,50,0.03433333333333333
"vivid crystallised lifeforce",currency,"[]",p15,100,0.005662337662337662
"increased critical strikes support",gem,"[{""key"":""lvl"",""value"":""1""},{""key"":""typeLine"",""value"":""increased critical strikes support""},{""key"":""corrutped"",""value"":false},{""key"":""quality"",""value"":""0""}]",totalQuantity,0,7
"wild crystallised lifeforce",currency,"[]",p5,9,0.00803846153846154
"aberrant fossil",fossil,"[]",p7,0,1
"divine orb",currency,"[]",p7,0,25
"simulacrum splinter",fragment,"[]",p50,0,6.5
"maim support",gem,"[{""key"":""lvl"",""value"":""1""},{""key"":""typeLine"",""value"":""maim support""},{""key"":""corrutped"",""value"":false},{""key"":""quality"",""value"":""0""}]",totalQuantity,0,5
"jeweller's orb",currency,"[]",totalValidListings,9,4
"tainted blacksmith's whetstone",currency,"[]",p50,0,1.5
"primal crystallised lifeforce",currency,"[]",totalValidListings,18,4
"wild crystallised lifeforce",currency,"[]",p15,18,0.008730769230769231
"pinpoint support",gem,"[{""key"":""lvl"",""value"":""1""},{""key"":""typeLine"",""value"":""pinpoint support""},{""key"":""corrutped"",""value"":false},{""key"":""quality"",""value"":""0""}]",p7,0,0.4075
"essence worm",unique,"[{""key"":""sixLink"",""value"":false},{""key"":""corrupted"",""value"":false},{""key"":""foilVariation"",""value"":0}]",p7,0,1
"penance brand",gem,"[{""key"":""lvl"",""value"":""1""},{""key"":""typeLine"",""value"":""penance brand""},{""key"":""corrutped"",""value"":false},{""key"":""quality"",""value"":""0""}]",totalValidListings,0,4
"explorer's scouting report",scouting report,"[]",p7,0,1
"ritual vessel",currency,"[]",p15,0,1.45
"portal scroll",currency,"[]",p10,50,0.01666666666666667
"chromatic orb",currency,"[]",p10,9,0.0680952380952381
"cursed crypt map",map,"[{""key"":""tier"",""value"":""12""}]",p20,0,2
"regal orb",currency,"[]",p15,0,2.45
"chromatic orb",currency,"[]",p7,0,0.06766666666666667
"orb of alchemy",currency,"[]",p10,100,0.765
"cursed crypt map",map,"[{""key"":""tier"",""value"":""12""}]",p5,0,2
"lesser eldritch ember",currency,"[]",p7,0,2.57
"orb of alchemy",currency,"[]",p7,18,0.8232719298245614
"orb of alchemy",currency,"[]",p20,0,0.9064912280701753
"exalted orb",currency,"[]",p15,0,33.375
"orb of chance",currency,"[]",p20,0,0.5
"orb of annulment",currency,"[]",p50,0,10
"simulacrum splinter",fragment,"[]",p15,0,0.4774999999999999
"brightbeak",unique,"[{""key"":""sixLink"",""value"":false},{""key"":""corrupted""},{""key"":""foilVariation"",""value"":0}]",p7,0,20
"orb of chance",currency,"[]",p10,0,0.5
"minion damage support",gem,"[{""key"":""lvl"",""value"":""1""},{""key"":""typeLine"",""value"":""minion damage support""},{""key"":""corrutped"",""value"":false},{""key"":""quality"",""value"":""0""}]",p15,0,1
"vivid crystallised lifeforce",currency,"[]",totalValidListings,9,4
"soul catcher",unique,"[{""key"":""sixLink"",""value"":false},{""key"":""corrupted"",""value"":false},{""key"":""foilVariation"",""value"":0}]",totalValidListings,0,4
"essence worm",unique,"[{""key"":""sixLink"",""value"":false},{""key"":""corrupted"",""value"":false},{""key"":""foilVariation"",""value"":0}]",p5,0,1
"primal crystallised lifeforce",currency,"[]",p15,0,0.005964285714285715
"jeweller's orb",currency,"[]",p5,9,0.125
"orb of alteration",currency,"[]",p15,18,0.26
"orb of alchemy",currency,"[]",p5,30,0.8166228070175439
"imbued catalyst",currency,"[]",p7,0,0.421
"battlemage's cry",gem,"[{""key"":""lvl"",""value"":""1""},{""key"":""typeLine"",""value"":""battlemage's cry support""},{""key"":""corrutped"",""value"":false},{""key"":""quality"",""value"":""0""}]",p15,0,0.3625
"vivid crystallised lifeforce",currency,"[]",p15,18,0.008599105812220566
"pinpoint support",gem,"[{""key"":""lvl"",""value"":""1""},{""key"":""typeLine"",""value"":""pinpoint support""},{""key"":""corrutped"",""value"":false},{""key"":""quality"",""value"":""0""}]",p20,0,0.7000000000000001
"portal scroll",currency,"[]",totalQuantity,50,4005
"tainted jeweller's orb",currency,"[]",p15,0,1
"eternal damnation",unique,"[{""key"":""sixLink"",""value"":false},{""key"":""corrupted"",""value"":false},{""key"":""foilVariation"",""value"":0}]",p15,0,1.9
"orb of transmutation",currency,"[]",p5,30,0.03433333333333333
"wild crystallised lifeforce",currency,"[]",p20,100,0.005758241758241759
"metallic fossil",fossil,"[]",totalQuantity,0,27
"singularity",unique,"[{""key"":""sixLink"",""value"":false},{""key"":""corrupted"",""value"":false},{""key"":""foilVariation"",""value"":0}]",totalQuantity,0,4
"orb of transmutation",currency,"[]",p50,18,0.045
"vivid crystallised lifeforce",currency,"[]",p5,0,0.008330849478390462
"orb of regret",currency,"[]",p15,0,3
"minion damage support",gem,"[{""key"":""lvl"",""value"":""1""},{""key"":""typeLine"",""value"":""minion damage support""},{""key"":""corrutped"",""value"":false},{""key"":""quality"",""value"":""0""}]",p7,0,1
"additional accuracy support",gem,"[{""key"":""lvl"",""value"":""1""},{""key"":""typeLine"",""value"":""additional accuracy support""},{""key"":""corrutped"",""value"":false},{""key"":""quality"",""value"":""0""}]",p50,0,1
"vivid crystallised lifeforce",currency,"[]",p5,50,0.003792207792207792
"penance brand",gem,"[{""key"":""lvl"",""value"":""1""},{""key"":""typeLine"",""value"":""penance brand""},{""key"":""corrutped"",""value"":false},{""key"":""quality"",""value"":""0""}]",p50,0,0.75
"regal orb",currency,"[]",p7,0,2.21
"additional accuracy support",gem,"[{""key"":""lvl"",""value"":""1""},{""key"":""typeLine"",""value"":""additional accuracy support""},{""key"":""corrutped"",""value"":false},{""key"":""quality"",""value"":""0""}]",totalValidListings,0,4
"chromatic orb",currency,"[]",p15,18,0.0688095238095238
"freezing pulse",gem,"[{""key"":""lvl"",""value"":""1""},{""key"":""typeLine"",""value"":""freezing pulse""},{""key"":""corrutped"",""value"":false},{""key"":""quality"",""value"":""0""}]",p15,0,0.4
"soul catcher",unique,"[{""key"":""sixLink"",""value"":false},{""key"":""corrupted"",""value"":false},{""key"":""foilVariation"",""value"":0}]",p20,0,1
"orb of annulment",currency,"[]",totalValidListings,0,3
"battlemage's cry",gem,"[{""key"":""lvl"",""value"":""1""},{""key"":""typeLine"",""value"":""battlemage's cry support""},{""key"":""corrutped"",""value"":false},{""key"":""quality"",""value"":""0""}]",p20,0,0.4
"orb of annulment",currency,"[]",p20,0,9.4
"turbulent catalyst",currency,"[]",p15,0,0.445
"orb of alteration",currency,"[]",p50,18,0.3666666666666667
"malachai's artifice",unique,"[{""key"":""sixLink"",""value"":false},{""key"":""corrupted"",""value"":false},{""key"":""foilVariation"",""value"":0}]",p20,0,1
"essence worm",unique,"[{""key"":""sixLink"",""value"":false},{""key"":""corrupted"",""value"":false},{""key"":""foilVariation"",""value"":0}]",p10,0,1
"vivid crystallised lifeforce",currency,"[]",p7,9,0.008384500745156483
"black oil",oil,"[]",p5,0,2.15
"portal scroll",currency,"[]",totalValidListings,100,4
"orb of alteration",currency,"[]",totalQuantity,18,198
"orb of regret",currency,"[]",p7,0,3
"malachai's artifice",unique,"[{""key"":""sixLink"",""value"":false},{""key"":""corrupted"",""value"":false},{""key"":""foilVariation"",""value"":0}]",totalValidListings,0,4
"behead support",gem,"[{""key"":""lvl"",""value"":""1""},{""key"":""typeLine"",""value"":""behead support""},{""key"":""corrutped"",""value"":false},{""key"":""quality"",""value"":""0""}]",totalQuantity,0,4
"pinpoint support",gem,"[{""key"":""lvl"",""value"":""1""},{""key"":""typeLine"",""value"":""pinpoint support""},{""key"":""corrutped"",""value"":false},{""key"":""quality"",""value"":""0""}]",totalQuantity,0,4
"singularity",unique,"[{""key"":""sixLink"",""value"":false},{""key"":""corrupted"",""value"":false},{""key"":""foilVariation"",""value"":0}]",p7,0,2.63
"primal crystallised lifeforce",currency,"[]",p50,18,0.007142857142857143
"cursed crypt map",map,"[{""key"":""tier"",""value"":""12""}]",p50,0,2.5
"orb of transmutation",currency,"[]",p10,100,0.03533333333333333
"penance brand",gem,"[{""key"":""lvl"",""value"":""1""},{""key"":""typeLine"",""value"":""penance brand""},{""key"":""corrutped"",""value"":false},{""key"":""quality"",""value"":""0""}]",p15,0,0.3625
"primal crystallised lifeforce",currency,"[]",p10,500,0.005642857142857143
"portal scroll",currency,"[]",p15,30,0.01666666666666667
"cartographer's chisel",currency,"[]",p15,0,0.25
"cursed crypt map",map,"[{""key"":""tier"",""value"":""12""}]",p15,0,2
"tainted jeweller's orb",currency,"[]",totalValidListings,0,4
"shield crush",gem,"[{""key"":""lvl"",""value"":""1""},{""key"":""typeLine"",""value"":""shield crush""},{""key"":""corrutped"",""value"":false},{""key"":""quality"",""value"":""0""}]",p10,0,0.325
"black oil",oil,"[]",totalQuantity,0,7
"orb of alchemy",currency,"[]",totalQuantity,30,1402
"chromatic orb",currency,"[]",totalValidListings,18,4
"primal crystallised lifeforce",currency,"[]",p10,50,0.005642857142857143
"primal crystallised lifeforce",currency,"[]",p20,9,0.006285714285714286
"orb of transmutation",currency,"[]",p15,18,0.03633333333333334
"regal orb",currency,"[]",p20,0,2.6
"primal crystallised lifeforce",currency,"[]",p50,9,0.007142857142857143
"primal crystallised lifeforce",currency,"[]",p7,18,0.00545
"portal scroll",currency,"[]",totalQuantity,100,4005
"vaal orb",currency,"[]",p15,0,2.545
"primal crystallised lifeforce",currency,"[]",totalQuantity,0,10057
"cartographer's chisel",currency,"[]",p20,9,0.25
"astragali",artifacts,"[]",totalValidListings,0,4
"cartographer's chisel",currency,"[]",p7,0,0.25
"black oil",oil,"[]",p20,0,2.6
"armourer's scrap",currency,"[]",totalValidListings,0,4
"vivid crystallised lifeforce",currency,"[]",p10,100,0.004727272727272728
"cartographer's chisel",currency,"[]",p10,18,0.25
"string of servitude",unique,"[{""key"":""sixLink"",""value"":false},{""key"":""corrupted"",""value"":true},{""key"":""foilVariation"",""value"":0}]",p20,0,2.6
"astragali",artifacts,"[]",p5,0,1
"orb of alchemy",currency,"[]",p50,100,0.8554093567251462
"tainted blacksmith's whetstone",currency,"[]",p20,0,1
"cartographer's chisel",currency,"[]",p5,9,0.25
"pinpoint support",gem,"[{""key"":""lvl"",""value"":""1""},{""key"":""typeLine"",""value"":""pinpoint support""},{""key"":""corrutped"",""value"":false},{""key"":""quality"",""value"":""0""}]",p15,0,0.5874999999999999
"cartographer's chisel",currency,"[]",p10,9,0.25
"portal scroll",currency,"[]",p7,18,0.01666666666666667
"vaal orb",currency,"[]",p10,9,3
"voidbringer",unique,"[{""key"":""sixLink"",""value"":false},{""key"":""corrupted"",""value"":false},{""key"":""foilVariation"",""value"":0}]",totalValidListings,0,5
"chromatic orb",currency,"[]",p15,30,0.0688095238095238
"singularity",unique,"[{""key"":""sixLink"",""value"":false},{""key"":""corrupted"",""value"":false},{""key"":""foilVariation"",""value"":0}]",p5,0,2.45
"wild crystallised lifeforce",currency,"[]",p50,50,0.01125
"string of servitude",unique,"[{""key"":""sixLink"",""value"":false},{""key"":""corrupted"",""value"":true},{""key"":""foilVariation"",""value"":0}]",p50,0,4
"vivid crystallised lifeforce",currency,"[]",p10,0,0.008464977645305514
"orb of alchemy",currency,"[]",p5,100,0.7575000000000001
"vivid crystallised lifeforce",currency,"[]",p50,9,0.009545454545454544
"vivid crystallised lifeforce",currency,"[]",p15,9,0.008599105812220566
"tainted jeweller's orb",currency,"[]",p20,0,1
"cartographer's chisel",currency,"[]",p5,18,0.25
"chromatic orb",currency,"[]",p15,9,0.0688095238095238
"orb of alteration",currency,"[]",p7,9,0.228
"orb of alteration",currency,"[]",p7,18,0.228
"fracturing shard",currency,"[]",p20,0,2.6
"orb of alchemy",currency,"[]",p50,9,1.052631578947368
"chromatic orb",currency,"[]",totalQuantity,30,890
"wild crystallised lifeforce",currency,"[]",p5,0,0.007692307692307693
"tainted blacksmith's whetstone",currency,"[]",p7,0,1
"explorer's scouting report",scouting report,"[]",p20,0,1
"portal scroll",currency,"[]",totalValidListings,0,4
"portal scroll",currency,"[]",p15,100,0.01666666666666667
"orb of alteration",currency,"[]",totalValidListings,18,4
"wild crystallised lifeforce",currency,"[]",p50,100,0.008846153846153847
"splitting steel",gem,"[{""key"":""lvl"",""value"":""1-18""},{""key"":""typeLine"",""value"":""splitting steel""},{""key"":""corrutped""},{""key"":""quality"",""value"":""0""}]",p10,0,0.5
"orb of alteration",currency,"[]",totalQuantity,9,198
"chromatic orb",currency,"[]",p20,0,0.06952380952380952
"malachai's artifice",unique,"[{""key"":""sixLink"",""value"":false},{""key"":""corrupted"",""value"":false},{""key"":""foilVariation"",""value"":0}]",p7,0,1
"orb of alteration",currency,"[]",totalValidListings,0,4
"vivid crystallised lifeforce",currency,"[]",p10,30,0.005350649350649351
"chromatic orb",currency,"[]",p20,18,0.06952380952380952
"brightbeak",unique,"[{""key"":""sixLink"",""value"":false},{""key"":""corrupted""},{""key"":""foilVariation"",""value"":0}]",p15,0,20
"primal crystallised lifeforce",currency,"[]",p5,9,0.005321428571428572
"explorer's scouting report",scouting report,"[]",totalValidListings,0,4
"fracturing shard",currency,"[]",p10,0,2.3
"vivid crystallised lifeforce",currency,"[]",totalValidListings,30,5
"imbued catalyst",currency,"[]",p20,0,0.46
"black oil",oil,"[]",p15,0,2.45
"freezing pulse",gem,"[{""key"":""lvl"",""value"":""1""},{""key"":""typeLine"",""value"":""freezing pulse""},{""key"":""corrutped"",""value"":false},{""key"":""quality"",""value"":""0""}]",totalQuantity,0,5
"vaal orb",currency,"[]",totalQuantity,9,92
"aberrant fossil",fossil,"[]",p5,0,1
"vivid crystallised lifeforce",currency,"[]",totalQuantity,9,1843
"minion damage support",gem,"[{""key"":""lvl"",""value"":""1""},{""key"":""typeLine"",""value"":""minion damage support""},{""key"":""corrutped"",""value"":false},{""key"":""quality"",""value"":""0""}]",p5,0,1
"tainted armourer's scrap",currency,"[]",p15,0,3.65
"vivid crystallised lifeforce",currency,"[]",p20,0,0.008733233979135618
"voidbringer",unique,"[{""key"":""sixLink"",""value"":false},{""key"":""corrupted"",""value"":false},{""key"":""foilVariation"",""value"":0}]",totalQuantity,0,5
"vaal orb",currency,"[]",p20,0,2.56
"chromatic orb",currency,"[]",p50,30,0.07738095238095238
"added lightning damage support",gem,"[{""key"":""lvl"",""value"":""1""},{""key"":""typeLine"",""value"":""added lightning damage support""},{""key"":""corrutped"",""value"":false},{""key"":""quality"",""value"":""0""}]",totalQuantity,0,4
"maim support",gem,"[{""key"":""lvl"",""value"":""1""},{""key"":""typeLine"",""value"":""maim support""},{""key"":""corrutped"",""value"":false},{""key"":""quality"",""value"":""0""}]",p10,0,0.325
"maim support",gem,"[{""key"":""lvl"",""value"":""1""},{""key"":""typeLine"",""value"":""maim support""},{""key"":""corrutped"",""value"":false},{""key"":""quality"",""value"":""0""}]",p20,0,0.4
"vivid crystallised lifeforce",currency,"[]",p5,9,0.008330849478390462
"orb of alchemy",currency,"[]",p20,30,0.8664912280701753
"lesser eldritch ember",currency,"[]",totalValidListings,0,3
"cartographer's chisel",currency,"[]",totalQuantity,0,243
"behead support",gem,"[{""key"":""lvl"",""value"":""1""},{""key"":""typeLine"",""value"":""behead support""},{""key"":""corrutped"",""value"":false},{""key"":""quality"",""value"":""0""}]",p20,0,1
"vaal orb",currency,"[]",p10,0,2.53
"orb of alchemy",currency,"[]",totalValidListings,100,4
"portal scroll",currency,"[]",p7,9,0.01666666666666667
"tainted armourer's scrap",currency,"[]",totalValidListings,0,3
"vivid crystallised lifeforce",currency,"[]",p20,18,0.008733233979135618
"penance brand",gem,"[{""key"":""lvl"",""value"":""1""},{""key"":""typeLine"",""value"":""penance brand""},{""key"":""corrutped"",""value"":false},{""key"":""quality"",""value"":""0""}]",p20,0,0.4
"minion damage support",gem,"[{""key"":""lvl"",""value"":""1""},{""key"":""typeLine"",""value"":""minion damage support""},{""key"":""corrutped"",""value"":false},{""key"":""quality"",""value"":""0""}]",p50,0,1
"primal crystallised lifeforce",currency,"[]",p5,30,0.005321428571428572
"vivid crystallised lifeforce",currency,"[]",p15,30,0.006597402597402597
"primal crystallised lifeforce",currency,"[]",p10,9,0.005642857142857143
"portal scroll",currency,"[]",totalValidListings,50,4
"vivid crystallised lifeforce",currency,"[]",p5,100,0.003792207792207792
"the primordial chain",unique,"[{""key"":""sixLink"",""value"":false},{""key"":""corrupted"",""value"":false},{""key"":""foilVariation"",""value"":0}]",p50,0,1.5
"orb of alchemy",currency,"[]",p5,0,0.8400000000000001
"lesser eldritch ember",currency,"[]",p5,0,2.55
"vaal orb",currency,"[]",p15,9,3
"primal crystallised lifeforce",currency,"[]",p50,50,0.007142857142857143
"exalted orb",currency,"[]",totalValidListings,0,4
"splitting steel",gem,"[{""key"":""lvl"",""value"":""1-18""},{""key"":""typeLine"",""value"":""splitting steel""},{""key"":""corrutped""},{""key"":""quality"",""value"":""0""}]",p20,0,0.5
"cartographer's chisel",currency,"[]",p7,18,0.25
"additional accuracy support",gem,"[{""key"":""lvl"",""value"":""1""},{""key"":""typeLine"",""value"":""additional accuracy support""},{""key"":""corrutped"",""value"":false},{""key"":""quality"",""value"":""0""}]",p20,0,1
"orb of transmutation",currency,"[]",totalQuantity,30,2217
"lesser eldritch ember",currency,"[]",p20,0,2.7
"cartographer's chisel",currency,"[]",totalQuantity,18,243
"aberrant fossil",fossil,"[]",p20,0,1
"increased critical strikes support",gem,"[{""key"":""lvl"",""value"":""1""},{""key"":""typeLine"",""value"":""increased critical strikes support""},{""key"":""corrutped"",""value"":false},{""key"":""quality"",""value"":""0""}]",p10,0,1
"wild crystallised lifeforce",currency,"[]",totalQuantity,30,3146
"replica last resort",unique,"[{""key"":""sixLink"",""value"":false},{""key"":""corrupted"",""value"":false},{""key"":""foilVariation"",""value"":0}]",p5,0,4.15
"orb of alchemy",currency,"[]",p10,30,0.8332456140350877
"portal scroll",currency,"[]",p20,9,0.01666666666666667
"astragali",artifacts,"[]",p20,0,1
"city square map",map,"[{""key"":""tier"",""value"":""11""}]",p5,0,1.7875
"primal crystallised lifeforce",currency,"[]",p20,18,0.006285714285714286
"portal scroll",currency,"[]",p10,100,0.01666666666666667
"wild crystallised lifeforce",currency,"[]",p50,9,0.01125
"vaal orb",currency,"[]",totalQuantity,0,22
"the primordial chain",unique,"[{""key"":""sixLink"",""value"":false},{""key"":""corrupted"",""value"":false},{""key"":""foilVariation"",""value"":0}]",totalValidListings,0,4
"fracturing shard",currency,"[]",p50,0,3
"vaal orb",currency,"[]",p5,9,3
"orb of alchemy",currency,"[]",p7,30,0.8232719298245614
"vivid crystallised lifeforce",currency,"[]",totalValidListings,100,4
"tainted jeweller's orb",currency,"[]",p7,0,1
"chromatic orb",currency,"[]",totalValidListings,9,4
"the primordial chain",unique,"[{""key"":""sixLink"",""value"":false},{""key"":""corrupted"",""value"":false},{""key"":""foilVariation"",""value"":0}]",p20,0,1
"battlemage's cry",gem,"[{""key"":""lvl"",""value"":""1""},{""key"":""typeLine"",""value"":""battlemage's cry support""},{""key"":""corrutped"",""value"":false},{""key"":""quality"",""value"":""0""}]",p50,0,0.75
"cartographer's chisel",currency,"[]",p50,9,0.25
"divine orb",currency,"[]",p5,0,25
"city square map",map,"[{""key"":""tier"",""value"":""11""}]",totalQuantity,0,8
"tainted jeweller's orb",currency,"[]",p5,0,1
"ritual vessel",currency,"[]",p10,0,1.3
"splitting steel",gem,"[{""key"":""lvl"",""value"":""1-18""},{""key"":""typeLine"",""value"":""splitting steel""},{""key"":""corrutped""},{""key"":""quality"",""value"":""0""}]",p15,0,0.5
"jeweller's orb",currency,"[]",p5,0,0.125
"vivid crystallised lifeforce",currency,"[]",p20,100,0.006597402597402598
"primal crystallised lifeforce",currency,"[]",p15,100,0.005964285714285715
"orb of transmutation",currency,"[]",totalValidListings,0,4
"primal crystallised lifeforce",currency,"[]",totalValidListings,100,4
"portal scroll",currency,"[]",p15,50,0.01666666666666667
"exalted orb",currency,"[]",p20,0,34.5
"malachai's artifice",unique,"[{""key"":""sixLink"",""value"":false},{""key"":""corrupted"",""value"":false},{""key"":""foilVariation"",""value"":0}]",p10,0,1
"vivid crystallised lifeforce",currency,"[]",p7,50,0.004166233766233767
"vivid crystallised lifeforce",currency,"[]",p15,50,0.005662337662337662
"string of servitude",unique,"[{""key"":""sixLink"",""value"":false},{""key"":""corrupted"",""value"":true},{""key"":""foilVariation"",""value"":0}]",totalValidListings,0,4
"orb of alchemy",currency,"[]",p20,9,0.8664912280701753
"noxious catalyst",currency,"[]",p20,0,0.92
"brightbeak",unique,"[{""key"":""sixLink"",""value"":false},{""key"":""corrupted""},{""key"":""foilVariation"",""value"":0}]",totalValidListings,0,3
"chromatic orb",currency,"[]",totalQuantity,18,890
"cartographer's chisel",currency,"[]",p7,9,0.25
"wild crystallised lifeforce",currency,"[]",totalValidListings,30,4
"orb of alchemy",currency,"[]",p50,50,0.955409356725146
"voidbringer",unique,"[{""key"":""sixLink"",""value"":false},{""key"":""corrupted"",""value"":false},{""key"":""foilVariation"",""value"":0}]",p5,0,1
"vaal orb",currency,"[]",totalValidListings,0,4
"malachai's artifice",unique,"[{""key"":""sixLink"",""value"":false},{""key"":""corrupted"",""value"":false},{""key"":""foilVariation"",""value"":0}]",totalQuantity,0,4
"orb of annulment",currency,"[]",p5,0,9.1
"orb of transmutation",currency,"[]",p50,100,0.045
"pinpoint support",gem,"[{""key"":""lvl"",""value"":""1""},{""key"":""typeLine"",""value"":""pinpoint support""},{""key"":""corrutped"",""value"":false},{""key"":""quality"",""value"":""0""}]",p10,0,0.475
"the primordial chain",unique,"[{""key"":""sixLink"",""value"":false},{""key"":""corrupted"",""value"":false},{""key"":""foilVariation"",""value"":0}]",p15,0,1
"jeweller's orb",currency,"[]",p20,9,0.125
"fracturing shard",currency,"[]",totalQuantity,0,18
"wild crystallised lifeforce",currency,"[]",p7,50,0.008176923076923078
"lesser eldritch ember",currency,"[]",p10,0,2.6
"cartographer's chisel",currency,"[]",totalValidListings,18,4
"armourer's scrap",currency,"[]",p20,0,0.05333333333333333
"portal scroll",currency,"[]",p10,30,0.01666666666666667
"orb of transmutation",currency,"[]",p5,9,0.03433333333333333
"maim support",gem,"[{""key"":""lvl"",""value"":""1""},{""key"":""typeLine"",""value"":""maim support""},{""key"":""corrutped"",""value"":false},{""key"":""quality"",""value"":""0""}]",p5,0,0.2875
"explorer's scouting report",scouting report,"[]",totalQuantity,0,28
"cartographer's chisel",currency,"[]",totalValidListings,0,4
"increased critical strikes support",gem,"[{""key"":""lvl"",""value"":""1""},{""key"":""typeLine"",""value"":""increased critical strikes support""},{""key"":""corrutped"",""value"":false},{""key"":""quality"",""value"":""0""}]",p7,0,1
"added lightning damage support",gem,"[{""key"":""lvl"",""value"":""1""},{""key"":""typeLine"",""value"":""added lightning damage support""},{""key"":""corrutped"",""value"":false},{""key"":""quality"",""value"":""0""}]",totalValidListings,0,4
"the primordial chain",unique,"[{""key"":""sixLink"",""value"":false},{""key"":""corrupted"",""value"":false},{""key"":""foilVariation"",""value"":0}]",p5,0,1
"soul catcher",unique,"[{""key"":""sixLink"",""value"":false},{""key"":""corrupted"",""value"":false},{""key"":""foilVariation"",""value"":0}]",p7,0,1
"tainted blacksmith's whetstone",currency,"[]",p5,0,1
"divine orb",currency,"[]",p15,0,25
"cartographer's chisel",currency,"[]",p10,0,0.25
"orb of alteration",currency,"[]",p10,9,0.24
"crescent splinter",fragment,"[]",p20,0,5
"orb of transmutation",currency,"[]",totalQuantity,0,1645
"vaal orb",currency,"[]",p5,0,2.515
"wild crystallised lifeforce",currency,"[]",p10,9,0.008384615384615384
"string of servitude",unique,"[{""key"":""sixLink"",""value"":false},{""key"":""corrupted"",""value"":true},{""key"":""foilVariation"",""value"":0}]",p7,0,2.21
"essence worm",unique,"[{""key"":""sixLink"",""value"":false},{""key"":""corrupted"",""value"":false},{""key"":""foilVariation"",""value"":0}]",totalValidListings,0,4
"wild crystallised lifeforce",currency,"[]",totalQuantity,9,3146
"wild crystallised lifeforce",currency,"[]",p20,0,0.007692307692307693
"wild crystallised lifeforce",currency,"[]",p15,0,0.007692307692307693
"crescent splinter",fragment,"[]",p7,0,5
"vivid crystallised lifeforce",currency,"[]",p7,100,0.004166233766233767
"aberrant fossil",fossil,"[]",totalQuantity,0,20
"tainted jeweller's orb",currency,"[]",p50,0,1
"fracturing shard",currency,"[]",p15,0,2.45
"splitting steel",gem,"[{""key"":""lvl"",""value"":""1-18""},{""key"":""typeLine"",""value"":""splitting steel""},{""key"":""corrutped""},{""key"":""quality"",""value"":""0""}]",p7,0,0.5
"wild crystallised lifeforce",currency,"[]",p7,0,0.007692307692307693
"wild crystallised lifeforce",currency,"[]",p50,18,0.01125
"primal crystallised lifeforce",currency,"[]",p20,30,0.006285714285714286
"orb of alteration",currency,"[]",p5,0,0.22
"armourer's scrap",currency,"[]",p7,0,0.05116666666666667
"simulacrum splinter",fragment,"[]",p5,0,0.1925
"shield crush",gem,"[{""key"":""lvl"",""value"":""1""},{""key"":""typeLine"",""value"":""shield crush""},{""key"":""corrutped"",""value"":false},{""key"":""quality"",""value"":""0""}]",totalValidListings,0,4
"wild crystallised lifeforce",currency,"[]",totalQuantity,100,4082
"vivid crystallised lifeforce",currency,"[]",p50,50,0.009545454545454544
"orb of transmutation",currency,"[]",totalValidListings,100,4
"primal crystallised lifeforce",currency,"[]",p15,9,0.005964285714285715
"grand eldritch ember",currency,"[]",totalQuantity,0,17
"replica last resort",unique,"[{""key"":""sixLink"",""value"":false},{""key"":""corrupted"",""value"":false},{""key"":""foilVariation"",""value"":0}]",p50,0,6
"regal orb",currency,"[]",totalValidListings,0,4
"vivid crystallised lifeforce",currency,"[]",totalValidListings,0,4
"battlemage's cry",gem,"[{""key"":""lvl"",""value"":""1""},{""key"":""typeLine"",""value"":""battlemage's cry support""},{""key"":""corrutped"",""value"":false},{""key"":""quality"",""value"":""0""}]",totalValidListings,0,4
"metallic fossil",fossil,"[]",p20,0,1
"shield crush",gem,"[{""key"":""lvl"",""value"":""1""},{""key"":""typeLine"",""value"":""shield crush""},{""key"":""corrutped"",""value"":false},{""key"":""quality"",""value"":""0""}]",p20,0,0.4
"orb of transmutation",currency,"[]",p20,0,0.05
"explorer's scouting report",scouting report,"[]",p10,0,1
"minion damage support",gem,"[{""key"":""lvl"",""value"":""1""},{""key"":""typeLine"",""value"":""minion damage support""},{""key"":""corrutped"",""value"":false},{""key"":""quality"",""value"":""0""}]",p20,0,1
"eternal damnation",unique,"[{""key"":""sixLink"",""value"":false},{""key"":""corrupted"",""value"":false},{""key"":""foilVariation"",""value"":0}]",p7,0,1.42
"orb of alteration",currency,"[]",p15,9,0.26
"soul catcher",unique,"[{""key"":""sixLink"",""value"":false},{""key"":""corrupted"",""value"":false},{""key"":""foilVariation"",""value"":0}]",p15,0,1
"orb of transmutation",currency,"[]",p10,9,0.03533333333333333
"turbulent catalyst",currency,"[]",p20,0,0.46
"wild crystallised lifeforce",currency,"[]",totalValidListings,100,4
"astragali",artifacts,"[]",p10,0,1
"orb of alteration",currency,"[]",p5,9,0.22
"armourer's scrap",currency,"[]",p50,0,0.5277777777777778
"noxious catalyst",currency,"[]",p5,0,0.8300000000000001
"orb of annulment",currency,"[]",p7,0,9.14
"jeweller's orb",currency,"[]",totalQuantity,0,597
"vivid crystallised lifeforce",currency,"[]",totalQuantity,100,6361
"noxious catalyst",currency,"[]",p10,0,0.8600000000000001
"orb of annulment",currency,"[]",p15,0,9.3
"aberrant fossil",fossil,"[]",totalValidListings,0,4
"portal scroll",currency,"[]",totalQuantity,9,4005
"orb of transmutation",currency,"[]",p5,0,0.05
"increased critical strikes support",gem,"[{""key"":""lvl"",""value"":""1""},{""key"":""typeLine"",""value"":""increased critical strikes support""},{""key"":""corrutped"",""value"":false},{""key"":""quality"",""value"":""0""}]",p20,0,1
"vivid crystallised lifeforce",currency,"[]",p7,30,0.004602597402597403
"portal scroll",currency,"[]",p5,100,0.01666666666666667
"orb of chance",currency,"[]",totalValidListings,0,4
"orb of transmutation",currency,"[]",p10,30,0.03533333333333333
"vivid crystallised lifeforce",currency,"[]",p10,50,0.004727272727272728
"orb of alchemy",currency,"[]",p7,9,0.8232719298245614
"vivid crystallised lifeforce",currency,"[]",p50,30,0.01
"vivid crystallised lifeforce",currency,"[]",totalValidListings,50,4
"orb of regret",currency,"[]",p10,0,3
"vaal orb",currency,"[]",p20,9,3
"orb of transmutation",currency,"[]",p50,30,0.045
"tainted blacksmith's whetstone",currency,"[]",totalValidListings,0,4
"aberrant fossil",fossil,"[]",p50,0,1
"freezing pulse",gem,"[{""key"":""lvl"",""value"":""1""},{""key"":""typeLine"",""value"":""freezing pulse""},{""key"":""corrutped"",""value"":false},{""key"":""quality"",""value"":""0""}]",p50,0,0.5
"cartographer's chisel",currency,"[]",totalValidListings,9,4
"jeweller's orb",currency,"[]",p7,0,0.125
"portal scroll",currency,"[]",totalQuantity,18,4005
"wild crystallised lifeforce",currency,"[]",p10,18,0.008384615384615384
"additional accuracy support",gem,"[{""key"":""lvl"",""value"":""1""},{""key"":""typeLine"",""value"":""additional accuracy support""},{""key"":""corrutped"",""value"":false},{""key"":""quality"",""value"":""0""}]",p10,0,1
"imbued catalyst",currency,"[]",totalValidListings,0,4
"ritual vessel",currency,"[]",totalValidListings,0,4
"turbulent catalyst",currency,"[]",p50,0,0.5
"grand eldritch ember",currency,"[]",p15,0,2.45
"orb of alteration",currency,"[]",p10,18,0.24
"grand eldritch ember",currency,"[]",p7,0,2.21
"singularity",unique,"[{""key"":""sixLink"",""value"":false},{""key"":""corrupted"",""value"":false},{""key"":""foilVariation"",""value"":0}]",p15,0,3.35
"city square map",map,"[{""key"":""tier"",""value"":""11""}]",totalValidListings,0,4
"imbued catalyst",currency,"[]",p10,0,0.43
"primal crystallised lifeforce",currency,"[]",p20,500,0.006285714285714286
"chromatic orb",currency,"[]",p5,0,0.06738095238095237
"vaal orb",currency,"[]",p50,9,3
"ritual vessel",currency,"[]",p20,0,1.6
"replica last resort",unique,"[{""key"":""sixLink"",""value"":false},{""key"":""corrupted"",""value"":false},{""key"":""foilVariation"",""value"":0}]",totalValidListings,0,4
"orb of alchemy",currency,"[]",p10,18,0.8332456140350877
"ritual vessel",currency,"[]",p50,0,2
"soul catcher",unique,"[{""key"":""sixLink"",""value"":false},{""key"":""corrupted"",""value"":false},{""key"":""foilVariation"",""value"":0}]",p10,0,1
"freezing pulse",gem,"[{""key"":""lvl"",""value"":""1""},{""key"":""typeLine"",""value"":""freezing pulse""},{""key"":""corrutped"",""value"":false},{""key"":""quality"",""value"":""0""}]",p10,0,0.35
"cursed crypt map",map,"[{""key"":""tier"",""value"":""12""}]",totalValidListings,0,4
"wild crystallised lifeforce",currency,"[]",p15,100,0.005032967032967033
"chromatic orb",currency,"[]",p20,30,0.06952380952380952
"imbued catalyst",currency,"[]",totalQuantity,0,16
"voidbringer",unique,"[{""key"":""sixLink"",""value"":false},{""key"":""corrupted"",""value"":false},{""key"":""foilVariation"",""value"":0}]",p20,0,1
"fracturing shard",currency,"[]",p5,0,2.15
"orb of chance",currency,"[]",p50,0,0.5
"orb of transmutation",currency,"[]",p20,9,0.03733333333333334
"divine orb",currency,"[]",p50,0,37.5
"eternal damnation",unique,"[{""key"":""sixLink"",""value"":false},{""key"":""corrupted"",""value"":false},{""key"":""foilVariation"",""value"":0}]",totalValidListings,0,4
"divine orb",currency,"[]",p10,0,25
"orb of transmutation",currency,"[]",p20,18,0.03733333333333334
"orb of annulment",currency,"[]",totalQuantity,0,4
"wild crystallised lifeforce",currency,"[]",p7,18,0.008176923076923078
"vivid crystallised lifeforce",currency,"[]",p50,0,0.009545454545454544
"singularity",unique,"[{""key"":""sixLink"",""value"":false},{""key"":""corrupted"",""value"":false},{""key"":""foilVariation"",""value"":0}]",totalValidListings,0,4
"orb of alchemy",currency,"[]",p15,100,0.7725
"imbued catalyst",currency,"[]",p5,0,0.415
"primal crystallised lifeforce",currency,"[]",p10,18,0.005642857142857143
"armourer's scrap",currency,"[]",totalQuantity,0,1340
"penance brand",gem,"[{""key"":""lvl"",""value"":""1""},{""key"":""typeLine"",""value"":""penance brand""},{""key"":""corrutped"",""value"":false},{""key"":""quality"",""value"":""0""}]",totalQuantity,0,4
"primal crystallised lifeforce",currency,"[]",p7,100,0.00545
"orb of alchemy",currency,"[]",p50,30,0.955409356725146
"additional accuracy support",gem,"[{""key"":""lvl"",""value"":""1""},{""key"":""typeLine"",""value"":""additional accuracy support""},{""key"":""corrutped"",""value"":false},{""key"":""quality"",""value"":""0""}]",p7,0,1
"orb of alchemy",currency,"[]",p15,9,0.8498684210526315
"crescent splinter",fragment,"[]",p10,0,5
"orb of alteration",currency,"[]",p15,0,0.26
"explorer's scouting report",scouting report,"[]",p50,0,1
"vivid crystallised lifeforce",currency,"[]",totalValidListings,18,4
"behead support",gem,"[{""key"":""lvl"",""value"":""1""},{""key"":""typeLine"",""value"":""behead support""},{""key"":""corrutped"",""value"":false},{""key"":""quality"",""value"":""0""}]",p5,0,1
"orb of alchemy",currency,"[]",p20,100,0.78
"portal scroll",currency,"[]",totalValidListings,18,4
"portal scroll",currency,"[]",p7,100,0.01666666666666667
"shield crush",gem,"[{""key"":""lvl"",""value"":""1""},{""key"":""typeLine"",""value"":""shield crush""},{""key"":""corrutped"",""value"":false},{""key"":""quality"",""value"":""0""}]",p5,0,0.2875
"orb of alteration",currency,"[]",p20,9,0.28
"orb of regret",currency,"[]",totalValidListings,0,3
"primal crystallised lifeforce",currency,"[]",p50,0,0.007142857142857143
"eternal damnation",unique,"[{""key"":""sixLink"",""value"":false},{""key"":""corrupted"",""value"":false},{""key"":""foilVariation"",""value"":0}]",p5,0,1.3
"shield crush",gem,"[{""key"":""lvl"",""value"":""1""},{""key"":""typeLine"",""value"":""shield crush""},{""key"":""corrutped"",""value"":false},{""key"":""quality"",""value"":""0""}]",p15,0,0.3625
"orb of transmutation",currency,"[]",p15,9,0.03633333333333334
"chromatic orb",currency,"[]",p10,18,0.0680952380952381
"orb of alchemy",currency,"[]",p15,30,0.8498684210526315
"orb of regret",currency,"[]",p20,0,3
"black oil",oil,"[]",p7,0,2.21
"primal crystallised lifeforce",currency,"[]",totalQuantity,100,10057
"city square map",map,"[{""key"":""tier"",""value"":""11""}]",p50,0,2.5
"primal crystallised lifeforce",currency,"[]",totalValidListings,0,4
"minion damage support",gem,"[{""key"":""lvl"",""value"":""1""},{""key"":""typeLine"",""value"":""minion damage support""},{""key"":""corrutped"",""value"":false},{""key"":""quality"",""value"":""0""}]",totalQuantity,0,4
"primal crystallised lifeforce",currency,"[]",totalValidListings,500,4
"maim support",gem,"[{""key"":""lvl"",""value"":""1""},{""key"":""typeLine"",""value"":""maim support""},{""key"":""corrutped"",""value"":false},{""key"":""quality"",""value"":""0""}]",p50,0,0.75
"vivid crystallised lifeforce",currency,"[]",p20,9,0.008733233979135618
"pinpoint support",gem,"[{""key"":""lvl"",""value"":""1""},{""key"":""typeLine"",""value"":""pinpoint support""},{""key"":""corrutped"",""value"":false},{""key"":""quality"",""value"":""0""}]",p50,0,1
"orb of transmutation",currency,"[]",p20,30,0.03733333333333334
"wild crystallised lifeforce",currency,"[]",p5,50,0.00803846153846154
"lesser eldritch ember",currency,"[]",totalQuantity,0,8
"maim support",gem,"[{""key"":""lvl"",""value"":""1""},{""key"":""typeLine"",""value"":""maim support""},{""key"":""corrutped"",""value"":false},{""key"":""quality"",""value"":""0""}]",totalValidListings,0,4
"portal scroll",currency,"[]",totalQuantity,30,4005
"freezing pulse",gem,"[{""key"":""lvl"",""value"":""1""},{""key"":""typeLine"",""value"":""freezing pulse""},{""key"":""corrutped"",""value"":false},{""key"":""quality"",""value"":""0""}]",totalValidListings,0,5
"city square map",map,"[{""key"":""tier"",""value"":""11""}]",p10,0,1.825
"metallic fossil",fossil,"[]",p7,0,1
"orb of alchemy",currency,"[]",p10,50,0.8332456140350877
"primal crystallised lifeforce",currency,"[]",p15,50,0.005964285714285715
"primal crystallised lifeforce",currency,"[]",p7,0,0.00545
"freezing pulse",gem,"[{""key"":""lvl"",""value"":""1""},{""key"":""typeLine"",""value"":""freezing pulse""},{""key"":""corrutped"",""value"":false},{""key"":""quality"",""value"":""0""}]",p5,0,0.3
"lesser eldritch ember",currency,"[]",p50,0,3
"replica last resort",unique,"[{""key"":""sixLink"",""value"":false},{""key"":""corrupted"",""value"":false},{""key"":""foilVariation"",""value"":0}]",p10,0,4.3
"orb of alchemy",currency,"[]",p7,0,0.8560000000000001
"malachai's artifice",unique,"[{""key"":""sixLink"",""value"":false},{""key"":""corrupted"",""value"":false},{""key"":""foilVariation"",""value"":0}]",p5,0,1
"additional accuracy support",gem,"[{""key"":""lvl"",""value"":""1""},{""key"":""typeLine"",""value"":""additional accuracy support""},{""key"":""corrutped"",""value"":false},{""key"":""quality"",""value"":""0""}]",totalQuantity,0,4
"portal scroll",currency,"[]",p10,9,0.01666666666666667
"orb of chance",currency,"[]",totalQuantity,0,89
"portal scroll",currency,"[]",p5,9,0.01666666666666667
"portal scroll",currency,"[]",p50,50,0.02083333333333334
"fracturing shard",currency,"[]",p7,0,2.21
"astragali",artifacts,"[]",p15,0,1
"soul catcher",unique,"[{""key"":""sixLink"",""value"":false},{""key"":""corrupted"",""value"":false},{""key"":""foilVariation"",""value"":0}]",p5,0,1
"metallic fossil",fossil,"[]",p50,0,1
"tainted armourer's scrap",currency,"[]",totalQuantity,0,11
"maim support",gem,"[{""key"":""lvl"",""value"":""1""},{""key"":""typeLine"",""value"":""maim support""},{""key"":""corrutped"",""value"":false},{""key"":""quality"",""value"":""0""}]",p7,0,0.3025
"singularity",unique,"[{""key"":""sixLink"",""value"":false},{""key"":""corrupted"",""value"":false},{""key"":""foilVariation"",""value"":0}]",p10,0,2.9
"behead support",gem,"[{""key"":""lvl"",""value"":""1""},{""key"":""typeLine"",""value"":""behead support""},{""key"":""corrutped"",""value"":false},{""key"":""quality"",""value"":""0""}]",p10,0,1
"portal scroll",currency,"[]",p5,18,0.01666666666666667
"turbulent catalyst",currency,"[]",p7,0,0.421
"wild crystallised lifeforce",currency,"[]",p7,100,0.003872527472527473
"orb of alchemy",currency,"[]",p20,18,0.8664912280701753
"portal scroll",currency,"[]",p5,0,0.01666666666666667
"essence worm",unique,"[{""key"":""sixLink"",""value"":false},{""key"":""corrupted"",""value"":false},{""key"":""foilVariation"",""value"":0}]",totalQuantity,0,4
"primal crystallised lifeforce",currency,"[]",p5,100,0.005321428571428572
"lesser eldritch ember",currency,"[]",p15,0,2.65
"aberrant fossil",fossil,"[]",p10,0,1
"replica last resort",unique,"[{""key"":""sixLink"",""value"":false},{""key"":""corrupted"",""value"":false},{""key"":""foilVariation"",""value"":0}]",totalQuantity,0,4
"primal crystallised lifeforce",currency,"[]",totalQuantity,500,10057
"black oil",oil,"[]",totalValidListings,0,4
"primal crystallised lifeforce",currency,"[]",totalQuantity,18,10057
"ritual vessel",currency,"[]",totalQuantity,0,7
"chromatic orb",currency,"[]",p7,9,0.06766666666666667
"orb of alchemy",currency,"[]",totalValidListings,9,4
"essence worm",unique,"[{""key"":""sixLink"",""value"":false},{""key"":""corrupted"",""value"":false},{""key"":""foilVariation"",""value"":0}]",p50,0,1
"cartographer's chisel",currency,"[]",p5,0,0.25
"wild crystallised lifeforce",currency,"[]",p5,100,0.003582417582417583
"simulacrum splinter",fragment,"[]",p7,0,0.2495
"portal scroll",currency,"[]",p15,18,0.01666666666666667
"orb of alchemy",currency,"[]",totalQuantity,100,2212
"jeweller's orb",currency,"[]",totalValidListings,0,4
"orb of transmutation",currency,"[]",p7,50,0.03473333333333333
"primal crystallised lifeforce",currency,"[]",p10,30,0.005642857142857143
"cartographer's chisel",currency,"[]",p50,18,0.25
"wild crystallised lifeforce",currency,"[]",p7,9,0.008176923076923078
"chromatic orb",currency,"[]",p50,0,0.07738095238095238
"ancestral call support",gem,"[{""key"":""lvl"",""value"":""1""},{""key"":""typeLine"",""value"":""ancestral call support""},{""key"":""corrutped"",""value"":false},{""key"":""quality"",""value"":""0""}]",totalValidListings,0,4
"chromatic orb",currency,"[]",p50,9,0.07738095238095238
"orb of transmutation",currency,"[]",p50,9,0.045
"portal scroll",currency,"[]",p20,50,0.01666666666666667
"wild crystallised lifeforce",currency,"[]",totalValidListings,9,4
"portal scroll",currency,"[]",p10,18,0.01666666666666667
"wild crystallised lifeforce",currency,"[]",p20,18,0.009076923076923078
"turbulent catalyst",currency,"[]",p5,0,0.415
"portal scroll",currency,"[]",p7,30,0.01666666666666667
"voidbringer",unique,"[{""key"":""sixLink"",""value"":false},{""key"":""corrupted"",""value"":false},{""key"":""foilVariation"",""value"":0}]",p50,0,1
"primal crystallised lifeforce",currency,"[]",totalQuantity,9,10057
"essence worm",unique,"[{""key"":""sixLink"",""value"":false},{""key"":""corrupted"",""value"":false},{""key"":""foilVariation"",""value"":0}]",p20,0,1
"wild crystallised lifeforce",currency,"[]",p50,30,0.01125
"wild crystallised lifeforce",currency,"[]",p7,30,0.008176923076923078
"city square map",map,"[{""key"":""tier"",""value"":""11""}]",p15,0,1.8625
"vivid crystallised lifeforce",currency,"[]",p50,18,0.009545454545454544
"wild crystallised lifeforce",currency,"[]",p10,100,0.004307692307692308
"vaal orb",currency,"[]",p7,9,3
"primal crystallised lifeforce",currency,"[]",p5,0,0.005321428571428572
"exalted orb",currency,"[]",p50,0,37.75
"orb of transmutation",currency,"[]",p7,0,0.05
"metallic fossil",fossil,"[]",p5,0,1
"orb of alchemy",currency,"[]",p50,18,1.052631578947368
"portal scroll",currency,"[]",p20,100,0.01666666666666667
"tainted armourer's scrap",currency,"[]",p10,0,3.6
"orb of alchemy",currency,"[]",p15,0,0.9021637426900585
"string of servitude",unique,"[{""key"":""sixLink"",""value"":false},{""key"":""corrupted"",""value"":true},{""key"":""foilVariation"",""value"":0}]",p15,0,2.45
"voidbringer",unique,"[{""key"":""sixLink"",""value"":false},{""key"":""corrupted"",""value"":false},{""key"":""foilVariation"",""value"":0}]",p15,0,1
"orb of alchemy",currency,"[]",p7,100,0.7605000000000001
"jeweller's orb",currency,"[]",p50,0,0.125
"primal crystallised lifeforce",currency,"[]",p15,30,0.005964285714285715
"chromatic orb",currency,"[]",p7,30,0.06766666666666667
"orb of alchemy",currency,"[]",p15,18,0.8498684210526315
"portal scroll",currency,"[]",p15,9,0.01666666666666667
"orb of transmutation",currency,"[]",p50,50,0.045
"tainted armourer's scrap",currency,"[]",p50,0,4
"orb of alteration",currency,"[]",p20,0,0.28
"soul catcher",unique,"[{""key"":""sixLink"",""value"":false},{""key"":""corrupted"",""value"":false},{""key"":""foilVariation"",""value"":0}]",totalQuantity,0,4
"eternal damnation",unique,"[{""key"":""sixLink"",""value"":false},{""key"":""corrupted"",""value"":false},{""key"":""foilVariation"",""value"":0}]",p50,0,4
"minion damage support",gem,"[{""key"":""lvl"",""value"":""1""},{""key"":""typeLine"",""value"":""minion damage support""},{""key"":""corrutped"",""value"":false},{""key"":""quality"",""value"":""0""}]",p10,0,1
"exalted orb",currency,"[]",p5,0,31.125
"astragali",artifacts,"[]",totalQuantity,0,12
"penance brand",gem,"[{""key"":""lvl"",""value"":""1""},{""key"":""typeLine"",""value"":""penance brand""},{""key"":""corrutped"",""value"":false},{""key"":""quality"",""value"":""0""}]",p5,0,0.2875
"battlemage's cry",gem,"[{""key"":""lvl"",""value"":""1""},{""key"":""typeLine"",""value"":""battlemage's cry support""},{""key"":""corrutped"",""value"":false},{""key"":""quality"",""value"":""0""}]",totalQuantity,0,5
"cartographer's chisel",currency,"[]",totalQuantity,9,243
"behead support",gem,"[{""key"":""lvl"",""value"":""1""},{""key"":""typeLine"",""value"":""behead support""},{""key"":""corrutped"",""value"":false},{""key"":""quality"",""value"":""0""}]",p50,0,1.5
"primal crystallised lifeforce",currency,"[]",p7,9,0.00545
"tainted jeweller's orb",currency,"[]",p10,0,1
"chromatic orb",currency,"[]",p50,18,0.07738095238095238
"primal crystallised lifeforce",currency,"[]",totalValidListings,30,4
"exalted orb",currency,"[]",p10,0,32.25
"portal scroll",currency,"[]",p50,0,0.02083333333333334
"portal scroll",currency,"[]",p10,0,0.01666666666666667
"wild crystallised lifeforce",currency,"[]",p10,30,0.008384615384615384
"increased critical strikes support",gem,"[{""key"":""lvl"",""value"":""1""},{""key"":""typeLine"",""value"":""increased critical strikes support""},{""key"":""corrutped"",""value"":false},{""key"":""quality"",""value"":""0""}]",p50,0,1
"tainted blacksmith's whetstone",currency,"[]",p10,0,1
"exalted orb",currency,"[]",totalQuantity,0,26
"regal orb",currency,"[]",p10,0,2.3
"orb of transmutation",currency,"[]",p7,100,0.03473333333333333
"string of servitude",unique,"[{""key"":""sixLink"",""value"":false},{""key"":""corrupted"",""value"":true},{""key"":""foilVariation"",""value"":0}]",totalQuantity,0,4
"ancestral call support",gem,"[{""key"":""lvl"",""value"":""1""},{""key"":""typeLine"",""value"":""ancestral call support""},{""key"":""corrutped"",""value"":false},{""key"":""quality"",""value"":""0""}]",p15,0,1
"the primordial chain",unique,"[{""key"":""sixLink"",""value"":false},{""key"":""corrupted"",""value"":false},{""key"":""foilVariation"",""value"":0}]",p10,0,1
"primal crystallised lifeforce",currency,"[]",p7,500,0.00545
"singularity",unique,"[{""key"":""sixLink"",""value"":false},{""key"":""corrupted"",""value"":false},{""key"":""foilVariation"",""value"":0}]",p50,0,5.5
"orb of alchemy",currency,"[]",p50,0,1
"cartographer's chisel",currency,"[]",p50,0,0.25
"orb of transmutation",currency,"[]",p20,100,0.03733333333333334
"behead support",gem,"[{""key"":""lvl"",""value"":""1""},{""key"":""typeLine"",""value"":""behead support""},{""key"":""corrutped"",""value"":false},{""key"":""quality"",""value"":""0""}]",p15,0,1
"chromatic orb",currency,"[]",p5,9,0.06738095238095237
"cursed crypt map",map,"[{""key"":""tier"",""value"":""12""}]",p7,0,2
"vivid crystallised lifeforce",currency,"[]",p20,30,0.007844155844155844
"astragali",artifacts,"[]",p50,0,1
"string of servitude",unique,"[{""key"":""sixLink"",""value"":false},{""key"":""corrupted"",""value"":true},{""key"":""foilVariation"",""value"":0}]",p5,0,2.15
"jeweller's orb",currency,"[]",p15,9,0.125
"orb of transmutation",currency,"[]",p10,18,0.03533333333333333
"turbulent catalyst",currency,"[]",totalQuantity,0,15
"primal crystallised lifeforce",currency,"[]",totalValidListings,9,4
"voidbringer",unique,"[{""key"":""sixLink"",""value"":false},{""key"":""corrupted"",""value"":false},{""key"":""foilVariation"",""value"":0}]",p10,0,1
"orb of alchemy",currency,"[]",totalQuantity,9,1106
"primal crystallised lifeforce",currency,"[]",p5,50,0.005321428571428572
"malachai's artifice",unique,"[{""key"":""sixLink"",""value"":false},{""key"":""corrupted"",""value"":false},{""key"":""foilVariation"",""value"":0}]",p15,0,1
"divine orb",currency,"[]",totalQuantity,0,4
"shield crush",gem,"[{""key"":""lvl"",""value"":""1""},{""key"":""typeLine"",""value"":""shield crush""},{""key"":""corrutped"",""value"":false},{""key"":""quality"",""value"":""0""}]",p50,0,0.75
"primal crystallised lifeforce",currency,"[]",totalQuantity,50,10057
"chromatic orb",currency,"[]",p10,0,0.0680952380952381
"primal crystallised lifeforce",currency,"[]",p15,18,0.005964285714285715
"portal scroll",currency,"[]",p20,30,0.01666666666666667
"ritual vessel",currency,"[]",p5,0,1.15
"wild crystallised lifeforce",currency,"[]",p10,50,0.008384615384615384
"regal orb",currency,"[]",p50,0,3
"tainted armourer's scrap",currency,"[]",p7,0,3.57
"portal scroll",currency,"[]",p50,30,0.02083333333333334
"portal scroll",currency,"[]",p20,0,0.01666666666666667
"added lightning damage support",gem,"[{""key"":""lvl"",""value"":""1""},{""key"":""typeLine"",""value"":""added lightning damage support""},{""key"":""corrutped"",""value"":false},{""key"":""quality"",""value"":""0""}]",p20,0,0.5
"orb of alchemy",currency,"[]",p5,50,0.8166228070175439
"orb of alchemy",currency,"[]",totalValidListings,50,4
"explorer's scouting report",scouting report,"[]",p15,0,1
"crescent splinter",fragment,"[]",totalQuantity,0,17
"primal crystallised lifeforce",currency,"[]",p15,500,0.005964285714285715
"armourer's scrap",currency,"[]",p10,0,0.05166666666666667
"orb of alchemy",currency,"[]",totalValidListings,0,9
"replica last resort",unique,"[{""key"":""sixLink"",""value"":false},{""key"":""corrupted"",""value"":false},{""key"":""foilVariation"",""value"":0}]",p7,0,4.21
"orb of transmutation",currency,"[]",totalQuantity,50,2217
"orb of alteration",currency,"[]",p50,9,0.3666666666666667
"splitting steel",gem,"[{""key"":""lvl"",""value"":""1-18""},{""key"":""typeLine"",""value"":""splitting steel""},{""key"":""corrutped""},{""key"":""quality"",""value"":""0""}]",totalQuantity,0,4
"jeweller's orb",currency,"[]",p10,9,0.125
"battlemage's cry",gem,"[{""key"":""lvl"",""value"":""1""},{""key"":""typeLine"",""value"":""battlemage's cry support""},{""key"":""corrutped"",""value"":false},{""key"":""quality"",""value"":""0""}]",p7,0,0.3025
"orb of transmutation",currency,"[]",totalQuantity,9,2217
"the primordial chain",unique,"[{""key"":""sixLink"",""value"":false},{""key"":""corrupted"",""value"":false},{""key"":""foilVariation"",""value"":0}]",p7,0,1
"cursed crypt map",map,"[{""key"":""tier"",""value"":""12""}]",totalQuantity,0,15
"vivid crystallised lifeforce",currency,"[]",p10,18,0.008464977645305514
"wild crystallised lifeforce",currency,"[]",p15,30,0.008730769230769231
"armourer's scrap",currency,"[]",p15,0,0.0525
"vivid crystallised lifeforce",currency,"[]",p10,9,0.008464977645305514
"primal crystallised lifeforce",currency,"[]",p20,0,0.006285714285714286
"orb of transmutation",currency,"[]",totalValidListings,50,4
"orb of transmutation",currency,"[]",totalValidListings,18,4
"wild crystallised lifeforce",currency,"[]",p5,30,0.00803846153846154
"noxious catalyst",currency,"[]",totalValidListings,0,4