"trinity support",gem,"[{""key"":""lvl"",""value"":""1-18""},{""key"":""corrupted""},{""key"":""quality"",""value"":""0""}]",p10,0,1
"trinity support",gem,"[{""key"":""lvl"",""value"":""1-18""},{""key"":""corrupted""},{""key"":""quality"",""value"":""0""}]",p20,0,1
"trinity support",gem,"[{""key"":""lvl"",""value"":""1-18""},{""key"":""corrupted""},{""key"":""quality"",""value"":""0""}]",p15,0,1
"trinity support",gem,"[{""key"":""lvl"",""value"":""1-18""},{""key"":""corrupted""},{""key"":""quality"",""value"":""0""}]",p7,0,1
"trinity support",gem,"[{""key"":""lvl"",""value"":""1-18""},{""key"":""corrupted""},{""key"":""quality"",""value"":""0""}]",p50,0,1
"trinity support",gem,"[{""key"":""lvl"",""value"":""1-18""},{""key"":""corrupted""},{""key"":""quality"",""value"":""0""}]",totalValidListings,0,5
"trinity support",gem,"[{""key"":""lvl"",""value"":""1-18""},{""key"":""corrupted""},{""key"":""quality"",""value"":""0""}]",p5,0,1
"trinity support",gem,"[{""key"":""lvl"",""value"":""1-18""},{""key"":""corrupted""},{""key"":""quality"",""value"":""0""}]",totalQuantity,0,5
"increased critical damage support",gem,"[{""key"":""lvl"",""value"":""1-18""},{""key"":""typeLine"",""value"":""increased critical damage support""},{""key"":""corrupted""},{""key"":""quality"",""value"":""0""}]",totalQuantity,0,5
"increased critical damage support",gem,"[{""key"":""lvl"",""value"":""1-18""},{""key"":""typeLine"",""value"":""increased critical damage support""},{""key"":""corrupted""},{""key"":""quality"",""value"":""0""}]",totalValidListings,0,5
"predator support",gem,"[{""key"":""lvl"",""value"":""1-18""},{""key"":""typeLine"",""value"":""signal prey""},{""key"":""corrupted""},{""key"":""quality"",""value"":""0""}]",totalValidListings,0,6
"increased critical damage support",gem,"[{""key"":""lvl"",""value"":""1-18""},{""key"":""typeLine"",""value"":""increased critical damage support""},{""key"":""corrupted""},{""key"":""quality"",""value"":""0""}]",p20,0,0.5
"physical to lightning support",gem,"[{""key"":""lvl"",""value"":""1-18""},{""key"":""typeLine"",""value"":""physical to lightning support""},{""key"":""corrupted""},{""key"":""quality"",""value"":""0""}]",p15,0,1
"physical to lightning support",gem,"[{""key"":""lvl"",""value"":""1-18""},{""key"":""typeLine"",""value"":""physical to lightning support""},{""key"":""corrupted""},{""key"":""quality"",""value"":""0""}]",p10,0,1
"physical to lightning support",gem,"[{""key"":""lvl"",""value"":""1-18""},{""key"":""typeLine"",""value"":""physical to lightning support""},{""key"":""corrupted""},{""key"":""quality"",""value"":""0""}]",p5,0,1
"physical to lightning support",gem,"[{""key"":""lvl"",""value"":""1-18""},{""key"":""typeLine"",""value"":""physical to lightning support""},{""key"":""corrupted""},{""key"":""quality"",""value"":""0""}]",p7,0,1
"physical to lightning support",gem,"[{""key"":""lvl"",""value"":""1-18""},{""key"":""typeLine"",""value"":""physical to lightning support""},{""key"":""corrupted""},{""key"":""quality"",""value"":""0""}]",p50,0,1
"increased critical damage support",gem,"[{""key"":""lvl"",""value"":""1-18""},{""key"":""typeLine"",""value"":""increased critical damage support""},{""key"":""corrupted""},{""key"":""quality"",""value"":""0""}]",p10,0,0.5
"increased critical damage support",gem,"[{""key"":""lvl"",""value"":""1-18""},{""key"":""typeLine"",""value"":""increased critical damage support""},{""key"":""corrupted""},{""key"":""quality"",""value"":""0""}]",p50,0,1
"increased critical damage support",gem,"[{""key"":""lvl"",""value"":""1-18""},{""key"":""typeLine"",""value"":""increased critical damage support""},{""key"":""corrupted""},{""key"":""quality"",""value"":""0""}]",p7,0,0.5
"predator support",gem,"[{""key"":""lvl"",""value"":""1-18""},{""key"":""typeLine"",""value"":""signal prey""},{""key"":""corrupted""},{""key"":""quality"",""value"":""0""}]",p50,0,1
"predator support",gem,"[{""key"":""lvl"",""value"":""1-18""},{""key"":""typeLine"",""value"":""signal prey""},{""key"":""corrupted""},{""key"":""quality"",""value"":""0""}]",p7,0,1
"predator support",gem,"[{""key"":""lvl"",""value"":""1-18""},{""key"":""typeLine"",""value"":""signal prey""},{""key"":""corrupted""},{""key"":""quality"",""value"":""0""}]",p10,0,1
"predator support",gem,"[{""key"":""lvl"",""value"":""1-18""},{""key"":""typeLine"",""value"":""signal prey""},{""key"":""corrupted""},{""key"":""quality"",""value"":""0""}]",p5,0,1
"predator support",gem,"[{""key"":""lvl"",""value"":""1-18""},{""key"":""typeLine"",""value"":""signal prey""},{""key"":""corrupted""},{""key"":""quality"",""value"":""0""}]",p15,0,1
"burning damage support",gem,"[{""key"":""lvl"",""value"":""1-18""},{""key"":""typeLine"",""value"":""burning damage support""},{""key"":""corrupted""},{""key"":""quality"",""value"":""0""}]",totalQuantity,0,5
"predator support",gem,"[{""key"":""lvl"",""value"":""1-18""},{""key"":""typeLine"",""value"":""signal prey""},{""key"":""corrupted""},{""key"":""quality"",""value"":""0""}]",totalQuantity,0,6
"burning damage support",gem,"[{""key"":""lvl"",""value"":""1-18""},{""key"":""typeLine"",""value"":""burning damage support""},{""key"":""corrupted""},{""key"":""quality"",""value"":""0""}]",p15,0,1
"burning damage support",gem,"[{""key"":""lvl"",""value"":""1-18""},{""key"":""typeLine"",""value"":""burning damage support""},{""key"":""corrupted""},{""key"":""quality"",""value"":""0""}]",p5,0,1
"burning damage support",gem,"[{""key"":""lvl"",""value"":""1-18""},{""key"":""typeLine"",""value"":""burning damage support""},{""key"":""corrupted""},{""key"":""quality"",""value"":""0""}]",p20,0,1
"burning damage support",gem,"[{""key"":""lvl"",""value"":""1-18""},{""key"":""typeLine"",""value"":""burning damage support""},{""key"":""corrupted""},{""key"":""quality"",""value"":""0""}]",totalValidListings,0,4
"burning damage support",gem,"[{""key"":""lvl"",""value"":""1-18""},{""key"":""typeLine"",""value"":""burning damage support""},{""key"":""corrupted""},{""key"":""quality"",""value"":""0""}]",p7,0,1
"innervate support",gem,"[{""key"":""lvl"",""value"":""1-18""},{""key"":""typeLine"",""value"":""innervate support""},{""key"":""corrupted""},{""key"":""quality"",""value"":""0""}]",totalValidListings,0,4
"innervate support",gem,"[{""key"":""lvl"",""value"":""1-18""},{""key"":""typeLine"",""value"":""innervate support""},{""key"":""corrupted""},{""key"":""quality"",""value"":""0""}]",p20,0,1
"concentrated effect support",gem,"[{""key"":""lvl"",""value"":""1-18""},{""key"":""typeLine"",""value"":""concentrated effect support""},{""key"":""corrupted""},{""key"":""quality"",""value"":""0""}]",p50,0,1
"innervate support",gem,"[{""key"":""lvl"",""value"":""1-18""},{""key"":""typeLine"",""value"":""innervate support""},{""key"":""corrupted""},{""key"":""quality"",""value"":""0""}]",p50,0,1
"innervate support",gem,"[{""key"":""lvl"",""value"":""1-18""},{""key"":""typeLine"",""value"":""innervate support""},{""key"":""corrupted""},{""key"":""quality"",""value"":""0""}]",p10,0,1
"innervate support",gem,"[{""key"":""lvl"",""value"":""1-18""},{""key"":""typeLine"",""value"":""innervate support""},{""key"":""corrupted""},{""key"":""quality"",""value"":""0""}]",p15,0,1
"concentrated effect support",gem,"[{""key"":""lvl"",""value"":""1-18""},{""key"":""typeLine"",""value"":""concentrated effect support""},{""key"":""corrupted""},{""key"":""quality"",""value"":""0""}]",p5,0,1
"concentrated effect support",gem,"[{""key"":""lvl"",""value"":""1-18""},{""key"":""typeLine"",""value"":""concentrated effect support""},{""key"":""corrupted""},{""key"":""quality"",""value"":""0""}]",p15,0,1
"concentrated effect support",gem,"[{""key"":""lvl"",""value"":""1-18""},{""key"":""typeLine"",""value"":""concentrated effect support""},{""key"":""corrupted""},{""key"":""quality"",""value"":""0""}]",p20,0,1
"concentrated effect support",gem,"[{""key"":""lvl"",""value"":""1-18""},{""key"":""typeLine"",""value"":""concentrated effect support""},{""key"":""corrupted""},{""key"":""quality"",""value"":""0""}]",totalValidListings,0,5
"innervate support",gem,"[{""key"":""lvl"",""value"":""1-18""},{""key"":""typeLine"",""value"":""innervate support""},{""key"":""corrupted""},{""key"":""quality"",""value"":""0""}]",totalQuantity,0,5
"concentrated effect support",gem,"[{""key"":""lvl"",""value"":""1-18""},{""key"":""typeLine"",""value"":""concentrated effect support""},{""key"":""corrupted""},{""key"":""quality"",""value"":""0""}]",p10,0,1
"innervate support",gem,"[{""key"":""lvl"",""value"":""1-18""},{""key"":""typeLine"",""value"":""innervate support""},{""key"":""corrupted""},{""key"":""quality"",""value"":""0""}]",p5,0,1
"pinpoint support",gem,"[{""key"":""lvl"",""value"":""1-18""},{""key"":""typeLine"",""value"":""pinpoint support""},{""key"":""corrupted""},{""key"":""quality"",""value"":""0""}]",p10,0,1
"pinpoint support",gem,"[{""key"":""lvl"",""value"":""1-18""},{""key"":""typeLine"",""value"":""pinpoint support""},{""key"":""corrupted""},{""key"":""quality"",""value"":""0""}]",p5,0,1
"concentrated effect support",gem,"[{""key"":""lvl"",""value"":""1-18""},{""key"":""typeLine"",""value"":""concentrated effect support""},{""key"":""corrupted""},{""key"":""quality"",""value"":""0""}]",p7,0,1
"innervate support",gem,"[{""key"":""lvl"",""value"":""1-18""},{""key"":""typeLine"",""value"":""innervate support""},{""key"":""corrupted""},{""key"":""quality"",""value"":""0""}]",p7,0,1
"concentrated effect support",gem,"[{""key"":""lvl"",""value"":""1-18""},{""key"":""typeLine"",""value"":""concentrated effect support""},{""key"":""corrupted""},{""key"":""quality"",""value"":""0""}]",totalQuantity,0,5
"pinpoint support",gem,"[{""key"":""lvl"",""value"":""1-18""},{""key"":""typeLine"",""value"":""pinpoint support""},{""key"":""corrupted""},{""key"":""quality"",""value"":""0""}]",p50,0,1
"bonechill support",gem,"[{""key"":""lvl"",""value"":""1-18""},{""key"":""typeLine"",""value"":""bonechill support""},{""key"":""corrupted""},{""key"":""quality"",""value"":""0""}]",p50,0,1
"minion speed support",gem,"[{""key"":""lvl"",""value"":""1-18""},{""key"":""typeLine"",""value"":""minion speed support""},{""key"":""corrupted""},{""key"":""quality"",""value"":""0""}]",totalValidListings,0,6
"bonechill support",gem,"[{""key"":""lvl"",""value"":""1-18""},{""key"":""typeLine"",""value"":""bonechill support""},{""key"":""corrupted""},{""key"":""quality"",""value"":""0""}]",p20,0,1
"minion speed support",gem,"[{""key"":""lvl"",""value"":""1-18""},{""key"":""typeLine"",""value"":""minion speed support""},{""key"":""corrupted""},{""key"":""quality"",""value"":""0""}]",p5,0,0.5
"elemental proliferation support",gem,"[{""key"":""lvl"",""value"":""1-18""},{""key"":""typeLine"",""value"":""elemental proliferation support""},{""key"":""corrupted""},{""key"":""quality"",""value"":""0""}]",totalValidListings,0,5
"bonechill support",gem,"[{""key"":""lvl"",""value"":""1-18""},{""key"":""typeLine"",""value"":""bonechill support""},{""key"":""corrupted""},{""key"":""quality"",""value"":""0""}]",p7,0,1
"elemental proliferation support",gem,"[{""key"":""lvl"",""value"":""1-18""},{""key"":""typeLine"",""value"":""elemental proliferation support""},{""key"":""corrupted""},{""key"":""quality"",""value"":""0""}]",p5,0,0.6
"elemental proliferation support",gem,"[{""key"":""lvl"",""value"":""1-18""},{""key"":""typeLine"",""value"":""elemental proliferation support""},{""key"":""corrupted""},{""key"":""quality"",""value"":""0""}]",p15,0,0.8
"bonechill support",gem,"[{""key"":""lvl"",""value"":""1-18""},{""key"":""typeLine"",""value"":""bonechill support""},{""key"":""corrupted""},{""key"":""quality"",""value"":""0""}]",totalValidListings,0,5
"bonechill support",gem,"[{""key"":""lvl"",""value"":""1-18""},{""key"":""typeLine"",""value"":""bonechill support""},{""key"":""corrupted""},{""key"":""quality"",""value"":""0""}]",p10,0,1
"bonechill support",gem,"[{""key"":""lvl"",""value"":""1-18""},{""key"":""typeLine"",""value"":""bonechill support""},{""key"":""corrupted""},{""key"":""quality"",""value"":""0""}]",p5,0,1
"pinpoint support",gem,"[{""key"":""lvl"",""value"":""1-18""},{""key"":""typeLine"",""value"":""pinpoint support""},{""key"":""corrupted""},{""key"":""quality"",""value"":""0""}]",p15,0,1
"minion speed support",gem,"[{""key"":""lvl"",""value"":""1-18""},{""key"":""typeLine"",""value"":""minion speed support""},{""key"":""corrupted""},{""key"":""quality"",""value"":""0""}]",p20,0,0.5
"elemental proliferation support",gem,"[{""key"":""lvl"",""value"":""1-18""},{""key"":""typeLine"",""value"":""elemental proliferation support""},{""key"":""corrupted""},{""key"":""quality"",""value"":""0""}]",p50,0,1
"lightning penetration support",gem,"[{""key"":""lvl"",""value"":""1-18""},{""key"":""typeLine"",""value"":""lightning penetration support""},{""key"":""corrupted""},{""key"":""quality"",""value"":""0""}]",p20,0,1
"pinpoint support",gem,"[{""key"":""lvl"",""value"":""1-18""},{""key"":""typeLine"",""value"":""pinpoint support""},{""key"":""corrupted""},{""key"":""quality"",""value"":""0""}]",p20,0,1
"lightning penetration support",gem,"[{""key"":""lvl"",""value"":""1-18""},{""key"":""typeLine"",""value"":""lightning penetration support""},{""key"":""corrupted""},{""key"":""quality"",""value"":""0""}]",totalQuantity,0,5
"pinpoint support",gem,"[{""key"":""lvl"",""value"":""1-18""},{""key"":""typeLine"",""value"":""pinpoint support""},{""key"":""corrupted""},{""key"":""quality"",""value"":""0""}]",totalQuantity,0,8
"pinpoint support",gem,"[{""key"":""lvl"",""value"":""1-18""},{""key"":""typeLine"",""value"":""pinpoint support""},{""key"":""corrupted""},{""key"":""quality"",""value"":""0""}]",totalValidListings,0,5
"lightning penetration support",gem,"[{""key"":""lvl"",""value"":""1-18""},{""key"":""typeLine"",""value"":""lightning penetration support""},{""key"":""corrupted""},{""key"":""quality"",""value"":""0""}]",p10,0,1
"physical to lightning support",gem,"[{""key"":""lvl"",""value"":""1-18""},{""key"":""typeLine"",""value"":""physical to lightning support""},{""key"":""corrupted""},{""key"":""quality"",""value"":""0""}]",totalQuantity,0,5
"pinpoint support",gem,"[{""key"":""lvl"",""value"":""1-18""},{""key"":""typeLine"",""value"":""pinpoint support""},{""key"":""corrupted""},{""key"":""quality"",""value"":""0""}]",p7,0,1
"minion speed support",gem,"[{""key"":""lvl"",""value"":""1-18""},{""key"":""typeLine"",""value"":""minion speed support""},{""key"":""corrupted""},{""key"":""quality"",""value"":""0""}]",p7,0,0.5
"mirage archer support",gem,"[{""key"":""lvl"",""value"":""1-18""},{""key"":""typeLine"",""value"":""mirage archer support""},{""key"":""corrupted""},{""key"":""quality"",""value"":""0""}]",p15,0,1
"lightning penetration support",gem,"[{""key"":""lvl"",""value"":""1-18""},{""key"":""typeLine"",""value"":""lightning penetration support""},{""key"":""corrupted""},{""key"":""quality"",""value"":""0""}]",p7,0,1
"lightning penetration support",gem,"[{""key"":""lvl"",""value"":""1-18""},{""key"":""typeLine"",""value"":""lightning penetration support""},{""key"":""corrupted""},{""key"":""quality"",""value"":""0""}]",p5,0,1
"lightning penetration support",gem,"[{""key"":""lvl"",""value"":""1-18""},{""key"":""typeLine"",""value"":""lightning penetration support""},{""key"":""corrupted""},{""key"":""quality"",""value"":""0""}]",p50,0,1
"mirage archer support",gem,"[{""key"":""lvl"",""value"":""1-18""},{""key"":""typeLine"",""value"":""mirage archer support""},{""key"":""corrupted""},{""key"":""quality"",""value"":""0""}]",p5,0,1
"mirage archer support",gem,"[{""key"":""lvl"",""value"":""1-18""},{""key"":""typeLine"",""value"":""mirage archer support""},{""key"":""corrupted""},{""key"":""quality"",""value"":""0""}]",p10,0,1
"arrogance support",gem,"[{""key"":""lvl"",""value"":""1-18""},{""key"":""typeLine"",""value"":""arrogance support""},{""key"":""corrupted""},{""key"":""quality"",""value"":""0""}]",p5,0,1
"mirage archer support",gem,"[{""key"":""lvl"",""value"":""1-18""},{""key"":""typeLine"",""value"":""mirage archer support""},{""key"":""corrupted""},{""key"":""quality"",""value"":""0""}]",p7,0,1
"elemental proliferation support",gem,"[{""key"":""lvl"",""value"":""1-18""},{""key"":""typeLine"",""value"":""elemental proliferation support""},{""key"":""corrupted""},{""key"":""quality"",""value"":""0""}]",p7,0,0.64
"physical to lightning support",gem,"[{""key"":""lvl"",""value"":""1-18""},{""key"":""typeLine"",""value"":""physical to lightning support""},{""key"":""corrupted""},{""key"":""quality"",""value"":""0""}]",p20,0,1
"elemental proliferation support",gem,"[{""key"":""lvl"",""value"":""1-18""},{""key"":""typeLine"",""value"":""elemental proliferation support""},{""key"":""corrupted""},{""key"":""quality"",""value"":""0""}]",p20,0,0.9
"lightning penetration support",gem,"[{""key"":""lvl"",""value"":""1-18""},{""key"":""typeLine"",""value"":""lightning penetration support""},{""key"":""corrupted""},{""key"":""quality"",""value"":""0""}]",totalValidListings,0,4
"physical to lightning support",gem,"[{""key"":""lvl"",""value"":""1-18""},{""key"":""typeLine"",""value"":""physical to lightning support""},{""key"":""corrupted""},{""key"":""quality"",""value"":""0""}]",totalValidListings,0,5
"arrogance support",gem,"[{""key"":""lvl"",""value"":""1-18""},{""key"":""typeLine"",""value"":""arrogance support""},{""key"":""corrupted""},{""key"":""quality"",""value"":""0""}]",p20,0,1
"arrogance support",gem,"[{""key"":""lvl"",""value"":""1-18""},{""key"":""typeLine"",""value"":""arrogance support""},{""key"":""corrupted""},{""key"":""quality"",""value"":""0""}]",p50,0,1
"arrogance support",gem,"[{""key"":""lvl"",""value"":""1-18""},{""key"":""typeLine"",""value"":""arrogance support""},{""key"":""corrupted""},{""key"":""quality"",""value"":""0""}]",p10,0,1
"arrogance support",gem,"[{""key"":""lvl"",""value"":""1-18""},{""key"":""typeLine"",""value"":""arrogance support""},{""key"":""corrupted""},{""key"":""quality"",""value"":""0""}]",p7,0,1
"arrogance support",gem,"[{""key"":""lvl"",""value"":""1-18""},{""key"":""typeLine"",""value"":""arrogance support""},{""key"":""corrupted""},{""key"":""quality"",""value"":""0""}]",p15,0,1
"arrogance support",gem,"[{""key"":""lvl"",""value"":""1-18""},{""key"":""typeLine"",""value"":""arrogance support""},{""key"":""corrupted""},{""key"":""quality"",""value"":""0""}]",totalValidListings,0,5
"arrogance support",gem,"[{""key"":""lvl"",""value"":""1-18""},{""key"":""typeLine"",""value"":""arrogance support""},{""key"":""corrupted""},{""key"":""quality"",""value"":""0""}]",totalQuantity,0,5
"shockwave support",gem,"[{""key"":""lvl"",""value"":""1-18""},{""key"":""typeLine"",""value"":""shockwave""},{""key"":""corrupted""},{""key"":""quality"",""value"":""0""}]",p10,0,1
"increased critical damage support",gem,"[{""key"":""lvl"",""value"":""1-18""},{""key"":""typeLine"",""value"":""increased critical damage support""},{""key"":""corrupted""},{""key"":""quality"",""value"":""0""}]",p5,0,0.5
"shockwave support",gem,"[{""key"":""lvl"",""value"":""1-18""},{""key"":""typeLine"",""value"":""shockwave""},{""key"":""corrupted""},{""key"":""quality"",""value"":""0""}]",p20,0,1
"seismic cry",gem,"[{""key"":""lvl"",""value"":""1-18""},{""key"":""typeLine"",""value"":""seismic cry""},{""key"":""corrupted""},{""key"":""quality"",""value"":""0""}]",p50,0,1
"shockwave support",gem,"[{""key"":""lvl"",""value"":""1-18""},{""key"":""typeLine"",""value"":""shockwave""},{""key"":""corrupted""},{""key"":""quality"",""value"":""0""}]",p15,0,1
"seismic cry",gem,"[{""key"":""lvl"",""value"":""1-18""},{""key"":""typeLine"",""value"":""seismic cry""},{""key"":""corrupted""},{""key"":""quality"",""value"":""0""}]",p7,0,1
"seismic cry",gem,"[{""key"":""lvl"",""value"":""1-18""},{""key"":""typeLine"",""value"":""seismic cry""},{""key"":""corrupted""},{""key"":""quality"",""value"":""0""}]",p10,0,1
"shockwave support",gem,"[{""key"":""lvl"",""value"":""1-18""},{""key"":""typeLine"",""value"":""shockwave""},{""key"":""corrupted""},{""key"":""quality"",""value"":""0""}]",totalValidListings,0,5
"seismic cry",gem,"[{""key"":""lvl"",""value"":""1-18""},{""key"":""typeLine"",""value"":""seismic cry""},{""key"":""corrupted""},{""key"":""quality"",""value"":""0""}]",totalValidListings,0,4
"shockwave support",gem,"[{""key"":""lvl"",""value"":""1-18""},{""key"":""typeLine"",""value"":""shockwave""},{""key"":""corrupted""},{""key"":""quality"",""value"":""0""}]",p50,0,1
"seismic cry",gem,"[{""key"":""lvl"",""value"":""1-18""},{""key"":""typeLine"",""value"":""seismic cry""},{""key"":""corrupted""},{""key"":""quality"",""value"":""0""}]",p20,0,1
"seismic cry",gem,"[{""key"":""lvl"",""value"":""1-18""},{""key"":""typeLine"",""value"":""seismic cry""},{""key"":""corrupted""},{""key"":""quality"",""value"":""0""}]",p5,0,1
"seismic cry",gem,"[{""key"":""lvl"",""value"":""1-18""},{""key"":""typeLine"",""value"":""seismic cry""},{""key"":""corrupted""},{""key"":""quality"",""value"":""0""}]",p15,0,1
"seismic cry",gem,"[{""key"":""lvl"",""value"":""1-18""},{""key"":""typeLine"",""value"":""seismic cry""},{""key"":""corrupted""},{""key"":""quality"",""value"":""0""}]",totalQuantity,0,6
"ballista totem support",gem,"[{""key"":""lvl"",""value"":""1-18""},{""key"":""typeLine"",""value"":""ballista totem support""},{""key"":""corrupted""},{""key"":""quality"",""value"":""0""}]",totalQuantity,0,5
"predator support",gem,"[{""key"":""lvl"",""value"":""1-18""},{""key"":""typeLine"",""value"":""signal prey""},{""key"":""corrupted""},{""key"":""quality"",""value"":""0""}]",p20,0,1
"mirage archer support",gem,"[{""key"":""lvl"",""value"":""1-18""},{""key"":""typeLine"",""value"":""mirage archer support""},{""key"":""corrupted""},{""key"":""quality"",""value"":""0""}]",p50,0,1
"elemental proliferation support",gem,"[{""key"":""lvl"",""value"":""1-18""},{""key"":""typeLine"",""value"":""elemental proliferation support""},{""key"":""corrupted""},{""key"":""quality"",""value"":""0""}]",p10,0,0.7
"ballista totem support",gem,"[{""key"":""lvl"",""value"":""1-18""},{""key"":""typeLine"",""value"":""ballista totem support""},{""key"":""corrupted""},{""key"":""quality"",""value"":""0""}]",p50,0,1
"ballista totem support",gem,"[{""key"":""lvl"",""value"":""1-18""},{""key"":""typeLine"",""value"":""ballista totem support""},{""key"":""corrupted""},{""key"":""quality"",""value"":""0""}]",p7,0,1
"ballista totem support",gem,"[{""key"":""lvl"",""value"":""1-18""},{""key"":""typeLine"",""value"":""ballista totem support""},{""key"":""corrupted""},{""key"":""quality"",""value"":""0""}]",p15,0,1
"ballista totem support",gem,"[{""key"":""lvl"",""value"":""1-18""},{""key"":""typeLine"",""value"":""ballista totem support""},{""key"":""corrupted""},{""key"":""quality"",""value"":""0""}]",p5,0,1
"lightning penetration support",gem,"[{""key"":""lvl"",""value"":""1-18""},{""key"":""typeLine"",""value"":""lightning penetration support""},{""key"":""corrupted""},{""key"":""quality"",""value"":""0""}]",p15,0,1
"mirage archer support",gem,"[{""key"":""lvl"",""value"":""1-18""},{""key"":""typeLine"",""value"":""mirage archer support""},{""key"":""corrupted""},{""key"":""quality"",""value"":""0""}]",p20,0,1
"burning damage support",gem,"[{""key"":""lvl"",""value"":""1-18""},{""key"":""typeLine"",""value"":""burning damage support""},{""key"":""corrupted""},{""key"":""quality"",""value"":""0""}]",p10,0,1
"burning damage support",gem,"[{""key"":""lvl"",""value"":""1-18""},{""key"":""typeLine"",""value"":""burning damage support""},{""key"":""corrupted""},{""key"":""quality"",""value"":""0""}]",p50,0,1
"mirage archer support",gem,"[{""key"":""lvl"",""value"":""1-18""},{""key"":""typeLine"",""value"":""mirage archer support""},{""key"":""corrupted""},{""key"":""quality"",""value"":""0""}]",totalValidListings,0,5
"increased critical damage support",gem,"[{""key"":""lvl"",""value"":""1-18""},{""key"":""typeLine"",""value"":""increased critical damage support""},{""key"":""corrupted""},{""key"":""quality"",""value"":""0""}]",p15,0,0.5
"bonechill support",gem,"[{""key"":""lvl"",""value"":""1-18""},{""key"":""typeLine"",""value"":""bonechill support""},{""key"":""corrupted""},{""key"":""quality"",""value"":""0""}]",totalQuantity,0,5
"ballista totem support",gem,"[{""key"":""lvl"",""value"":""1-18""},{""key"":""typeLine"",""value"":""ballista totem support""},{""key"":""corrupted""},{""key"":""quality"",""value"":""0""}]",p10,0,1
"minion speed support",gem,"[{""key"":""lvl"",""value"":""1-18""},{""key"":""typeLine"",""value"":""minion speed support""},{""key"":""corrupted""},{""key"":""quality"",""value"":""0""}]",p10,0,0.5
"ballista totem support",gem,"[{""key"":""lvl"",""value"":""1-18""},{""key"":""typeLine"",""value"":""ballista totem support""},{""key"":""corrupted""},{""key"":""quality"",""value"":""0""}]",p20,0,1
"ballista totem support",gem,"[{""key"":""lvl"",""value"":""1-18""},{""key"":""typeLine"",""value"":""ballista totem support""},{""key"":""corrupted""},{""key"":""quality"",""value"":""0""}]",totalValidListings,0,4
"shockwave support",gem,"[{""key"":""lvl"",""value"":""1-18""},{""key"":""typeLine"",""value"":""shockwave""},{""key"":""corrupted""},{""key"":""quality"",""value"":""0""}]",p7,0,1
"bonechill support",gem,"[{""key"":""lvl"",""value"":""1-18""},{""key"":""typeLine"",""value"":""bonechill support""},{""key"":""corrupted""},{""key"":""quality"",""value"":""0""}]",p15,0,1
"elemental proliferation support",gem,"[{""key"":""lvl"",""value"":""1-18""},{""key"":""typeLine"",""value"":""elemental proliferation support""},{""key"":""corrupted""},{""key"":""quality"",""value"":""0""}]",totalQuantity,0,5
"mirage archer support",gem,"[{""key"":""lvl"",""value"":""1-18""},{""key"":""typeLine"",""value"":""mirage archer support""},{""key"":""corrupted""},{""key"":""quality"",""value"":""0""}]",totalQuantity,0,5
"feeding frenzy support",gem,"[{""key"":""lvl"",""value"":""1-18""},{""key"":""corrupted""},{""key"":""quality"",""value"":""0""}]",p20,0,1
"feeding frenzy support",gem,"[{""key"":""lvl"",""value"":""1-18""},{""key"":""corrupted""},{""key"":""quality"",""value"":""0""}]",p7,0,1
"feeding frenzy support",gem,"[{""key"":""lvl"",""value"":""1-18""},{""key"":""corrupted""},{""key"":""quality"",""value"":""0""}]",p5,0,1
"feeding frenzy support",gem,"[{""key"":""lvl"",""value"":""1-18""},{""key"":""corrupted""},{""key"":""quality"",""value"":""0""}]",totalValidListings,0,5
"minion speed support",gem,"[{""key"":""lvl"",""value"":""1-18""},{""key"":""typeLine"",""value"":""minion speed support""},{""key"":""corrupted""},{""key"":""quality"",""value"":""0""}]",p50,0,1
"feeding frenzy support",gem,"[{""key"":""lvl"",""value"":""1-18""},{""key"":""corrupted""},{""key"":""quality"",""value"":""0""}]",totalQuantity,0,6
"feeding frenzy support",gem,"[{""key"":""lvl"",""value"":""1-18""},{""key"":""corrupted""},{""key"":""quality"",""value"":""0""}]",p50,0,1
"feeding frenzy support",gem,"[{""key"":""lvl"",""value"":""1-18""},{""key"":""corrupted""},{""key"":""quality"",""value"":""0""}]",p10,0,1
"shockwave support",gem,"[{""key"":""lvl"",""value"":""1-18""},{""key"":""typeLine"",""value"":""shockwave""},{""key"":""corrupted""},{""key"":""quality"",""value"":""0""}]",totalQuantity,0,7
"feeding frenzy support",gem,"[{""key"":""lvl"",""value"":""1-18""},{""key"":""corrupted""},{""key"":""quality"",""value"":""0""}]",p15,0,1
"minion speed support",gem,"[{""key"":""lvl"",""value"":""1-18""},{""key"":""typeLine"",""value"":""minion speed support""},{""key"":""corrupted""},{""key"":""quality"",""value"":""0""}]",p15,0,0.5
"earthbreaker support",gem,"[{""key"":""lvl"",""value"":""1-18""},{""key"":""corrupted""},{""key"":""quality"",""value"":""0""}]",totalQuantity,0,7
"earthbreaker support",gem,"[{""key"":""lvl"",""value"":""1-18""},{""key"":""corrupted""},{""key"":""quality"",""value"":""0""}]",p15,0,1
"earthbreaker support",gem,"[{""key"":""lvl"",""value"":""1-18""},{""key"":""corrupted""},{""key"":""quality"",""value"":""0""}]",p10,0,1
"earthbreaker support",gem,"[{""key"":""lvl"",""value"":""1-18""},{""key"":""corrupted""},{""key"":""quality"",""value"":""0""}]",totalValidListings,0,6
"earthbreaker support",gem,"[{""key"":""lvl"",""value"":""1-18""},{""key"":""corrupted""},{""key"":""quality"",""value"":""0""}]",p50,0,1
"earthbreaker support",gem,"[{""key"":""lvl"",""value"":""1-18""},{""key"":""corrupted""},{""key"":""quality"",""value"":""0""}]",p5,0,1
"concentrated effect support",gem,"[{""key"":""lvl"",""value"":""1-18""},{""key"":""corrupted""},{""key"":""quality"",""value"":""0""}]",p10,0,1
"earthbreaker support",gem,"[{""key"":""lvl"",""value"":""1-18""},{""key"":""corrupted""},{""key"":""quality"",""value"":""0""}]",p20,0,1
"concentrated effect support",gem,"[{""key"":""lvl"",""value"":""1-18""},{""key"":""corrupted""},{""key"":""quality"",""value"":""0""}]",p5,0,1
"earthbreaker support",gem,"[{""key"":""lvl"",""value"":""1-18""},{""key"":""corrupted""},{""key"":""quality"",""value"":""0""}]",p7,0,1
"concentrated effect support",gem,"[{""key"":""lvl"",""value"":""1-18""},{""key"":""corrupted""},{""key"":""quality"",""value"":""0""}]",p15,0,1
"concentrated effect support",gem,"[{""key"":""lvl"",""value"":""1-18""},{""key"":""corrupted""},{""key"":""quality"",""value"":""0""}]",totalValidListings,0,5
"concentrated effect support",gem,"[{""key"":""lvl"",""value"":""1-18""},{""key"":""corrupted""},{""key"":""quality"",""value"":""0""}]",p20,0,1
"concentrated effect support",gem,"[{""key"":""lvl"",""value"":""1-18""},{""key"":""corrupted""},{""key"":""quality"",""value"":""0""}]",p50,0,1
"minion speed support",gem,"[{""key"":""lvl"",""value"":""1-18""},{""key"":""typeLine"",""value"":""minion speed support""},{""key"":""corrupted""},{""key"":""quality"",""value"":""0""}]",totalQuantity,0,7
"concentrated effect support",gem,"[{""key"":""lvl"",""value"":""1-18""},{""key"":""corrupted""},{""key"":""quality"",""value"":""0""}]",p7,0,1
"concentrated effect support",gem,"[{""key"":""lvl"",""value"":""1-18""},{""key"":""corrupted""},{""key"":""quality"",""value"":""0""}]",totalQuantity,0,5
"shockwave support",gem,"[{""key"":""lvl"",""value"":""1-18""},{""key"":""typeLine"",""value"":""shockwave""},{""key"":""corrupted""},{""key"":""quality"",""value"":""0""}]",p5,0,1