"screaming essence of fear",essence,"[]",p15,9,1.469444444444444
"immortal resolve",card,"[]",p15,0,6.8
"explorer's scouting report",scouting report,"[]",p15,50,1.675
"sacrifice at dawn",fragment,"[]",p15,18,0.3733333333333334
"singular scouting report",scouting report,"[]",p15,0,5
"march of the legion",unique,"[{""key"":""sixLink"",""value"":false},{""key"":""corrupted"",""value"":true},{""key"":""foilVariation"",""value"":0}]",p15,0,13.33333333333333
"wraithlord",unique,"[{""key"":""sixLink"",""value"":false},{""key"":""corrupted"",""value"":false},{""key"":""foilVariation"",""value"":0}]",p15,0,2
"gang's momentum",unique,"[{""key"":""sixLink"",""value"":false},{""key"":""corrupted"",""value"":false},{""key"":""foilVariation"",""value"":0}]",p15,0,1
"hand of thought and motion",unique,"[{""key"":""sixLink"",""value"":false},{""key"":""corrupted"",""value"":false},{""key"":""foilVariation"",""value"":0}]",p15,0,8.5
"dusktoe",unique,"[{""key"":""sixLink"",""value"":false},{""key"":""corrupted"",""value"":false},{""key"":""foilVariation"",""value"":0}]",p15,0,1
"sign of the sin eater",unique,"[{""key"":""sixLink"",""value"":false},{""key"":""corrupted"",""value"":false},{""key"":""foilVariation"",""value"":0}]",p15,0,1.9
"fertile mind",unique,"[{""key"":""sixLink"",""value"":false},{""key"":""corrupted"",""value"":true},{""key"":""foilVariation"",""value"":0}]",p15,0,5.5
"rigwald's curse",unique,"[{""key"":""sixLink"",""value"":false},{""key"":""corrupted"",""value"":true},{""key"":""foilVariation"",""value"":0}]",p15,0,3
"crest of perandus",unique,"[{""key"":""sixLink"",""value"":false},{""key"":""corrupted"",""value"":false},{""key"":""foilVariation"",""value"":0}]",p15,0,1.6
"nuro's harp",unique,"[{""key"":""sixLink"",""value"":false},{""key"":""corrupted"",""value"":false},{""key"":""foilVariation"",""value"":0}]",p15,0,1
"azure oil",oil,"[]",p15,18,0.775
"dense fossil",fossil,"[]",p15,0,3
"forbidden flame",unique,"[{""key"":""sixLink"",""value"":false},{""key"":""corrupted"",""value"":true},{""key"":""foilVariation"",""value"":0}]",p15,0,205.8688888888889
"sidhebreath",unique,"[{""key"":""sixLink"",""value"":false},{""key"":""corrupted"",""value"":false},{""key"":""foilVariation"",""value"":0}]",p15,0,1
"chromatic orb",currency,"[]",p15,30,0.4727578947368421
"shrieking essence of torment",essence,"[]",p15,9,3
"black oil",oil,"[]",p15,9,8.3
"vaal scouting report",scouting report,"[]",p15,9,1.95
"chromatic orb",currency,"[]",p15,9,0.4727578947368421
"vaal scouting report",scouting report,"[]",p15,18,2.54
"chromatic orb",currency,"[]",p15,18,0.4727578947368421
"vaal scouting report",scouting report,"[]",p15,0,2
"replica iron commander",unique,"[{""key"":""sixLink"",""value"":false},{""key"":""corrupted"",""value"":false},{""key"":""foilVariation"",""value"":0}]",p15,0,15
"unstable catalyst",currency,"[]",p15,0,3
"abrasive catalyst",currency,"[]",p15,0,0.9333333333333333
"pyre",unique,"[{""key"":""sixLink"",""value"":false},{""key"":""corrupted"",""value"":false},{""key"":""foilVariation"",""value"":0}]",p15,0,7.5
"mark of the red covenant",unique,"[{""key"":""sixLink"",""value"":false},{""key"":""corrupted"",""value"":false},{""key"":""foilVariation"",""value"":0}]",p15,0,1.6
"the screaming eagle",unique,"[{""key"":""sixLink"",""value"":false},{""key"":""corrupted"",""value"":false},{""key"":""foilVariation"",""value"":0}]",p15,0,1
"oro's sacrifice",unique,"[{""key"":""sixLink"",""value"":false},{""key"":""corrupted"",""value"":false},{""key"":""foilVariation"",""value"":0}]",p15,0,2.2
"jagged fossil",fossil,"[]",p15,0,1.675
"verdant oil",oil,"[]",p15,0,0.7466666666666666
"screaming essence of doubt",essence,"[]",p15,18,0.6749999999999999
"kaltenhalt",unique,"[{""key"":""sixLink"",""value"":false},{""key"":""corrupted"",""value"":false},{""key"":""foilVariation"",""value"":0}]",p15,0,1
"screaming essence of doubt",essence,"[]",p15,0,0.8499999999999999
"wild crystallised lifeforce",currency,"[]",p15,1000,0.03449231397783566
"heatshiver",unique,"[{""key"":""sixLink"",""value"":false},{""key"":""corrupted"",""value"":true},{""key"":""foilVariation"",""value"":0}]",p15,0,5.2
"screaming essence of doubt",essence,"[]",p15,9,0.7333333333333333
"screaming essence of doubt",essence,"[]",p15,30,0.6749999999999999
"lesser eldritch ember",currency,"[]",p15,18,2.88375
"indigo oil",oil,"[]",p15,18,1.708333333333333
"lesser eldritch ember",currency,"[]",p15,9,2.88375
"lesser eldritch ember",currency,"[]",p15,30,2.88
"tainted blacksmith's whetstone",currency,"[]",p15,30,0.2470238095238095
"lesser eldritch ember",currency,"[]",p15,0,2.88375
"daresso's defiance",unique,"[{""key"":""sixLink"",""value"":false},{""key"":""corrupted"",""value"":false},{""key"":""foilVariation"",""value"":0}]",p15,0,5.2
"lesser eldritch ember",currency,"[]",p15,50,2.8675
"onslaught support",gem,"[{""key"":""lvl"",""value"":""1-18""},{""key"":""corrupted""},{""key"":""quality"",""value"":""0""}]",p15,0,1
"orb of alteration",currency,"[]",p15,30,0.165563495149826
"orb of alteration",currency,"[]",p15,0,0.165563495149826
"orb of alteration",currency,"[]",p15,18,0.165563495149826
"orb of alteration",currency,"[]",p15,50,0.165563495149826
"orb of alteration",currency,"[]",p15,9,0.165563495149826
"minions deal 10% increased damage large cluster jewel",cluster,"[{""key"":""ilvl"",""value"":83},{""key"":""passives"",""value"":12}]",p15,0,31.875
"soulthirst",unique,"[{""key"":""sixLink"",""value"":false},{""key"":""corrupted"",""value"":false},{""key"":""foilVariation"",""value"":0}]",p15,0,4.05
"awakened sextant",currency,"[]",p15,50,1.32
"al dhih",unique,"[{""key"":""sixLink"",""value"":false},{""key"":""corrupted"",""value"":false},{""key"":""foilVariation"",""value"":0}]",p15,0,2.5
"shrieking essence of suffering",essence,"[]",p15,50,1.52
"shrieking essence of suffering",essence,"[]",p15,30,2
"elegant hubris",unique,"[{""key"":""sixLink"",""value"":false},{""key"":""corrupted"",""value"":false},{""key"":""foilVariation"",""value"":0}]",p15,0,12.4
"valyrium",unique,"[{""key"":""sixLink"",""value"":false},{""key"":""corrupted"",""value"":false},{""key"":""foilVariation"",""value"":0}]",p15,0,3.9
"oskarm",unique,"[{""key"":""sixLink"",""value"":false},{""key"":""corrupted"",""value"":false},{""key"":""foilVariation"",""value"":0}]",p15,0,2.5
"cinderswallow urn",unique,"[{""key"":""sixLink"",""value"":false},{""key"":""corrupted"",""value"":false},{""key"":""foilVariation"",""value"":0}]",p15,0,5
"awakened sextant",currency,"[]",p15,0,1.38
"shrieking essence of anguish",essence,"[]",p15,9,2
"awakened sextant",currency,"[]",p15,30,1.335
"awakened sextant",currency,"[]",p15,100,1.305
"the wasp nest",unique,"[{""key"":""sixLink"",""value"":false},{""key"":""corrupted"",""value"":false},{""key"":""foilVariation"",""value"":0}]",p15,0,1
"lethal pride",unique,"[{""key"":""sixLink"",""value"":false},{""key"":""corrupted"",""value"":false},{""key"":""foilVariation"",""value"":0}]",p15,0,100
"maligaro's restraint",unique,"[{""key"":""sixLink"",""value"":false},{""key"":""corrupted"",""value"":false},{""key"":""foilVariation"",""value"":0}]",p15,0,1
"redbeak",unique,"[{""key"":""sixLink"",""value"":false},{""key"":""corrupted"",""value"":false},{""key"":""foilVariation"",""value"":0}]",p15,0,1.9
"goblinedge",unique,"[{""key"":""sixLink"",""value"":false},{""key"":""corrupted"",""value"":false},{""key"":""foilVariation"",""value"":0}]",p15,0,1.75
"wild crystallised lifeforce",currency,"[]",p15,100,0.03490421088725047
"shrieking essence of anguish",essence,"[]",p15,0,2
"tainted blacksmith's whetstone",currency,"[]",p15,50,0.2452380952380953
"fertile catalyst",currency,"[]",p15,0,10
"awakened sextant",currency,"[]",p15,18,1.35
"sacrifice at dawn",fragment,"[]",p15,0,0.3833333333333334
"shuddering fossil",fossil,"[]",p15,0,7
"awakened sextant",currency,"[]",p15,9,1.35
"wild crystallised lifeforce",currency,"[]",p15,0,0.03493482806908178
"heartbound loop",unique,"[{""key"":""sixLink"",""value"":false},{""key"":""corrupted"",""value"":false},{""key"":""foilVariation"",""value"":0}]",p15,0,3.2
"wild crystallised lifeforce",currency,"[]",p15,18,0.03490421088725047
"wild crystallised lifeforce",currency,"[]",p15,9,0.03490421088725047
"ahn's might",unique,"[{""key"":""sixLink"",""value"":false},{""key"":""corrupted"",""value"":false},{""key"":""foilVariation"",""value"":0}]",p15,0,4.699999999999999
"thief's torment",unique,"[{""key"":""sixLink"",""value"":false},{""key"":""corrupted"",""value"":false},{""key"":""foilVariation"",""value"":0}]",p15,0,4
"obscurantis",unique,"[{""key"":""sixLink"",""value"":false},{""key"":""corrupted"",""value"":false},{""key"":""foilVariation"",""value"":0}]",p15,0,3
"vaal orb",currency,"[]",p15,30,0.6798850574712644
"kondo's pride",unique,"[{""key"":""sixLink"",""value"":false},{""key"":""corrupted"",""value"":false},{""key"":""foilVariation"",""value"":0}]",p15,0,1
"rat's nest",unique,"[{""key"":""sixLink"",""value"":false},{""key"":""corrupted"",""value"":false},{""key"":""foilVariation"",""value"":0}]",p15,0,1
"vaal orb",currency,"[]",p15,100,0.6099497126436781
"fencoil",unique,"[{""key"":""sixLink"",""value"":false},{""key"":""corrupted"",""value"":false},{""key"":""foilVariation"",""value"":0}]",p15,0,1
"vaal orb",currency,"[]",p15,9,0.6798850574712644
"vaal orb",currency,"[]",p15,0,0.6798850574712644
"deafening essence of scorn",essence,"[]",p15,0,3.05
"lion's roar",unique,"[{""key"":""sixLink"",""value"":false},{""key"":""corrupted"",""value"":false},{""key"":""foilVariation"",""value"":0}]",p15,0,3
"polished ambush scarab",scarab,"[]",p15,0,3.54
"rusted torment scarab",scarab,"[]",p15,9,0.9388888888888889
"hyrri's truth",unique,"[{""key"":""sixLink"",""value"":false},{""key"":""corrupted"",""value"":false},{""key"":""foilVariation"",""value"":0}]",p15,0,1.5
"orb of fusing",currency,"[]",p15,50,0.6665889953075785
"algor mortis",unique,"[{""key"":""sixLink"",""value"":false},{""key"":""corrupted"",""value"":false},{""key"":""foilVariation"",""value"":0}]",p15,0,8.7
"12% increased trap damageadded small passive skills grant: 12% increased mine damage medium cluster jewel",cluster,"[{""key"":""ilvl"",""value"":83},{""key"":""passives"",""value"":5}]",p15,0,17
"orb of fusing",currency,"[]",p15,18,0.6665889953075785
"fracturing shard",currency,"[]",p15,0,59.5
"deafening essence of misery",essence,"[]",p15,0,7
"orb of fusing",currency,"[]",p15,0,0.6666666666666666
"innsbury edge",unique,"[{""key"":""sixLink"",""value"":false},{""key"":""corrupted"",""value"":false},{""key"":""foilVariation"",""value"":0}]",p15,0,1
"rusted shaper scarab",scarab,"[]",p15,30,0.9555555555555555
"bound fossil",fossil,"[]",p15,0,4.4
"shrieking essence of anguish",essence,"[]",p15,50,1.88
"death's oath",unique,"[{""key"":""sixLink"",""value"":false},{""key"":""corrupted"",""value"":false},{""key"":""foilVariation"",""value"":0}]",p15,0,7.5
"regal orb",currency,"[]",p15,9,1
"shrieking essence of anger",essence,"[]",p15,18,2.733333333333333
"crown of the pale king",unique,"[{""key"":""sixLink"",""value"":false},{""key"":""corrupted"",""value"":false},{""key"":""foilVariation"",""value"":0}]",p15,0,1.9
"intrinsic catalyst",currency,"[]",p15,100,1.46
"regal orb",currency,"[]",p15,0,1
"shadows and dust",unique,"[{""key"":""sixLink"",""value"":false},{""key"":""corrupted"",""value"":true},{""key"":""foilVariation"",""value"":0}]",p15,0,25
"nomic's storm",unique,"[{""key"":""sixLink"",""value"":false},{""key"":""corrupted"",""value"":false},{""key"":""foilVariation"",""value"":0}]",p15,0,1
"soul tether",unique,"[{""key"":""sixLink"",""value"":false},{""key"":""corrupted"",""value"":false},{""key"":""foilVariation"",""value"":0}]",p15,0,7.05
"tainted blacksmith's whetstone",currency,"[]",p15,9,0.2625
"tainted blacksmith's whetstone",currency,"[]",p15,18,0.2625
"the druggery",unique,"[{""key"":""sixLink"",""value"":false},{""key"":""corrupted"",""value"":false},{""key"":""foilVariation"",""value"":0}]",p15,0,1
"simulacrum splinter",fragment,"[]",p15,0,0.2
"turbulent catalyst",currency,"[]",p15,18,0.9
"screaming invitation",invitation,"[]",p15,0,118
"simulacrum splinter",fragment,"[]",p15,30,0.2
"orb of regret",currency,"[]",p15,0,0.8468181818181818
"orb of regret",currency,"[]",p15,30,0.8345454545454546
"solaris lorica",unique,"[{""key"":""sixLink"",""value"":false},{""key"":""corrupted"",""value"":false},{""key"":""foilVariation"",""value"":0}]",p15,0,2
"abrasive catalyst",currency,"[]",p15,30,0.89
"crown of thorns",unique,"[{""key"":""sixLink"",""value"":false},{""key"":""corrupted"",""value"":false},{""key"":""foilVariation"",""value"":0}]",p15,0,1.75
"primal crystallised lifeforce",currency,"[]",p15,0,0.03878796186057276
"summon raging spirit",gem,"[{""key"":""lvl"",""value"":""20""},{""key"":""corrupted"",""value"":true},{""key"":""quality"",""value"":""1-18""}]",p15,0,3.8
"gilded legion scarab",scarab,"[]",p15,0,4
"abrasive catalyst",currency,"[]",p15,18,0.89
"kongor's undying rage",unique,"[{""key"":""sixLink"",""value"":false},{""key"":""corrupted"",""value"":false},{""key"":""foilVariation"",""value"":0}]",p15,0,1.75
"primal crystallised lifeforce",currency,"[]",p15,30,0.03818646232439336
"slivertongue",unique,"[{""key"":""sixLink"",""value"":false},{""key"":""corrupted"",""value"":false},{""key"":""foilVariation"",""value"":0}]",p15,0,1.6
"shrieking essence of wrath",essence,"[]",p15,18,2.375
"shaper's seed",unique,"[{""key"":""sixLink"",""value"":false},{""key"":""corrupted"",""value"":false},{""key"":""foilVariation"",""value"":0}]",p15,0,2.25
"torchoak step",unique,"[{""key"":""sixLink"",""value"":false},{""key"":""corrupted"",""value"":false},{""key"":""foilVariation"",""value"":0}]",p15,0,1
"deafening essence of zeal",essence,"[]",p15,0,6.4
"shrieking essence of suffering",essence,"[]",p15,0,2
"vivid crystallised lifeforce",currency,"[]",p15,0,0.04292557111274871
"orb of regret",currency,"[]",p15,9,0.8345454545454546
"shrieking essence of misery",essence,"[]",p15,9,4
"shrieking essence of suffering",essence,"[]",p15,9,2
"abrasive catalyst",currency,"[]",p15,50,0.89
"simulacrum splinter",fragment,"[]",p15,50,0.2
"shrieking essence of misery",essence,"[]",p15,0,4
"potent chaotic resonator",resonator,"[]",p15,0,1.025
"rusted sulphite scarab",scarab,"[]",p15,0,1
"ungil's gauche",unique,"[{""key"":""sixLink"",""value"":false},{""key"":""corrupted"",""value"":false},{""key"":""foilVariation"",""value"":0}]",p15,0,1
"opalescent oil",oil,"[]",p15,0,15
"circle of fear",unique,"[{""key"":""sixLink"",""value"":false},{""key"":""corrupted"",""value"":false},{""key"":""foilVariation"",""value"":0}]",p15,0,13.6
"screaming essence of anguish",essence,"[]",p15,18,1
"shrieking essence of doubt",essence,"[]",p15,0,2
"eternal bonds",card,"[]",p15,0,30
"vaal righteous fire",gem,"[{""key"":""lvl"",""value"":""1-18""},{""key"":""typeLine"",""value"":""vaal righteous fire""},{""key"":""corrupted"",""value"":true},{""key"":""quality"",""value"":""0""}]",p15,0,1
"aurumvorax",unique,"[{""key"":""sixLink"",""value"":false},{""key"":""corrupted"",""value"":false},{""key"":""foilVariation"",""value"":0}]",p15,0,1
"shrieking essence of doubt",essence,"[]",p15,9,2
"shrieking essence of woe",essence,"[]",p15,0,3
"ventor's gamble",unique,"[{""key"":""sixLink"",""value"":false},{""key"":""corrupted"",""value"":false},{""key"":""foilVariation"",""value"":0}]",p15,0,7.533333333333335
"primal crystallised lifeforce",currency,"[]",p15,9,0.03843262264905124
"primal crystallised lifeforce",currency,"[]",p15,18,0.03818646232439336
"primal crystallised lifeforce",currency,"[]",p15,500,0.0379948914431673
"piscator's vigil",unique,"[{""key"":""sixLink"",""value"":false},{""key"":""corrupted"",""value"":false},{""key"":""foilVariation"",""value"":0}]",p15,0,1
"seething fury",unique,"[{""key"":""sixLink"",""value"":false},{""key"":""corrupted"",""value"":true},{""key"":""foilVariation"",""value"":0}]",p15,0,63
"vivid crystallised lifeforce",currency,"[]",p15,18,0.04292557111274871
"explorer's scouting report",scouting report,"[]",p15,0,2
"shrieking essence of loathing",essence,"[]",p15,9,3.45
"goldrim",unique,"[{""key"":""sixLink"",""value"":false},{""key"":""corrupted"",""value"":false},{""key"":""foilVariation"",""value"":0}]",p15,0,10
"rise of the phoenix",unique,"[{""key"":""sixLink"",""value"":false},{""key"":""corrupted"",""value"":false},{""key"":""foilVariation"",""value"":0}]",p15,0,3.75
"crown of the inward eye",unique,"[{""key"":""sixLink"",""value"":false},{""key"":""corrupted"",""value"":false},{""key"":""foilVariation"",""value"":0}]",p15,0,16
"shrieking essence of envy",essence,"[]",p15,9,6.9
"cane of unravelling",unique,"[{""key"":""sixLink"",""value"":false},{""key"":""corrupted"",""value"":false},{""key"":""foilVariation"",""value"":0}]",p15,0,3.1
"shrieking essence of suffering",essence,"[]",p15,18,2
"azure oil",oil,"[]",p15,30,0.775
"shrieking essence of scorn",essence,"[]",p15,0,2
"jorrhast's blacksteel",unique,"[{""key"":""sixLink"",""value"":false},{""key"":""corrupted"",""value"":false},{""key"":""foilVariation"",""value"":0}]",p15,0,2.8
"wideswing",unique,"[{""key"":""sixLink"",""value"":false},{""key"":""corrupted"",""value"":false},{""key"":""foilVariation"",""value"":0}]",p15,0,1
"the restless ward",unique,"[{""key"":""sixLink"",""value"":false},{""key"":""corrupted"",""value"":false},{""key"":""foilVariation"",""value"":0}]",p15,0,2.8
"enkindling orb",currency,"[]",p15,30,0.5
"shrieking essence of spite",essence,"[]",p15,0,3
"bloodbond",unique,"[{""key"":""sixLink"",""value"":false},{""key"":""corrupted"",""value"":false},{""key"":""foilVariation"",""value"":0}]",p15,0,1.05
"death's hand",unique,"[{""key"":""sixLink"",""value"":false},{""key"":""corrupted"",""value"":false},{""key"":""foilVariation"",""value"":0}]",p15,0,1
"ngamahu's flame",unique,"[{""key"":""sixLink"",""value"":false},{""key"":""corrupted"",""value"":false},{""key"":""foilVariation"",""value"":0}]",p15,0,3.4
"the bringer of rain",unique,"[{""key"":""sixLink"",""value"":false},{""key"":""corrupted"",""value"":false},{""key"":""foilVariation"",""value"":0}]",p15,0,3.2
"orb of scouring",currency,"[]",p15,9,0.5835784313725491
"orb of scouring",currency,"[]",p15,0,0.5835784313725491
"shrieking essence of anger",essence,"[]",p15,0,2.45
"enkindling orb",currency,"[]",p15,100,0.5
"enkindling orb",currency,"[]",p15,9,0.5
"the ascetic",unique,"[{""key"":""sixLink"",""value"":false},{""key"":""corrupted"",""value"":false},{""key"":""foilVariation"",""value"":0}]",p15,0,5
"orb of scouring",currency,"[]",p15,18,0.5835784313725491
"ancient orb",currency,"[]",p15,9,9.6
"ancient orb",currency,"[]",p15,0,10
"vivid crystallised lifeforce",currency,"[]",p15,100,0.04263518966908797
"shrieking essence of wrath",essence,"[]",p15,0,2.675
"orb of alteration",currency,"[]",p15,500,0.1665505433491045
"the stormheart",unique,"[{""key"":""sixLink"",""value"":false},{""key"":""corrupted"",""value"":false},{""key"":""foilVariation"",""value"":0}]",p15,0,1
"vivid crystallised lifeforce",currency,"[]",p15,500,0.04635714285714286
"screaming essence of scorn",essence,"[]",p15,0,1
"vivid crystallised lifeforce",currency,"[]",p15,9,0.04292557111274871
"shrieking essence of anger",essence,"[]",p15,9,2.45
"screaming essence of woe",essence,"[]",p15,18,1.5
"shrieking essence of wrath",essence,"[]",p15,9,2.6
"polished breach scarab",scarab,"[]",p15,9,1.945
"jeweller's orb",currency,"[]",p15,0,0.1662371134020619
"shrieking essence of dread",essence,"[]",p15,0,6
"jeweller's orb",currency,"[]",p15,50,0.1662371134020619
"screaming essence of woe",essence,"[]",p15,9,1.225
"jeweller's orb",currency,"[]",p15,500,0.182579381443299
"screaming essence of woe",essence,"[]",p15,0,1.75
"shrieking essence of anguish",essence,"[]",p15,30,2
"shrieking essence of dread",essence,"[]",p15,9,6.825
"cold iron point",unique,"[{""key"":""sixLink"",""value"":false},{""key"":""corrupted"",""value"":false},{""key"":""foilVariation"",""value"":0}]",p15,0,10
"shrieking essence of doubt",essence,"[]",p15,30,1.81
"shrieking essence of greed",essence,"[]",p15,0,5
"rusted torment scarab",scarab,"[]",p15,0,1
"shrieking essence of greed",essence,"[]",p15,9,5
"screaming essence of contempt",essence,"[]",p15,9,1.3
"shrieking essence of sorrow",essence,"[]",p15,0,2.825
"shrieking essence of woe",essence,"[]",p15,18,3
"screaming essence of torment",essence,"[]",p15,9,1
"screaming essence of contempt",essence,"[]",p15,30,1.225
"essence of insanity",essence,"[]",p15,0,32.6
"screaming essence of contempt",essence,"[]",p15,0,1.375
"screaming essence of contempt",essence,"[]",p15,18,1.225
"shrieking essence of woe",essence,"[]",p15,30,3
"screaming essence of hatred",essence,"[]",p15,0,1.45
"glassblower's bauble",currency,"[]",p15,18,0.6855769230769231
"aberrant fossil",fossil,"[]",p15,9,3
"shrieking essence of sorrow",essence,"[]",p15,9,3
"brute force solution",unique,"[{""key"":""sixLink"",""value"":false},{""key"":""corrupted"",""value"":true},{""key"":""foilVariation"",""value"":0}]",p15,0,3.1
"divine orb",currency,"[]",p15,0,222
"screaming essence of hatred",essence,"[]",p15,9,1.225
"wild crystallised lifeforce",currency,"[]",p15,50,0.03490421088725047
"intrinsic catalyst",currency,"[]",p15,9,1.558333333333333
"vaal orb",currency,"[]",p15,50,0.6798850574712644
"shrieking essence of hatred",essence,"[]",p15,0,2.044444444444444
"orb of unmaking",currency,"[]",p15,100,1.33
"wurm's molt",unique,"[{""key"":""sixLink"",""value"":false},{""key"":""corrupted"",""value"":false},{""key"":""foilVariation"",""value"":0}]",p15,0,2
"shrieking essence of torment",essence,"[]",p15,0,2.9
"glassblower's bauble",currency,"[]",p15,0,0.6951923076923077
"heatshiver",unique,"[{""key"":""sixLink"",""value"":false},{""key"":""corrupted"",""value"":false},{""key"":""foilVariation"",""value"":0}]",p15,0,3.25
"instilling orb",currency,"[]",p15,9,0.7185714285714286
"orb of unmaking",currency,"[]",p15,9,1.346666666666666
"careful planning",unique,"[{""key"":""sixLink"",""value"":false},{""key"":""corrupted"",""value"":true},{""key"":""foilVariation"",""value"":0}]",p15,0,4.5
"wanderlust",unique,"[{""key"":""sixLink"",""value"":false},{""key"":""corrupted"",""value"":false},{""key"":""foilVariation"",""value"":0}]",p15,0,4
"sacred orb",currency,"[]",p15,0,31.45
"orb of unmaking",currency,"[]",p15,50,1.33
"intrinsic catalyst",currency,"[]",p15,0,1.558333333333333
"orb of unmaking",currency,"[]",p15,30,1.346666666666666
"orb of fusing",currency,"[]",p15,30,0.6665889953075785
"shrieking essence of fear",essence,"[]",p15,18,2.894444444444444
"intrinsic catalyst",currency,"[]",p15,30,1.508333333333333
"portal",gem,"[{""key"":""lvl"",""value"":""1-18""},{""key"":""corrupted""},{""key"":""quality"",""value"":""1-18""}]",p15,0,3.5
"screaming essence of fear",essence,"[]",p15,0,1.399999999999999
"shrieking essence of fear",essence,"[]",p15,0,2.927777777777778
"orb of unmaking",currency,"[]",p15,0,1.311666666666667
"shrieking essence of torment",essence,"[]",p15,18,3
"orb of unmaking",currency,"[]",p15,18,1.346666666666666
"brutus' lead sprinkler",unique,"[{""key"":""sixLink"",""value"":false},{""key"":""corrupted"",""value"":false},{""key"":""foilVariation"",""value"":0}]",p15,0,15
"shrieking essence of hatred",essence,"[]",p15,9,2.8
"shrieking essence of misery",essence,"[]",p15,30,2.725
"tainted chromatic orb",currency,"[]",p15,0,8.95
"lavianga's wisdom",unique,"[{""key"":""sixLink"",""value"":false},{""key"":""corrupted"",""value"":false},{""key"":""foilVariation"",""value"":0}]",p15,0,1
"remnant of corruption",essence,"[]",p15,0,1
"shrieking essence of envy",essence,"[]",p15,0,7.2
"shrieking essence of fear",essence,"[]",p15,9,2.927777777777778
"stacked deck",currency,"[]",p15,0,2.003636363636363
"tear of purity",unique,"[{""key"":""sixLink"",""value"":false},{""key"":""corrupted"",""value"":false},{""key"":""foilVariation"",""value"":0}]",p15,0,1.05
"glassblower's bauble",currency,"[]",p15,30,0.7375
"shrieking essence of spite",essence,"[]",p15,9,3
"orb of chance",currency,"[]",p15,500,0.1420523138832998
"shrieking essence of zeal",essence,"[]",p15,0,3
"shrieking essence of spite",essence,"[]",p15,18,3
"tainted blacksmith's whetstone",currency,"[]",p15,0,0.2666666666666667
"shrieking essence of contempt",essence,"[]",p15,9,2.98
"shrieking essence of rage",essence,"[]",p15,9,2.5
"orb of chance",currency,"[]",p15,0,0.1423541247484909
"orb of chance",currency,"[]",p15,9,0.1423541247484909
"shrieking essence of rage",essence,"[]",p15,0,2.5
"jeweller's orb",currency,"[]",p15,18,0.1662371134020619
"victario's influence",unique,"[{""key"":""sixLink"",""value"":false},{""key"":""corrupted"",""value"":true},{""key"":""foilVariation"",""value"":0}]",p15,0,45.625
"gilded abyss scarab",scarab,"[]",p15,0,5
"jeweller's orb",currency,"[]",p15,30,0.1662371134020619
"jeweller's orb",currency,"[]",p15,9,0.1662371134020619
"shrieking essence of rage",essence,"[]",p15,30,2.5
"immortal flesh",unique,"[{""key"":""sixLink"",""value"":false},{""key"":""corrupted"",""value"":false},{""key"":""foilVariation"",""value"":0}]",p15,0,7
"singularity",unique,"[{""key"":""sixLink"",""value"":false},{""key"":""corrupted"",""value"":false},{""key"":""foilVariation"",""value"":0}]",p15,0,7.305
"obliteration",unique,"[{""key"":""sixLink"",""value"":false},{""key"":""corrupted"",""value"":false},{""key"":""foilVariation"",""value"":0}]",p15,0,2.8
"deafening essence of fear",essence,"[]",p15,0,6
"auxium",unique,"[{""key"":""sixLink"",""value"":false},{""key"":""corrupted"",""value"":false},{""key"":""foilVariation"",""value"":0}]",p15,0,4.2
"orb of regret",currency,"[]",p15,50,0.8222727272727274
"shrieking essence of scorn",essence,"[]",p15,9,2
"lifesprig",unique,"[{""key"":""sixLink"",""value"":false},{""key"":""corrupted"",""value"":false},{""key"":""foilVariation"",""value"":0}]",p15,0,1.65
"prismweave",unique,"[{""key"":""sixLink"",""value"":false},{""key"":""corrupted"",""value"":false},{""key"":""foilVariation"",""value"":0}]",p15,0,1.583333333333333
"orb of horizons",currency,"[]",p15,30,0.8
"orb of horizons",currency,"[]",p15,18,0.8
"screaming essence of greed",essence,"[]",p15,0,2.6
"bated breath",unique,"[{""key"":""sixLink"",""value"":false},{""key"":""corrupted"",""value"":false},{""key"":""foilVariation"",""value"":0}]",p15,0,3.65
"orb of horizons",currency,"[]",p15,0,0.8
"orb of horizons",currency,"[]",p15,50,0.8
"turbulent catalyst",currency,"[]",p15,9,0.9008333333333334
"tainted jeweller's orb",currency,"[]",p15,9,1.96
"three-step assault",unique,"[{""key"":""sixLink"",""value"":false},{""key"":""corrupted"",""value"":false},{""key"":""foilVariation"",""value"":0}]",p15,0,1
"facebreaker",unique,"[{""key"":""sixLink"",""value"":false},{""key"":""corrupted"",""value"":false},{""key"":""foilVariation"",""value"":0}]",p15,0,1
"glassblower's bauble",currency,"[]",p15,50,0.7375
"ewar's mirage",unique,"[{""key"":""sixLink"",""value"":false},{""key"":""corrupted"",""value"":false},{""key"":""foilVariation"",""value"":0}]",p15,0,1
"vivid crystallised lifeforce",currency,"[]",p15,1000,0.04635714285714286
"turbulent catalyst",currency,"[]",p15,0,0.9083333333333334
"vivid crystallised lifeforce",currency,"[]",p15,50,0.04345146379044684
"shrieking essence of misery",essence,"[]",p15,18,3.4
"deafening essence of suffering",essence,"[]",p15,0,4
"shrieking essence of rage",essence,"[]",p15,18,2.75
"rusted shaper scarab",scarab,"[]",p15,0,1
"shrieking essence of anguish",essence,"[]",p15,18,1.911111111111111
"rusted shaper scarab",scarab,"[]",p15,9,0.9888888888888889
"rusted breach scarab",scarab,"[]",p15,0,1.35
"polished legion scarab",scarab,"[]",p15,0,2.2
"the ignomon",unique,"[{""key"":""sixLink"",""value"":false},{""key"":""corrupted"",""value"":false},{""key"":""foilVariation"",""value"":0}]",p15,0,1
"skullhead",unique,"[{""key"":""sixLink"",""value"":false},{""key"":""corrupted"",""value"":false},{""key"":""foilVariation"",""value"":0}]",p15,0,1.6
"the tempestuous steel",unique,"[{""key"":""sixLink"",""value"":false},{""key"":""corrupted"",""value"":false},{""key"":""foilVariation"",""value"":0}]",p15,0,1
"the consuming dark",unique,"[{""key"":""sixLink"",""value"":false},{""key"":""corrupted"",""value"":false},{""key"":""foilVariation"",""value"":0}]",p15,0,3.05
"mindspiral",unique,"[{""key"":""sixLink"",""value"":false},{""key"":""corrupted"",""value"":false},{""key"":""foilVariation"",""value"":0}]",p15,0,1
"deafening essence of woe",essence,"[]",p15,0,7.35
"chaos orb",currency,"[]",p15,30,1.001126126126126
"chaos orb",currency,"[]",p15,0,1.000788288288288
"chaos orb",currency,"[]",p15,18,1.001126126126126
"primal crystallised lifeforce",currency,"[]",p15,50,0.03818646232439336
"alberon's warpath",unique,"[{""key"":""sixLink"",""value"":false},{""key"":""corrupted"",""value"":false},{""key"":""foilVariation"",""value"":0}]",p15,0,5
"coralito's signature",unique,"[{""key"":""sixLink"",""value"":false},{""key"":""corrupted"",""value"":false},{""key"":""foilVariation"",""value"":0}]",p15,0,1
"heartbreaker",unique,"[{""key"":""sixLink"",""value"":false},{""key"":""corrupted"",""value"":false},{""key"":""foilVariation"",""value"":0}]",p15,0,2.8
"the baron",unique,"[{""key"":""sixLink"",""value"":false},{""key"":""corrupted"",""value"":false},{""key"":""foilVariation"",""value"":0}]",p15,0,1
"quill rain",unique,"[{""key"":""sixLink"",""value"":false},{""key"":""corrupted"",""value"":false},{""key"":""foilVariation"",""value"":0}]",p15,0,4
"chaos orb",currency,"[]",p15,500,1.006787330316742
"grand spectrum",unique,"[{""key"":""sixLink"",""value"":false},{""key"":""corrupted"",""value"":false},{""key"":""foilVariation"",""value"":0}]",p15,0,17.75
"chaos orb",currency,"[]",p15,50,1.003839529574823
"deafening essence of envy",essence,"[]",p15,0,10
"deafening essence of anger",essence,"[]",p15,0,5.45
"general's cry",gem,"[{""key"":""lvl"",""value"":""1-18""},{""key"":""typeLine"",""value"":""general's cry support""},{""key"":""corrupted""},{""key"":""quality"",""value"":""1-18""}]",p15,0,6
"empire's grasp",unique,"[{""key"":""sixLink"",""value"":false},{""key"":""corrupted"",""value"":false},{""key"":""foilVariation"",""value"":0}]",p15,0,1.9
"karui ward",unique,"[{""key"":""sixLink"",""value"":false},{""key"":""corrupted"",""value"":false},{""key"":""foilVariation"",""value"":0}]",p15,0,1
"sin trek",unique,"[{""key"":""sixLink"",""value"":false},{""key"":""corrupted"",""value"":false},{""key"":""foilVariation"",""value"":0}]",p15,0,2
"secondary regrading lens",currency,"[]",p15,0,241.36
"wild crystallised lifeforce",currency,"[]",p15,500,0.03449231397783566
"explorer's scouting report",scouting report,"[]",p15,9,1.81
"the primordial chain",unique,"[{""key"":""sixLink"",""value"":false},{""key"":""corrupted"",""value"":false},{""key"":""foilVariation"",""value"":0}]",p15,0,1
"perseverance",unique,"[{""key"":""sixLink"",""value"":false},{""key"":""corrupted"",""value"":false},{""key"":""foilVariation"",""value"":0}]",p15,0,2
"skin of the lords",unique,"[{""key"":""sixLink"",""value"":true},{""key"":""corrupted"",""value"":true},{""key"":""foilVariation"",""value"":0}]",p15,0,39
"silver oil",oil,"[]",p15,0,39.5
"wild crystallised lifeforce",currency,"[]",p15,30,0.03490421088725047
"ming's heart",unique,"[{""key"":""sixLink"",""value"":false},{""key"":""corrupted"",""value"":false},{""key"":""foilVariation"",""value"":0}]",p15,0,9.399999999999999
"screaming essence of fear",essence,"[]",p15,18,1.469444444444444
"screaming essence of fear",essence,"[]",p15,30,1.469444444444444
"divine vessel",fragment,"[]",p15,0,3.133333333333333
"gilded shaper scarab",scarab,"[]",p15,0,2.95
"devoto's devotion",unique,"[{""key"":""sixLink"",""value"":false},{""key"":""corrupted"",""value"":false},{""key"":""foilVariation"",""value"":0}]",p15,0,2.175
"exalted orb",currency,"[]",p15,0,31.2
"demon stitcher",unique,"[{""key"":""sixLink"",""value"":false},{""key"":""corrupted"",""value"":false},{""key"":""foilVariation"",""value"":0}]",p15,0,1.8
"rusted breach scarab",scarab,"[]",p15,9,2
"geofri's crest",unique,"[{""key"":""sixLink"",""value"":false},{""key"":""corrupted"",""value"":false},{""key"":""foilVariation"",""value"":0}]",p15,0,2.2
"malachai's loop",unique,"[{""key"":""sixLink"",""value"":false},{""key"":""corrupted"",""value"":false},{""key"":""foilVariation"",""value"":0}]",p15,0,1.5
"vaal orb",currency,"[]",p15,500,0.5822113634824708
"skin of the loyal",unique,"[{""key"":""sixLink"",""value"":true},{""key"":""corrupted"",""value"":false},{""key"":""foilVariation"",""value"":0}]",p15,0,50
"rusted elder scarab",scarab,"[]",p15,9,1
"shrieking essence of hatred",essence,"[]",p15,18,2.955555555555556
"dying breath",unique,"[{""key"":""sixLink"",""value"":false},{""key"":""corrupted"",""value"":false},{""key"":""foilVariation"",""value"":0}]",p15,0,1
"polished legion scarab",scarab,"[]",p15,9,2.75
"efficient training",unique,"[{""key"":""sixLink"",""value"":false},{""key"":""corrupted"",""value"":true},{""key"":""foilVariation"",""value"":0}]",p15,0,2
"ambu's charge",unique,"[{""key"":""sixLink"",""value"":false},{""key"":""corrupted"",""value"":false},{""key"":""foilVariation"",""value"":0}]",p15,0,3.65
"shrieking essence of contempt",essence,"[]",p15,0,3
"shrieking essence of contempt",essence,"[]",p15,18,2.98
"orb of annulment",currency,"[]",p15,0,11.825
"eternal damnation",unique,"[{""key"":""sixLink"",""value"":false},{""key"":""corrupted"",""value"":false},{""key"":""foilVariation"",""value"":0}]",p15,0,333
"lioneye's remorse",unique,"[{""key"":""sixLink"",""value"":false},{""key"":""corrupted"",""value"":false},{""key"":""foilVariation"",""value"":0}]",p15,0,10
"darkness enthroned",unique,"[{""key"":""sixLink"",""value"":false},{""key"":""corrupted"",""value"":false},{""key"":""foilVariation"",""value"":0}]",p15,0,7.25
"forbidden taste",unique,"[{""key"":""sixLink"",""value"":false},{""key"":""corrupted"",""value"":false},{""key"":""foilVariation"",""value"":0}]",p15,0,2.95
"chaos orb",currency,"[]",p15,9,1.000788288288288
"rusted elder scarab",scarab,"[]",p15,0,1
"night's hold",unique,"[{""key"":""sixLink"",""value"":false},{""key"":""corrupted"",""value"":true},{""key"":""foilVariation"",""value"":0}]",p15,0,1.05
"stacked deck",currency,"[]",p15,9,2
"glorious vanity",unique,"[{""key"":""sixLink"",""value"":false},{""key"":""corrupted"",""value"":false},{""key"":""foilVariation"",""value"":0}]",p15,0,46.5
"chromatic orb",currency,"[]",p15,50,0.4725052631578947
"orb of annulment",currency,"[]",p15,9,11.525
"screaming essence of sorrow",essence,"[]",p15,0,1.875
"chromatic orb",currency,"[]",p15,0,0.4727578947368421
"deafening essence of misery",essence,"[]",p15,9,7.5
"the jinxed juju",unique,"[{""key"":""sixLink"",""value"":false},{""key"":""corrupted"",""value"":false},{""key"":""foilVariation"",""value"":0}]",p15,0,24.75
"rusted blight scarab",scarab,"[]",p15,0,2
"regal orb",currency,"[]",p15,100,1.15
"string of servitude",unique,"[{""key"":""sixLink"",""value"":false},{""key"":""corrupted"",""value"":true},{""key"":""foilVariation"",""value"":0}]",p15,0,9.5
"goldwyrm",unique,"[{""key"":""sixLink"",""value"":false},{""key"":""corrupted"",""value"":false},{""key"":""foilVariation"",""value"":0}]",p15,0,3.65
"tribute to the goddess",fragment,"[]",p15,0,8.35
"rusted blight scarab",scarab,"[]",p15,9,2
"voidbringer",unique,"[{""key"":""sixLink"",""value"":false},{""key"":""corrupted"",""value"":false},{""key"":""foilVariation"",""value"":0}]",p15,0,1
"bisco's collar",unique,"[{""key"":""sixLink"",""value"":false},{""key"":""corrupted"",""value"":false},{""key"":""foilVariation"",""value"":0}]",p15,0,5.95
"soul mantle",unique,"[{""key"":""sixLink"",""value"":false},{""key"":""corrupted"",""value"":false},{""key"":""foilVariation"",""value"":0}]",p15,0,2.05
"rusted blight scarab",scarab,"[]",p15,18,2
"doedre's damning",unique,"[{""key"":""sixLink"",""value"":false},{""key"":""corrupted"",""value"":false},{""key"":""foilVariation"",""value"":0}]",p15,0,6
"noxious catalyst",currency,"[]",p15,0,1
"diviner's delirium orb",delirium orb,"[]",p15,0,9.5
"paradoxica",unique,"[{""key"":""sixLink"",""value"":false},{""key"":""corrupted"",""value"":false},{""key"":""foilVariation"",""value"":0}]",p15,0,40
"dendrobate",unique,"[{""key"":""sixLink"",""value"":false},{""key"":""corrupted"",""value"":false},{""key"":""foilVariation"",""value"":0}]",p15,0,1
"screaming essence of wrath",essence,"[]",p15,0,1
"impresence",unique,"[{""key"":""sixLink"",""value"":false},{""key"":""corrupted"",""value"":false},{""key"":""foilVariation"",""value"":0}]",p15,0,41.25
"rogue's marker",currency,"[]",p15,10000,0.002237194578358068
"elevore",unique,"[{""key"":""sixLink"",""value"":false},{""key"":""corrupted"",""value"":false},{""key"":""foilVariation"",""value"":0}]",p15,0,2
"ghostwrithe",unique,"[{""key"":""sixLink"",""value"":false},{""key"":""corrupted"",""value"":false},{""key"":""foilVariation"",""value"":0}]",p15,0,2.95
"rogue's marker",currency,"[]",p15,30,0.002245514931927975
"circle of guilt",unique,"[{""key"":""sixLink"",""value"":false},{""key"":""corrupted"",""value"":false},{""key"":""foilVariation"",""value"":0}]",p15,0,19.8
"orb of horizons",currency,"[]",p15,9,0.8
"the wise oak",unique,"[{""key"":""sixLink"",""value"":false},{""key"":""corrupted"",""value"":false},{""key"":""foilVariation"",""value"":0}]",p15,0,1.4
"rogue's marker",currency,"[]",p15,0,0.002245514931927975
"pristine fossil",fossil,"[]",p15,0,3
"trolltimber spire",unique,"[{""key"":""sixLink"",""value"":false},{""key"":""corrupted"",""value"":false},{""key"":""foilVariation"",""value"":0}]",p15,0,1
"enkindling orb",currency,"[]",p15,0,0.5
"rogue's marker",currency,"[]",p15,100,0.002225549752180186
"rusted blight scarab",scarab,"[]",p15,30,2
"rogue's marker",currency,"[]",p15,9,0.002245514931927975
"glassblower's bauble",currency,"[]",p15,100,0.7
"metallic fossil",fossil,"[]",p15,9,1.475
"shrieking essence of doubt",essence,"[]",p15,50,1.6
"shrieking essence of woe",essence,"[]",p15,9,3
"shrieking essence of dread",essence,"[]",p15,18,7
"greater eldritch ember",currency,"[]",p15,18,3.9
"obliteration",unique,"[{""key"":""sixLink"",""value"":false},{""key"":""corrupted"",""value"":true},{""key"":""foilVariation"",""value"":0}]",p15,0,5
"orb of transmutation",currency,"[]",p15,9,0.02999445061043285
"accelerating catalyst",currency,"[]",p15,0,2.975
"reckless defence",unique,"[{""key"":""sixLink"",""value"":false},{""key"":""corrupted"",""value"":true},{""key"":""foilVariation"",""value"":0}]",p15,0,3
"determination",gem,"[{""key"":""lvl"",""value"":""20""},{""key"":""typeLine"",""value"":""determination""},{""key"":""corrupted"",""value"":true},{""key"":""quality"",""value"":""0""}]",p15,0,5
"carnage heart",unique,"[{""key"":""sixLink"",""value"":false},{""key"":""corrupted"",""value"":false},{""key"":""foilVariation"",""value"":0}]",p15,0,3
"screaming essence of anguish",essence,"[]",p15,9,0.9555555555555555
"imbued catalyst",currency,"[]",p15,0,0.9333333333333333
"greater eldritch ember",currency,"[]",p15,9,3.9
"blessed orb",currency,"[]",p15,100,0.4
"dense fossil",fossil,"[]",p15,9,4
"screaming essence of torment",essence,"[]",p15,0,1
"blessed orb",currency,"[]",p15,9,0.4
"shrieking essence of scorn",essence,"[]",p15,30,1.8
"orb of transmutation",currency,"[]",p15,500,0.02999445061043285
"screaming essence of anguish",essence,"[]",p15,0,1
"remnant of corruption",essence,"[]",p15,50,1.3
"verdant oil",oil,"[]",p15,9,0.6799999999999999
"verdant oil",oil,"[]",p15,100,0.62
"greater eldritch ember",currency,"[]",p15,0,3.9
"greater eldritch ember",currency,"[]",p15,30,3.9
"verdant oil",oil,"[]",p15,30,0.6799999999999999
"azure oil",oil,"[]",p15,0,0.8400000000000001
"turbulent catalyst",currency,"[]",p15,30,0.9
"azure oil",oil,"[]",p15,9,0.775
"imbued catalyst",currency,"[]",p15,9,0.915
"blessed orb",currency,"[]",p15,30,0.4
"the rat cage",unique,"[{""key"":""sixLink"",""value"":false},{""key"":""corrupted"",""value"":false},{""key"":""foilVariation"",""value"":0}]",p15,0,4
"blessed orb",currency,"[]",p15,18,0.4
"powerful chaotic resonator",resonator,"[]",p15,9,1
"eye of malice",unique,"[{""key"":""sixLink"",""value"":false},{""key"":""corrupted"",""value"":false},{""key"":""foilVariation"",""value"":0}]",p15,0,3.95
"leer cast",unique,"[{""key"":""sixLink"",""value"":false},{""key"":""corrupted"",""value"":false},{""key"":""foilVariation"",""value"":0}]",p15,0,5
"to dust",unique,"[{""key"":""sixLink"",""value"":false},{""key"":""corrupted"",""value"":true},{""key"":""foilVariation"",""value"":0}]",p15,0,1.1
"orb of chance",currency,"[]",p15,100,0.1423541247484909
"orb of transmutation",currency,"[]",p15,0,0.02999445061043285
"remnant of corruption",essence,"[]",p15,18,1.3
"prime chaotic resonator",resonator,"[]",p15,0,46.8
"tainted mythic orb",currency,"[]",p15,0,64.9
"orb of augmentation",currency,"[]",p15,0,0.05179880079946702
"orb of augmentation",currency,"[]",p15,50,0.04930046635576282
"militant faith",unique,"[{""key"":""sixLink"",""value"":false},{""key"":""corrupted"",""value"":false},{""key"":""foilVariation"",""value"":0}]",p15,0,80.5
"maloney's nightfall",unique,"[{""key"":""sixLink"",""value"":false},{""key"":""corrupted"",""value"":false},{""key"":""foilVariation"",""value"":0}]",p15,0,1
"shrieking essence of loathing",essence,"[]",p15,0,3.9
"deafening essence of dread",essence,"[]",p15,0,7
"orb of chance",currency,"[]",p15,50,0.1423541247484909
"offering to the goddess",fragment,"[]",p15,18,2.85
"memory vault",unique,"[{""key"":""sixLink"",""value"":false},{""key"":""corrupted"",""value"":false},{""key"":""foilVariation"",""value"":0}]",p15,0,5.8775
"verdant oil",oil,"[]",p15,50,0.6499999999999999
"saffell's frame",unique,"[{""key"":""sixLink"",""value"":false},{""key"":""corrupted"",""value"":false},{""key"":""foilVariation"",""value"":0}]",p15,0,78
"offering to the goddess",fragment,"[]",p15,0,3
"pyroshock clasp",unique,"[{""key"":""sixLink"",""value"":false},{""key"":""corrupted"",""value"":false},{""key"":""foilVariation"",""value"":0}]",p15,0,1.9
"offering to the goddess",fragment,"[]",p15,9,2.85
"lioneye's paws",unique,"[{""key"":""sixLink"",""value"":false},{""key"":""corrupted"",""value"":false},{""key"":""foilVariation"",""value"":0}]",p15,0,1
"explorer's scouting report",scouting report,"[]",p15,30,1.675
"explorer's scouting report",scouting report,"[]",p15,18,1.675
"willclash",unique,"[{""key"":""sixLink"",""value"":false},{""key"":""corrupted"",""value"":false},{""key"":""foilVariation"",""value"":0}]",p15,0,1
"mercenary's lot",unique,"[{""key"":""sixLink"",""value"":false},{""key"":""corrupted"",""value"":false},{""key"":""foilVariation"",""value"":0}]",p15,0,1.75
"midnight bargain",unique,"[{""key"":""sixLink"",""value"":false},{""key"":""corrupted"",""value"":false},{""key"":""foilVariation"",""value"":0}]",p15,0,1
"ascent from flesh",unique,"[{""key"":""sixLink"",""value"":false},{""key"":""corrupted"",""value"":false},{""key"":""foilVariation"",""value"":0}]",p15,0,2
"shrieking essence of hatred",essence,"[]",p15,30,2.938888888888889
"pristine fossil",fossil,"[]",p15,9,2.95
"veiled chaos orb",currency,"[]",p15,0,14.65
"scorched fossil",fossil,"[]",p15,0,1
"indigo oil",oil,"[]",p15,30,1.533333333333333
"winterheart",unique,"[{""key"":""sixLink"",""value"":false},{""key"":""corrupted"",""value"":false},{""key"":""foilVariation"",""value"":0}]",p15,0,1
"soul's wick",unique,"[{""key"":""sixLink"",""value"":false},{""key"":""corrupted"",""value"":true},{""key"":""foilVariation"",""value"":0}]",p15,0,2
"frost bomb",gem,"[{""key"":""lvl"",""value"":""1-18""},{""key"":""typeLine"",""value"":""divergent frost bomb""},{""key"":""corrupted""},{""key"":""quality"",""value"":""1-18""}]",p15,0,19.6
"warped timepiece",unique,"[{""key"":""sixLink"",""value"":false},{""key"":""corrupted"",""value"":false},{""key"":""foilVariation"",""value"":0}]",p15,0,1
"icetomb",unique,"[{""key"":""sixLink"",""value"":false},{""key"":""corrupted"",""value"":false},{""key"":""foilVariation"",""value"":0}]",p15,0,1.05
"sire of shards",unique,"[{""key"":""sixLink"",""value"":false},{""key"":""corrupted"",""value"":false},{""key"":""foilVariation"",""value"":0}]",p15,0,1.15
"eldritch exalted orb",currency,"[]",p15,0,29.5
"screaming essence of anger",essence,"[]",p15,0,1.8
"shrieking essence of scorn",essence,"[]",p15,18,1.875
"gluttony",unique,"[{""key"":""sixLink"",""value"":false},{""key"":""corrupted"",""value"":false},{""key"":""foilVariation"",""value"":0}]",p15,0,1
"lucent fossil",fossil,"[]",p15,0,2
"belt of the deceiver",unique,"[{""key"":""sixLink"",""value"":false},{""key"":""corrupted"",""value"":false},{""key"":""foilVariation"",""value"":0}]",p15,0,2.35
"serrated fossil",fossil,"[]",p15,0,3
"gilded elder scarab",scarab,"[]",p15,0,4
"abrasive catalyst",currency,"[]",p15,9,0.91
"leper's alms",unique,"[{""key"":""sixLink"",""value"":false},{""key"":""corrupted"",""value"":false},{""key"":""foilVariation"",""value"":0}]",p15,0,2
"screaming essence of suffering",essence,"[]",p15,18,0.7916666666666666
"the hunger",card,"[]",p15,0,220.425
"southbound",unique,"[{""key"":""sixLink"",""value"":false},{""key"":""corrupted"",""value"":false},{""key"":""foilVariation"",""value"":0}]",p15,0,3.5
"rusted bestiary scarab",scarab,"[]",p15,9,0.9555555555555555
"sacrifice at dusk",fragment,"[]",p15,0,0.3833333333333334
"thrillsteel",unique,"[{""key"":""sixLink"",""value"":false},{""key"":""corrupted"",""value"":false},{""key"":""foilVariation"",""value"":0}]",p15,0,1.025
"polished shaper scarab",scarab,"[]",p15,9,1.725
"bitterbind point",unique,"[{""key"":""sixLink"",""value"":false},{""key"":""corrupted"",""value"":false},{""key"":""foilVariation"",""value"":0}]",p15,0,5
"screaming essence of suffering",essence,"[]",p15,0,0.8499999999999999
"noxious catalyst",currency,"[]",p15,9,1
"arcanist brand",gem,"[{""key"":""lvl"",""value"":""1-18""},{""key"":""typeLine"",""value"":""arcanist brand support""},{""key"":""corrupted""},{""key"":""quality"",""value"":""1-18""}]",p15,0,7
"polished shaper scarab",scarab,"[]",p15,0,1.95
"screaming essence of suffering",essence,"[]",p15,9,0.8499999999999999
"chernobog's pillar",unique,"[{""key"":""sixLink"",""value"":false},{""key"":""corrupted"",""value"":false},{""key"":""foilVariation"",""value"":0}]",p15,0,1
"soulwrest",unique,"[{""key"":""sixLink"",""value"":false},{""key"":""corrupted"",""value"":false},{""key"":""foilVariation"",""value"":0}]",p15,0,2
"siegebreaker",unique,"[{""key"":""sixLink"",""value"":false},{""key"":""corrupted"",""value"":false},{""key"":""foilVariation"",""value"":0}]",p15,0,1.35
"screaming essence of misery",essence,"[]",p15,0,1.875
"screaming essence of zeal",essence,"[]",p15,0,2
"einhar's memory of the sacred grove",atlas memory,"[]",p15,0,179.77
"metallic fossil",fossil,"[]",p15,0,1.405
"chaos orb",currency,"[]",p15,1000,1.006787330316742
"rusted bestiary scarab",scarab,"[]",p15,30,0.9555555555555555
"starkonja's head",unique,"[{""key"":""sixLink"",""value"":false},{""key"":""corrupted"",""value"":false},{""key"":""foilVariation"",""value"":0}]",p15,0,2
"agnerod west",unique,"[{""key"":""sixLink"",""value"":false},{""key"":""corrupted"",""value"":false},{""key"":""foilVariation"",""value"":0}]",p15,0,2
"prismatic fossil",fossil,"[]",p15,0,2.9
"frigid fossil",fossil,"[]",p15,9,1.025
"rusted bestiary scarab",scarab,"[]",p15,0,1
"rusted shaper scarab",scarab,"[]",p15,50,1
"rusted bestiary scarab",scarab,"[]",p15,18,0.9555555555555555
"polished blight scarab",scarab,"[]",p15,0,2.75
"rusted ambush scarab",scarab,"[]",p15,0,3.6
"spellslinger",gem,"[{""key"":""lvl"",""value"":""1-18""},{""key"":""typeLine"",""value"":""spellslinger support""},{""key"":""corrupted""},{""key"":""quality"",""value"":""1-18""}]",p15,0,10.2
"sepia oil",oil,"[]",p15,30,0.5
"screaming essence of dread",essence,"[]",p15,0,1.6
"screaming essence of wrath",essence,"[]",p15,9,1.225
"perquil's toe",unique,"[{""key"":""sixLink"",""value"":false},{""key"":""corrupted"",""value"":false},{""key"":""foilVariation"",""value"":0}]",p15,0,1
"rusted breach scarab",scarab,"[]",p15,18,1.725
"simulacrum splinter",fragment,"[]",p15,9,0.2
"frigid fossil",fossil,"[]",p15,0,1
"orb of alteration",currency,"[]",p15,100,0.165563495149826
"perandus blazon",unique,"[{""key"":""sixLink"",""value"":false},{""key"":""corrupted"",""value"":false},{""key"":""foilVariation"",""value"":0}]",p15,0,1.9
"blessed orb",currency,"[]",p15,0,0.4
"lochtonial caress",unique,"[{""key"":""sixLink"",""value"":false},{""key"":""corrupted"",""value"":false},{""key"":""foilVariation"",""value"":0}]",p15,0,3.5
"white wind",unique,"[{""key"":""sixLink"",""value"":false},{""key"":""corrupted"",""value"":false},{""key"":""foilVariation"",""value"":0}]",p15,0,1
"moonsorrow",unique,"[{""key"":""sixLink"",""value"":false},{""key"":""corrupted"",""value"":false},{""key"":""foilVariation"",""value"":0}]",p15,0,1
"natural hierarchy",unique,"[{""key"":""sixLink"",""value"":false},{""key"":""corrupted"",""value"":true},{""key"":""foilVariation"",""value"":0}]",p15,0,1
"rusted metamorph scarab",scarab,"[]",p15,0,0.9888888888888889
"shadows and dust",unique,"[{""key"":""sixLink"",""value"":false},{""key"":""corrupted"",""value"":false},{""key"":""foilVariation"",""value"":0}]",p15,0,1.25
"screaming essence of rage",essence,"[]",p15,0,1
"greed's embrace",unique,"[{""key"":""sixLink"",""value"":false},{""key"":""corrupted"",""value"":false},{""key"":""foilVariation"",""value"":0}]",p15,0,2.95
"the blood thorn",unique,"[{""key"":""sixLink"",""value"":false},{""key"":""corrupted"",""value"":false},{""key"":""foilVariation"",""value"":0}]",p15,0,1
"icefang orbit",unique,"[{""key"":""sixLink"",""value"":false},{""key"":""corrupted"",""value"":false},{""key"":""foilVariation"",""value"":0}]",p15,0,4.05
"blightwell",unique,"[{""key"":""sixLink"",""value"":false},{""key"":""corrupted"",""value"":true},{""key"":""foilVariation"",""value"":0}]",p15,0,1
"orb of transmutation",currency,"[]",p15,30,0.02999445061043285
"eldritch orb of annulment",currency,"[]",p15,0,66
"the golden rule",unique,"[{""key"":""sixLink"",""value"":false},{""key"":""corrupted"",""value"":true},{""key"":""foilVariation"",""value"":0}]",p15,0,4.35
"zeel's amplifier",unique,"[{""key"":""sixLink"",""value"":false},{""key"":""corrupted"",""value"":false},{""key"":""foilVariation"",""value"":0}]",p15,0,1
"aberrant fossil",fossil,"[]",p15,0,3
"rusted legion scarab",scarab,"[]",p15,18,1
"fragility",unique,"[{""key"":""sixLink"",""value"":false},{""key"":""corrupted"",""value"":true},{""key"":""foilVariation"",""value"":0}]",p15,0,1
"fluid motion",unique,"[{""key"":""sixLink"",""value"":false},{""key"":""corrupted"",""value"":true},{""key"":""foilVariation"",""value"":0}]",p15,0,5.2
"doedre's scorn",unique,"[{""key"":""sixLink"",""value"":false},{""key"":""corrupted"",""value"":false},{""key"":""foilVariation"",""value"":0}]",p15,0,1
"rusted abyss scarab",scarab,"[]",p15,9,1.225
"rusted abyss scarab",scarab,"[]",p15,0,1.375
"chin sol",unique,"[{""key"":""sixLink"",""value"":false},{""key"":""corrupted"",""value"":false},{""key"":""foilVariation"",""value"":0}]",p15,0,1.05
"gilded breach scarab",scarab,"[]",p15,0,5
"vaal scouting report",scouting report,"[]",p15,30,2.405
"clear oil",oil,"[]",p15,0,0.5
"turbulent catalyst",currency,"[]",p15,50,0.9
"clear oil",oil,"[]",p15,30,0.5
"teal oil",oil,"[]",p15,50,0.925
"clear oil",oil,"[]",p15,9,0.5
"the embalmer",unique,"[{""key"":""sixLink"",""value"":false},{""key"":""corrupted"",""value"":false},{""key"":""foilVariation"",""value"":0}]",p15,0,2.35
"rigwald's command",unique,"[{""key"":""sixLink"",""value"":false},{""key"":""corrupted"",""value"":false},{""key"":""foilVariation"",""value"":0}]",p15,0,2.95
"carnage heart",unique,"[{""key"":""sixLink"",""value"":false},{""key"":""corrupted"",""value"":true},{""key"":""foilVariation"",""value"":0}]",p15,0,9.375
"sacrifice at dawn",fragment,"[]",p15,100,1
"chayula's pure breachstone",fragment,"[]",p15,0,186.2
"orb of horizons",currency,"[]",p15,100,0.725
"indigo oil",oil,"[]",p15,9,1.708333333333333
"the sorrow of the divine",unique,"[{""key"":""sixLink"",""value"":false},{""key"":""corrupted"",""value"":false},{""key"":""foilVariation"",""value"":0}]",p15,0,1
"divine vessel",fragment,"[]",p15,9,3.4
"amber oil",oil,"[]",p15,18,0.6799999999999999
"amber oil",oil,"[]",p15,9,0.6799999999999999
"amber oil",oil,"[]",p15,50,0.6499999999999999
"orb of alteration",currency,"[]",p15,1000,0.1665505433491045
"teal oil",oil,"[]",p15,18,0.925
"feastbind",unique,"[{""key"":""sixLink"",""value"":false},{""key"":""corrupted"",""value"":false},{""key"":""foilVariation"",""value"":0}]",p15,0,1
"maligaro's cruelty",unique,"[{""key"":""sixLink"",""value"":false},{""key"":""corrupted"",""value"":false},{""key"":""foilVariation"",""value"":0}]",p15,0,1
"vis mortis",unique,"[{""key"":""sixLink"",""value"":false},{""key"":""corrupted"",""value"":false},{""key"":""foilVariation"",""value"":0}]",p15,0,2.1
"rusted metamorph scarab",scarab,"[]",p15,9,0.9722222222222222
"fidelitas' spike",unique,"[{""key"":""sixLink"",""value"":false},{""key"":""corrupted"",""value"":false},{""key"":""foilVariation"",""value"":0}]",p15,0,2
"10% increased spell damage large cluster jewel",cluster,"[{""key"":""ilvl"",""value"":83},{""key"":""passives"",""value"":8}]",p15,0,9.399999999999999
"inertia",unique,"[{""key"":""sixLink"",""value"":false},{""key"":""corrupted"",""value"":true},{""key"":""foilVariation"",""value"":0}]",p15,0,1
"sepia oil",oil,"[]",p15,0,0.5
"rusted legion scarab",scarab,"[]",p15,0,1.14
"primitive chaotic resonator",resonator,"[]",p15,9,1.77
"deafening essence of spite",essence,"[]",p15,0,6
"taproot",unique,"[{""key"":""sixLink"",""value"":false},{""key"":""corrupted"",""value"":false},{""key"":""foilVariation"",""value"":0}]",p15,0,1
"primitive chaotic resonator",resonator,"[]",p15,0,1.8
"wailing essence of anger",essence,"[]",p15,0,1
"lucent fossil",fossil,"[]",p15,9,1.975
"orb of chance",currency,"[]",p15,30,0.1423541247484909
"the writhing jar",unique,"[{""key"":""sixLink"",""value"":false},{""key"":""corrupted"",""value"":false},{""key"":""foilVariation"",""value"":0}]",p15,0,3.875
"wailing essence of rage",essence,"[]",p15,0,1
"megalomaniac",unique,"[{""key"":""sixLink"",""value"":false},{""key"":""corrupted"",""value"":true},{""key"":""foilVariation"",""value"":0}]",p15,0,16.75
"crimson oil",oil,"[]",p15,9,3
"rusted legion scarab",scarab,"[]",p15,9,1
"crimson oil",oil,"[]",p15,0,3
"polished breach scarab",scarab,"[]",p15,0,1.975
"sepia oil",oil,"[]",p15,18,0.5
"remnant of corruption",essence,"[]",p15,9,1
"wailing essence of woe",essence,"[]",p15,0,1
"romira's banquet",unique,"[{""key"":""sixLink"",""value"":false},{""key"":""corrupted"",""value"":false},{""key"":""foilVariation"",""value"":0}]",p15,0,3
"primal crystallised lifeforce",currency,"[]",p15,100,0.03818646232439336
"primal crystallised lifeforce",currency,"[]",p15,1000,0.03780332056194125
"shuddering fossil",fossil,"[]",p15,9,13.35
"violet oil",oil,"[]",p15,0,2.2
"shavronne's pace",unique,"[{""key"":""sixLink"",""value"":false},{""key"":""corrupted"",""value"":false},{""key"":""foilVariation"",""value"":0}]",p15,0,1.9
"ephemeral edge",unique,"[{""key"":""sixLink"",""value"":false},{""key"":""corrupted"",""value"":false},{""key"":""foilVariation"",""value"":0}]",p15,0,15
"wailing essence of sorrow",essence,"[]",p15,0,1
"grip of the council",unique,"[{""key"":""sixLink"",""value"":false},{""key"":""corrupted"",""value"":false},{""key"":""foilVariation"",""value"":0}]",p15,0,4
"triad grip",unique,"[{""key"":""sixLink"",""value"":false},{""key"":""corrupted"",""value"":false},{""key"":""foilVariation"",""value"":0}]",p15,0,2.5
"southbound",unique,"[{""key"":""sixLink"",""value"":false},{""key"":""corrupted"",""value"":true},{""key"":""foilVariation"",""value"":0}]",p15,0,8
"gilded blight scarab",scarab,"[]",p15,0,4.9
"teal oil",oil,"[]",p15,30,0.925
"amber oil",oil,"[]",p15,0,0.6799999999999999
"black sun crest",unique,"[{""key"":""sixLink"",""value"":false},{""key"":""corrupted"",""value"":false},{""key"":""foilVariation"",""value"":0}]",p15,0,2.55
"extractor mentis",unique,"[{""key"":""sixLink"",""value"":false},{""key"":""corrupted"",""value"":false},{""key"":""foilVariation"",""value"":0}]",p15,0,1
"victario's acuity",unique,"[{""key"":""sixLink"",""value"":false},{""key"":""corrupted"",""value"":false},{""key"":""foilVariation"",""value"":0}]",p15,0,1.9
"deafening essence of anguish",essence,"[]",p15,0,3
"fundamental fossil",fossil,"[]",p15,0,3
"sinvicta's mettle",unique,"[{""key"":""sixLink"",""value"":false},{""key"":""corrupted"",""value"":false},{""key"":""foilVariation"",""value"":0}]",p15,0,1.9
"lucent fossil",fossil,"[]",p15,18,2
"offering to the goddess",fragment,"[]",p15,30,4
"clear oil",oil,"[]",p15,100,0.5
"prismatic eclipse",unique,"[{""key"":""sixLink"",""value"":false},{""key"":""corrupted"",""value"":false},{""key"":""foilVariation"",""value"":0}]",p15,0,1
"the blood reaper",unique,"[{""key"":""sixLink"",""value"":false},{""key"":""corrupted"",""value"":false},{""key"":""foilVariation"",""value"":0}]",p15,0,1.2
"deafening essence of greed",essence,"[]",p15,0,10
"cane of kulemak",unique,"[{""key"":""sixLink"",""value"":false},{""key"":""corrupted"",""value"":false},{""key"":""foilVariation"",""value"":0}]",p15,0,33.75
"noxious catalyst",currency,"[]",p15,50,1
"violet oil",oil,"[]",p15,30,1.725
"tainted jeweller's orb",currency,"[]",p15,0,1.96
"sacrifice at dusk",fragment,"[]",p15,30,0.3633333333333333
"violet oil",oil,"[]",p15,9,1.8
"glassblower's bauble",currency,"[]",p15,9,0.6951923076923077
"shrieking essence of sorrow",essence,"[]",p15,18,2.8
"impossible escape",unique,"[{""key"":""sixLink"",""value"":false},{""key"":""corrupted"",""value"":true},{""key"":""foilVariation"",""value"":0}]",p15,0,120.75
"fertile catalyst",currency,"[]",p15,9,11.8
"the primordial chain",unique,"[{""key"":""sixLink"",""value"":false},{""key"":""corrupted"",""value"":true},{""key"":""foilVariation"",""value"":0}]",p15,0,13
"sacrifice at dusk",fragment,"[]",p15,50,0.3633333333333333
"le heup of all",unique,"[{""key"":""sixLink"",""value"":false},{""key"":""corrupted"",""value"":true},{""key"":""foilVariation"",""value"":0}]",p15,0,10
"frigid fossil",fossil,"[]",p15,18,1.5
"sacrifice at dusk",fragment,"[]",p15,18,0.3633333333333333
"azure oil",oil,"[]",p15,50,0.76
"orb of augmentation",currency,"[]",p15,30,0.04930046635576282
"berek's pass",unique,"[{""key"":""sixLink"",""value"":false},{""key"":""corrupted"",""value"":false},{""key"":""foilVariation"",""value"":0}]",p15,0,4
"screaming essence of suffering",essence,"[]",p15,30,0.6749999999999999
"bones of ullr",unique,"[{""key"":""sixLink"",""value"":false},{""key"":""corrupted"",""value"":false},{""key"":""foilVariation"",""value"":0}]",p15,0,1
"shrieking essence of fear",essence,"[]",p15,30,2.888888888888889
"remnant of corruption",essence,"[]",p15,30,1.3
"sepia oil",oil,"[]",p15,100,0.5
"the overflowing chalice",unique,"[{""key"":""sixLink"",""value"":false},{""key"":""corrupted"",""value"":false},{""key"":""foilVariation"",""value"":0}]",p15,0,1
"energised armour",unique,"[{""key"":""sixLink"",""value"":false},{""key"":""corrupted"",""value"":true},{""key"":""foilVariation"",""value"":0}]",p15,0,4.35
"crown of eyes",unique,"[{""key"":""sixLink"",""value"":false},{""key"":""corrupted"",""value"":false},{""key"":""foilVariation"",""value"":0}]",p15,0,11
"forbidden shako",unique,"[{""key"":""sixLink"",""value"":false},{""key"":""corrupted"",""value"":false},{""key"":""foilVariation"",""value"":0}]",p15,0,38
"powerful chaotic resonator",resonator,"[]",p15,18,1.44
"imbued catalyst",currency,"[]",p15,50,0.9075000000000001
"imbued catalyst",currency,"[]",p15,18,0.91
"powerful chaotic resonator",resonator,"[]",p15,30,1.5
"metallic fossil",fossil,"[]",p15,18,1.46
"the highwayman",unique,"[{""key"":""sixLink"",""value"":false},{""key"":""corrupted"",""value"":false},{""key"":""foilVariation"",""value"":0}]",p15,0,3.9
"tainted chaos orb",currency,"[]",p15,0,37.25
"legacy of fury",unique,"[{""key"":""sixLink"",""value"":false},{""key"":""corrupted"",""value"":false},{""key"":""foilVariation"",""value"":0}]",p15,0,100
"tempering catalyst",currency,"[]",p15,0,3
"imbued catalyst",currency,"[]",p15,30,0.9075000000000001
"eldritch chaos orb",currency,"[]",p15,0,71
"march of the legion",unique,"[{""key"":""sixLink"",""value"":false},{""key"":""corrupted"",""value"":false},{""key"":""foilVariation"",""value"":0}]",p15,0,1
"deafening essence of sorrow",essence,"[]",p15,0,6.75
"the coming calamity",unique,"[{""key"":""sixLink"",""value"":false},{""key"":""corrupted"",""value"":false},{""key"":""foilVariation"",""value"":0}]",p15,0,1.2
"exalted orb",currency,"[]",p15,9,33.2
"rogue's marker",currency,"[]",p15,50,0.002245514931927975
"blessed orb",currency,"[]",p15,50,0.4
"pacifism",unique,"[{""key"":""sixLink"",""value"":false},{""key"":""corrupted"",""value"":true},{""key"":""foilVariation"",""value"":0}]",p15,0,1.75
"rusted legion scarab",scarab,"[]",p15,30,1
"rogue's marker",currency,"[]",p15,18,0.002245514931927975
"rogue's marker",currency,"[]",p15,1000,0.002215982721382289
"voideye",unique,"[{""key"":""sixLink"",""value"":false},{""key"":""corrupted"",""value"":false},{""key"":""foilVariation"",""value"":0}]",p15,0,3.75
"orb of chance",currency,"[]",p15,18,0.1423541247484909
"teal oil",oil,"[]",p15,100,0.835
"vixen's entrapment",unique,"[{""key"":""sixLink"",""value"":false},{""key"":""corrupted"",""value"":false},{""key"":""foilVariation"",""value"":0}]",p15,0,93.5
"vivid crystallised lifeforce",currency,"[]",p15,30,0.04345146379044684
"self-flagellation",unique,"[{""key"":""sixLink"",""value"":false},{""key"":""corrupted"",""value"":true},{""key"":""foilVariation"",""value"":0}]",p15,0,6.114285714285714
"violet oil",oil,"[]",p15,18,1.725
"doedre's elixir",unique,"[{""key"":""sixLink"",""value"":false},{""key"":""corrupted"",""value"":false},{""key"":""foilVariation"",""value"":0}]",p15,0,1
"ngamahu's sign",unique,"[{""key"":""sixLink"",""value"":false},{""key"":""corrupted"",""value"":false},{""key"":""foilVariation"",""value"":0}]",p15,0,4
"hrimnor's resolve",unique,"[{""key"":""sixLink"",""value"":false},{""key"":""corrupted"",""value"":false},{""key"":""foilVariation"",""value"":0}]",p15,0,1
"twyzel",unique,"[{""key"":""sixLink"",""value"":false},{""key"":""corrupted"",""value"":false},{""key"":""foilVariation"",""value"":0}]",p15,0,1
"blunderbore",unique,"[{""key"":""sixLink"",""value"":false},{""key"":""corrupted"",""value"":false},{""key"":""foilVariation"",""value"":0}]",p15,0,10.5
"polished metamorph scarab",scarab,"[]",p15,0,2
"circle of nostalgia",unique,"[{""key"":""sixLink"",""value"":false},{""key"":""corrupted"",""value"":false},{""key"":""foilVariation"",""value"":0}]",p15,0,204
"stone of lazhwar",unique,"[{""key"":""sixLink"",""value"":false},{""key"":""corrupted"",""value"":false},{""key"":""foilVariation"",""value"":0}]",p15,0,1
"teal oil",oil,"[]",p15,0,1
"teal oil",oil,"[]",p15,9,0.97
"watcher's eye",unique,"[{""key"":""sixLink"",""value"":false},{""key"":""corrupted"",""value"":false},{""key"":""foilVariation"",""value"":0}]",p15,0,204.5
"foxshade",unique,"[{""key"":""sixLink"",""value"":false},{""key"":""corrupted"",""value"":false},{""key"":""foilVariation"",""value"":0}]",p15,0,1
"dyadian dawn",unique,"[{""key"":""sixLink"",""value"":false},{""key"":""corrupted"",""value"":false},{""key"":""foilVariation"",""value"":0}]",p15,0,40
"indigo oil",oil,"[]",p15,50,2
"cherrubim's maleficence",unique,"[{""key"":""sixLink"",""value"":false},{""key"":""corrupted"",""value"":false},{""key"":""foilVariation"",""value"":0}]",p15,0,2
"regal orb",currency,"[]",p15,50,1.016216216216216
"algor mortis",unique,"[{""key"":""sixLink"",""value"":false},{""key"":""corrupted"",""value"":true},{""key"":""foilVariation"",""value"":0}]",p15,0,27.5
"rusted cartography scarab",scarab,"[]",p15,0,0.9722222222222222
"eye of chayula",unique,"[{""key"":""sixLink"",""value"":false},{""key"":""corrupted"",""value"":false},{""key"":""foilVariation"",""value"":0}]",p15,0,3
"venopuncture",unique,"[{""key"":""sixLink"",""value"":false},{""key"":""corrupted"",""value"":false},{""key"":""foilVariation"",""value"":0}]",p15,0,3.4
"orb of transmutation",currency,"[]",p15,100,0.02999445061043285
"rusted breach scarab",scarab,"[]",p15,30,2
"orb of transmutation",currency,"[]",p15,18,0.02999445061043285
"the queen's hunger",unique,"[{""key"":""sixLink"",""value"":false},{""key"":""corrupted"",""value"":false},{""key"":""foilVariation"",""value"":0}]",p15,0,15
"berek's grip",unique,"[{""key"":""sixLink"",""value"":false},{""key"":""corrupted"",""value"":false},{""key"":""foilVariation"",""value"":0}]",p15,0,3.6
"rusted breach scarab",scarab,"[]",p15,50,2
"mark of the doubting knight",unique,"[{""key"":""sixLink"",""value"":false},{""key"":""corrupted"",""value"":false},{""key"":""foilVariation"",""value"":0}]",p15,0,1.75
"orb of transmutation",currency,"[]",p15,50,0.02999445061043285
"jeweller's orb",currency,"[]",p15,1000,0.1960333333333334
"blackheart",unique,"[{""key"":""sixLink"",""value"":false},{""key"":""corrupted"",""value"":false},{""key"":""foilVariation"",""value"":0}]",p15,0,4.75
"lesser eldritch ichor",currency,"[]",p15,9,2
"the patient",card,"[]",p15,0,12.05
"blackgleam",unique,"[{""key"":""sixLink"",""value"":false},{""key"":""corrupted"",""value"":false},{""key"":""foilVariation"",""value"":0}]",p15,0,1.75
"realmshaper",unique,"[{""key"":""sixLink"",""value"":false},{""key"":""corrupted"",""value"":false},{""key"":""foilVariation"",""value"":0}]",p15,0,1
"lesser eldritch ichor",currency,"[]",p15,0,1.8
"pristine fossil",fossil,"[]",p15,18,4
"the beast fur shawl",unique,"[{""key"":""sixLink"",""value"":false},{""key"":""corrupted"",""value"":false},{""key"":""foilVariation"",""value"":0}]",p15,0,1.75
"dawnstrider",unique,"[{""key"":""sixLink"",""value"":false},{""key"":""corrupted"",""value"":false},{""key"":""foilVariation"",""value"":0}]",p15,0,13
"writhing invitation",invitation,"[]",p15,0,4.6
"viridi's veil",unique,"[{""key"":""sixLink"",""value"":false},{""key"":""corrupted"",""value"":false},{""key"":""foilVariation"",""value"":0}]",p15,0,222.025
"the deep one's hide",unique,"[{""key"":""sixLink"",""value"":false},{""key"":""corrupted"",""value"":false},{""key"":""foilVariation"",""value"":0}]",p15,0,1
"briskwrap",unique,"[{""key"":""sixLink"",""value"":false},{""key"":""corrupted"",""value"":false},{""key"":""foilVariation"",""value"":0}]",p15,0,2
"ichimonji",unique,"[{""key"":""sixLink"",""value"":false},{""key"":""corrupted"",""value"":false},{""key"":""foilVariation"",""value"":0}]",p15,0,1.5
"rusted expedition scarab",scarab,"[]",p15,18,1
"volkuur's guidance",unique,"[{""key"":""sixLink"",""value"":false},{""key"":""corrupted"",""value"":false},{""key"":""foilVariation"",""value"":0}]",p15,0,2.15
"noxious catalyst",currency,"[]",p15,30,1
"facebreaker",unique,"[{""key"":""sixLink"",""value"":false},{""key"":""corrupted"",""value"":true},{""key"":""foilVariation"",""value"":0}]",p15,0,18.4
"rusted expedition scarab",scarab,"[]",p15,0,1
"rogue's marker",currency,"[]",p15,500,0.002225549752180186
"rusted expedition scarab",scarab,"[]",p15,30,1
"shrieking essence of anger",essence,"[]",p15,30,2.733333333333333
"yoke of suffering",unique,"[{""key"":""sixLink"",""value"":false},{""key"":""corrupted"",""value"":false},{""key"":""foilVariation"",""value"":0}]",p15,0,25.25
"violet oil",oil,"[]",p15,50,1.725
"essence worm",unique,"[{""key"":""sixLink"",""value"":false},{""key"":""corrupted"",""value"":false},{""key"":""foilVariation"",""value"":0}]",p15,0,3
"steppan eard",unique,"[{""key"":""sixLink"",""value"":false},{""key"":""corrupted"",""value"":false},{""key"":""foilVariation"",""value"":0}]",p15,0,4.2
"storm cloud",unique,"[{""key"":""sixLink"",""value"":false},{""key"":""corrupted"",""value"":false},{""key"":""foilVariation"",""value"":0}]",p15,0,2.8
"indigo oil",oil,"[]",p15,0,2
"black oil",oil,"[]",p15,0,6.4
"carcass jack",unique,"[{""key"":""sixLink"",""value"":false},{""key"":""corrupted"",""value"":false},{""key"":""foilVariation"",""value"":0}]",p15,0,3
"lioneye's vision",unique,"[{""key"":""sixLink"",""value"":false},{""key"":""corrupted"",""value"":false},{""key"":""foilVariation"",""value"":0}]",p15,0,4
"lesser eldritch ember",currency,"[]",p15,100,2.89
"silverbranch",unique,"[{""key"":""sixLink"",""value"":false},{""key"":""corrupted"",""value"":false},{""key"":""foilVariation"",""value"":0}]",p15,0,2.9
"tasalio's sign",unique,"[{""key"":""sixLink"",""value"":false},{""key"":""corrupted"",""value"":false},{""key"":""foilVariation"",""value"":0}]",p15,0,4.05
"touch of anguish",unique,"[{""key"":""sixLink"",""value"":false},{""key"":""corrupted"",""value"":false},{""key"":""foilVariation"",""value"":0}]",p15,0,2.2
"abberath's horn",unique,"[{""key"":""sixLink"",""value"":false},{""key"":""corrupted"",""value"":false},{""key"":""foilVariation"",""value"":0}]",p15,0,1
"balefire",unique,"[{""key"":""sixLink"",""value"":false},{""key"":""corrupted"",""value"":false},{""key"":""foilVariation"",""value"":0}]",p15,0,1
"faminebind",unique,"[{""key"":""sixLink"",""value"":false},{""key"":""corrupted"",""value"":false},{""key"":""foilVariation"",""value"":0}]",p15,0,1
"thousand teeth temu",unique,"[{""key"":""sixLink"",""value"":false},{""key"":""corrupted"",""value"":false},{""key"":""foilVariation"",""value"":0}]",p15,0,1.6
"mokou's embrace",unique,"[{""key"":""sixLink"",""value"":false},{""key"":""corrupted"",""value"":false},{""key"":""foilVariation"",""value"":0}]",p15,0,3
"amber oil",oil,"[]",p15,100,0.62
"victario's influence",unique,"[{""key"":""sixLink"",""value"":false},{""key"":""corrupted"",""value"":false},{""key"":""foilVariation"",""value"":0}]",p15,0,1.9
"kiara's determination",unique,"[{""key"":""sixLink"",""value"":false},{""key"":""corrupted"",""value"":false},{""key"":""foilVariation"",""value"":0}]",p15,0,1
"apep's rage",unique,"[{""key"":""sixLink"",""value"":false},{""key"":""corrupted"",""value"":false},{""key"":""foilVariation"",""value"":0}]",p15,0,30
"amber oil",oil,"[]",p15,30,0.6799999999999999
"malachai's simula",unique,"[{""key"":""sixLink"",""value"":false},{""key"":""corrupted"",""value"":false},{""key"":""foilVariation"",""value"":0}]",p15,0,1.9
"kaom's sign",unique,"[{""key"":""sixLink"",""value"":false},{""key"":""corrupted"",""value"":false},{""key"":""foilVariation"",""value"":0}]",p15,0,4.8
"incandescent invitation",invitation,"[]",p15,0,108.25
"meginord's girdle",unique,"[{""key"":""sixLink"",""value"":false},{""key"":""corrupted"",""value"":false},{""key"":""foilVariation"",""value"":0}]",p15,0,3
"lesser eldritch ichor",currency,"[]",p15,18,2
"frostbreath",unique,"[{""key"":""sixLink"",""value"":false},{""key"":""corrupted"",""value"":false},{""key"":""foilVariation"",""value"":0}]",p15,0,1.75
"sibyl's lament",unique,"[{""key"":""sixLink"",""value"":false},{""key"":""corrupted"",""value"":false},{""key"":""foilVariation"",""value"":0}]",p15,0,3
"polished abyss scarab",scarab,"[]",p15,0,2.54
"vaal summon skeletons",gem,"[{""key"":""lvl"",""value"":""21""},{""key"":""corrupted"",""value"":true},{""key"":""quality"",""value"":""0""}]",p15,0,17
"scorched fossil",fossil,"[]",p15,18,1.5
"orb of regret",currency,"[]",p15,18,0.8345454545454546
"orb of regret",currency,"[]",p15,100,0.8057933261770803
"polished elder scarab",scarab,"[]",p15,0,2.6
"sacrifice at dawn",fragment,"[]",p15,50,0.3733333333333334
"valako's sign",unique,"[{""key"":""sixLink"",""value"":false},{""key"":""corrupted"",""value"":false},{""key"":""foilVariation"",""value"":0}]",p15,0,3.75
"golden oil",oil,"[]",p15,0,107.25
"determination",gem,"[{""key"":""lvl"",""value"":""20""},{""key"":""corrupted"",""value"":true},{""key"":""quality"",""value"":""0""}]",p15,0,5
"screaming essence of torment",essence,"[]",p15,18,1.05
"orb of transmutation",currency,"[]",p15,1000,0.02987791342952275
"maw of conquest",unique,"[{""key"":""sixLink"",""value"":false},{""key"":""corrupted"",""value"":false},{""key"":""foilVariation"",""value"":0}]",p15,0,1
"abyssus",unique,"[{""key"":""sixLink"",""value"":false},{""key"":""corrupted"",""value"":false},{""key"":""foilVariation"",""value"":0}]",p15,0,9.6
"veruso's battering rams",unique,"[{""key"":""sixLink"",""value"":false},{""key"":""corrupted"",""value"":false},{""key"":""foilVariation"",""value"":0}]",p15,0,1
"the ivory tower",unique,"[{""key"":""sixLink"",""value"":false},{""key"":""corrupted"",""value"":false},{""key"":""foilVariation"",""value"":0}]",p15,0,20
"giantsbane",unique,"[{""key"":""sixLink"",""value"":false},{""key"":""corrupted"",""value"":false},{""key"":""foilVariation"",""value"":0}]",p15,0,1
"surgebinders",unique,"[{""key"":""sixLink"",""value"":false},{""key"":""corrupted"",""value"":false},{""key"":""foilVariation"",""value"":0}]",p15,0,1
"deafening essence of doubt",essence,"[]",p15,0,3
"screaming essence of hatred",essence,"[]",p15,18,1.225
"deft fossil",fossil,"[]",p15,0,2.55
"vaal righteous fire",gem,"[{""key"":""lvl"",""value"":""1-18""},{""key"":""corrupted"",""value"":true},{""key"":""quality"",""value"":""0""}]",p15,0,1.6
"agnerod north",unique,"[{""key"":""sixLink"",""value"":false},{""key"":""corrupted"",""value"":false},{""key"":""foilVariation"",""value"":0}]",p15,0,1.9
"scorched fossil",fossil,"[]",p15,9,1.3
"hiltless",unique,"[{""key"":""sixLink"",""value"":false},{""key"":""corrupted"",""value"":false},{""key"":""foilVariation"",""value"":0}]",p15,0,1
"sacrifice at dusk",fragment,"[]",p15,9,0.3633333333333333
"sundance",unique,"[{""key"":""sixLink"",""value"":false},{""key"":""corrupted"",""value"":false},{""key"":""foilVariation"",""value"":0}]",p15,0,1.45
"shackles of the wretched",unique,"[{""key"":""sixLink"",""value"":false},{""key"":""corrupted"",""value"":false},{""key"":""foilVariation"",""value"":0}]",p15,0,1
"ezomyte peak",unique,"[{""key"":""sixLink"",""value"":false},{""key"":""corrupted"",""value"":false},{""key"":""foilVariation"",""value"":0}]",p15,0,1
"gifts from above",unique,"[{""key"":""sixLink"",""value"":false},{""key"":""corrupted"",""value"":false},{""key"":""foilVariation"",""value"":0}]",p15,0,3
"le heup of all",unique,"[{""key"":""sixLink"",""value"":false},{""key"":""corrupted"",""value"":false},{""key"":""foilVariation"",""value"":0}]",p15,0,9.833333333333332
"alva's memory of reverse incursion",atlas memory,"[]",p15,0,6.8
"hyrri's bite",unique,"[{""key"":""sixLink"",""value"":false},{""key"":""corrupted"",""value"":false},{""key"":""foilVariation"",""value"":0}]",p15,0,1
"instilling orb",currency,"[]",p15,50,0.7142857142857143
"enhance support",gem,"[{""key"":""lvl"",""value"":""1""},{""key"":""corrupted""},{""key"":""quality"",""value"":""0""}]",p15,0,46.75
"the warden's brand",unique,"[{""key"":""sixLink"",""value"":false},{""key"":""corrupted"",""value"":false},{""key"":""foilVariation"",""value"":0}]",p15,0,3
"instilling orb",currency,"[]",p15,18,0.7185714285714286
"instilling orb",currency,"[]",p15,100,0.7657142857142858
"gilded cartography scarab",scarab,"[]",p15,0,3.6
"eye of innocence",unique,"[{""key"":""sixLink"",""value"":false},{""key"":""corrupted"",""value"":false},{""key"":""foilVariation"",""value"":0}]",p15,0,5.2
"doomfletch",unique,"[{""key"":""sixLink"",""value"":false},{""key"":""corrupted"",""value"":false},{""key"":""foilVariation"",""value"":0}]",p15,0,5.75
"painseeker",unique,"[{""key"":""sixLink"",""value"":false},{""key"":""corrupted"",""value"":false},{""key"":""foilVariation"",""value"":0}]",p15,0,2
"regal orb",currency,"[]",p15,30,1.001351351351351
"sacrifice at dawn",fragment,"[]",p15,9,0.3733333333333334
"timeclasp",unique,"[{""key"":""sixLink"",""value"":false},{""key"":""corrupted"",""value"":false},{""key"":""foilVariation"",""value"":0}]",p15,0,3.75
"meginord's girdle",unique,"[{""key"":""sixLink"",""value"":false},{""key"":""corrupted"",""value"":true},{""key"":""foilVariation"",""value"":0}]",p15,0,3
"magnum opus",card,"[]",p15,0,11.75
"tempering catalyst",currency,"[]",p15,9,3
"advancing fortress",unique,"[{""key"":""sixLink"",""value"":false},{""key"":""corrupted"",""value"":false},{""key"":""foilVariation"",""value"":0}]",p15,0,1.75
"divination distillate",unique,"[{""key"":""sixLink"",""value"":false},{""key"":""corrupted"",""value"":false},{""key"":""foilVariation"",""value"":0}]",p15,0,4.5
"instilling orb",currency,"[]",p15,0,0.7185714285714286
"sadima's touch",unique,"[{""key"":""sixLink"",""value"":false},{""key"":""corrupted"",""value"":true},{""key"":""foilVariation"",""value"":0}]",p15,0,1
"the aylardex",unique,"[{""key"":""sixLink"",""value"":false},{""key"":""corrupted"",""value"":false},{""key"":""foilVariation"",""value"":0}]",p15,0,1
"regal orb",currency,"[]",p15,18,1.001351351351351
"the pariah",unique,"[{""key"":""sixLink"",""value"":false},{""key"":""corrupted"",""value"":false},{""key"":""foilVariation"",""value"":0}]",p15,0,4.9
"gilded harbinger scarab",scarab,"[]",p15,0,10
"flesh and spirit",unique,"[{""key"":""sixLink"",""value"":false},{""key"":""corrupted"",""value"":false},{""key"":""foilVariation"",""value"":0}]",p15,0,1
"lakishu's blade",unique,"[{""key"":""sixLink"",""value"":false},{""key"":""corrupted"",""value"":false},{""key"":""foilVariation"",""value"":0}]",p15,0,1
"minions have 12% increased maximum life medium cluster jewel",cluster,"[{""key"":""ilvl"",""value"":83},{""key"":""passives"",""value"":5}]",p15,0,20
"orb of augmentation",currency,"[]",p15,500,0.04805129913391072
"orb of augmentation",currency,"[]",p15,9,0.05054963357761492
"orb of augmentation",currency,"[]",p15,100,0.04930046635576282
"rumi's concoction",unique,"[{""key"":""sixLink"",""value"":false},{""key"":""corrupted"",""value"":false},{""key"":""foilVariation"",""value"":0}]",p15,0,10
"orb of augmentation",currency,"[]",p15,18,0.05054963357761492
"lycosidae",unique,"[{""key"":""sixLink"",""value"":false},{""key"":""corrupted"",""value"":false},{""key"":""foilVariation"",""value"":0}]",p15,0,7.6
"cybil's paw",unique,"[{""key"":""sixLink"",""value"":false},{""key"":""corrupted"",""value"":false},{""key"":""foilVariation"",""value"":0}]",p15,0,1
"harbinger's orb",currency,"[]",p15,9,2.8
"stacked deck",currency,"[]",p15,18,2
"screaming essence of spite",essence,"[]",p15,0,1
"araku tiki",unique,"[{""key"":""sixLink"",""value"":false},{""key"":""corrupted"",""value"":false},{""key"":""foilVariation"",""value"":0}]",p15,0,1.75
"rusted cartography scarab",scarab,"[]",p15,9,0.9388888888888889
"hrimsorrow",unique,"[{""key"":""sixLink"",""value"":false},{""key"":""corrupted"",""value"":true},{""key"":""foilVariation"",""value"":0}]",p15,0,4.6
"asenath's gentle touch",unique,"[{""key"":""sixLink"",""value"":false},{""key"":""corrupted"",""value"":false},{""key"":""foilVariation"",""value"":0}]",p15,0,47.5
"bronn's lithe",unique,"[{""key"":""sixLink"",""value"":false},{""key"":""corrupted"",""value"":false},{""key"":""foilVariation"",""value"":0}]",p15,0,1.125
"kirac's memory of survivor's guilt",atlas memory,"[]",p15,0,25
"deafening essence of dread",essence,"[]",p15,9,7.6
"harbinger's orb",currency,"[]",p15,0,2.875
"sacrifice at dawn",fragment,"[]",p15,30,0.3733333333333334
"deafening essence of rage",essence,"[]",p15,9,6.45
"the watcher",card,"[]",p15,0,2
"tainted jeweller's orb",currency,"[]",p15,18,1.84
"enkindling orb",currency,"[]",p15,50,0.5
"jagged fossil",fossil,"[]",p15,9,2.3
"enkindling orb",currency,"[]",p15,18,0.5
"shrieking essence of contempt",essence,"[]",p15,30,2.95
"intrinsic catalyst",currency,"[]",p15,50,1.508333333333333
"12% increased attack damage while holding a shield large cluster jewel",cluster,"[{""key"":""ilvl"",""value"":83},{""key"":""passives"",""value"":8}]",p15,0,16
"daresso's salute",unique,"[{""key"":""sixLink"",""value"":false},{""key"":""corrupted"",""value"":false},{""key"":""foilVariation"",""value"":0}]",p15,0,4.8
"dawnbreaker",unique,"[{""key"":""sixLink"",""value"":false},{""key"":""corrupted"",""value"":false},{""key"":""foilVariation"",""value"":0}]",p15,0,197.725
"breath of the council",unique,"[{""key"":""sixLink"",""value"":false},{""key"":""corrupted"",""value"":false},{""key"":""foilVariation"",""value"":0}]",p15,0,1
"slitherpinch",unique,"[{""key"":""sixLink"",""value"":false},{""key"":""corrupted"",""value"":false},{""key"":""foilVariation"",""value"":0}]",p15,0,1.75
"intrinsic catalyst",currency,"[]",p15,18,1.508333333333333
"hrimnor's hymn",unique,"[{""key"":""sixLink"",""value"":false},{""key"":""corrupted"",""value"":false},{""key"":""foilVariation"",""value"":0}]",p15,0,1
"orb of fusing",currency,"[]",p15,100,0.6665889953075785
"deafening essence of suffering",essence,"[]",p15,9,3.45
"maelstrm of chaos",unique,"[{""key"":""sixLink"",""value"":false},{""key"":""corrupted"",""value"":false},{""key"":""foilVariation"",""value"":0}]",p15,0,3.6
"orb of fusing",currency,"[]",p15,500,0.6667754674403611
"vaal grace",gem,"[{""key"":""lvl"",""value"":""20""},{""key"":""corrupted"",""value"":true},{""key"":""quality"",""value"":""0""}]",p15,0,13.75
"divine vessel",fragment,"[]",p15,30,3.3
"perfect fossil",fossil,"[]",p15,0,8
"wake of destruction",unique,"[{""key"":""sixLink"",""value"":false},{""key"":""corrupted"",""value"":false},{""key"":""foilVariation"",""value"":0}]",p15,0,2
"orb of scouring",currency,"[]",p15,100,0.5805555555555556
"deafening essence of anguish",essence,"[]",p15,9,3
"thread of hope",unique,"[{""key"":""sixLink"",""value"":false},{""key"":""corrupted"",""value"":false},{""key"":""foilVariation"",""value"":0}]",p15,0,222
"edge of madness",unique,"[{""key"":""sixLink"",""value"":false},{""key"":""corrupted"",""value"":false},{""key"":""foilVariation"",""value"":0}]",p15,0,1.75
"healthy mind",unique,"[{""key"":""sixLink"",""value"":false},{""key"":""corrupted"",""value"":true},{""key"":""foilVariation"",""value"":0}]",p15,0,29.5
"cyclopean coil",unique,"[{""key"":""sixLink"",""value"":false},{""key"":""corrupted"",""value"":false},{""key"":""foilVariation"",""value"":0}]",p15,0,14.8
"anomalous summon raging spirit",gem,"[{""key"":""lvl"",""value"":""1-18""},{""key"":""corrupted""},{""key"":""quality"",""value"":""1-18""}]",p15,0,26
"divine beauty",card,"[]",p15,0,123.75
"speaker's wreath",unique,"[{""key"":""sixLink"",""value"":false},{""key"":""corrupted"",""value"":false},{""key"":""foilVariation"",""value"":0}]",p15,0,1
"primitive chaotic resonator",resonator,"[]",p15,30,1.635
"the return of the rat",card,"[]",p15,0,9.2
"the devouring diadem",unique,"[{""key"":""sixLink"",""value"":false},{""key"":""corrupted"",""value"":false},{""key"":""foilVariation"",""value"":0}]",p15,0,403.8266666666666
"primitive chaotic resonator",resonator,"[]",p15,18,1.635
"vaal lightning strike",gem,"[{""key"":""lvl"",""value"":""1-18""},{""key"":""corrupted"",""value"":true},{""key"":""quality"",""value"":""0""}]",p15,0,1.75
"chains of command",unique,"[{""key"":""sixLink"",""value"":false},{""key"":""corrupted"",""value"":false},{""key"":""foilVariation"",""value"":0}]",p15,0,18.4
"empower support",gem,"[{""key"":""lvl"",""value"":""1""},{""key"":""corrupted""},{""key"":""quality"",""value"":""0""}]",p15,0,654.9
"sin trek",unique,"[{""key"":""sixLink"",""value"":false},{""key"":""corrupted"",""value"":true},{""key"":""foilVariation"",""value"":0}]",p15,0,16
"forbidden flesh",unique,"[{""key"":""sixLink"",""value"":false},{""key"":""corrupted"",""value"":true},{""key"":""foilVariation"",""value"":0}]",p15,0,169.325
"matua tupuna",unique,"[{""key"":""sixLink"",""value"":false},{""key"":""corrupted"",""value"":false},{""key"":""foilVariation"",""value"":0}]",p15,0,1.9
"geofri's sanctuary",unique,"[{""key"":""sixLink"",""value"":false},{""key"":""corrupted"",""value"":false},{""key"":""foilVariation"",""value"":0}]",p15,0,1.9
"essence of hysteria",essence,"[]",p15,0,29.6
"terminus est",unique,"[{""key"":""sixLink"",""value"":false},{""key"":""corrupted"",""value"":false},{""key"":""foilVariation"",""value"":0}]",p15,0,2.5
"rusted expedition scarab",scarab,"[]",p15,9,1
"wondertrap",unique,"[{""key"":""sixLink"",""value"":false},{""key"":""corrupted"",""value"":false},{""key"":""foilVariation"",""value"":0}]",p15,0,1
"the witch",card,"[]",p15,0,2.2
"deafening essence of woe",essence,"[]",p15,18,9
"deafening essence of woe",essence,"[]",p15,9,9
"the admirer",card,"[]",p15,0,3.8
"sepia oil",oil,"[]",p15,9,0.5
"noxious catalyst",currency,"[]",p15,18,1
"wreath of phrecia",unique,"[{""key"":""sixLink"",""value"":false},{""key"":""corrupted"",""value"":false},{""key"":""foilVariation"",""value"":0}]",p15,0,1
"call of the brotherhood",unique,"[{""key"":""sixLink"",""value"":false},{""key"":""corrupted"",""value"":false},{""key"":""foilVariation"",""value"":0}]",p15,0,10
"summon raging spirit",gem,"[{""key"":""lvl"",""value"":""20""},{""key"":""corrupted"",""value"":true},{""key"":""quality"",""value"":""0""}]",p15,0,3
"dense fossil",fossil,"[]",p15,18,4
"curtain call",unique,"[{""key"":""sixLink"",""value"":false},{""key"":""corrupted"",""value"":false},{""key"":""foilVariation"",""value"":0}]",p15,0,1
"kingsguard",unique,"[{""key"":""sixLink"",""value"":false},{""key"":""corrupted"",""value"":false},{""key"":""foilVariation"",""value"":0}]",p15,0,1.6
"repentance",unique,"[{""key"":""sixLink"",""value"":false},{""key"":""corrupted"",""value"":false},{""key"":""foilVariation"",""value"":0}]",p15,0,9
"deafening essence of contempt",essence,"[]",p15,0,8
"sepia oil",oil,"[]",p15,50,0.5
"deft fossil",fossil,"[]",p15,9,2.945
"deerstalker",unique,"[{""key"":""sixLink"",""value"":false},{""key"":""corrupted"",""value"":false},{""key"":""foilVariation"",""value"":0}]",p15,0,2.75
"mark of submission",unique,"[{""key"":""sixLink"",""value"":false},{""key"":""corrupted"",""value"":false},{""key"":""foilVariation"",""value"":0}]",p15,0,3
"shaper's seed",unique,"[{""key"":""sixLink"",""value"":false},{""key"":""corrupted"",""value"":true},{""key"":""foilVariation"",""value"":0}]",p15,0,13
"the eternal struggle",unique,"[{""key"":""sixLink"",""value"":false},{""key"":""corrupted"",""value"":false},{""key"":""foilVariation"",""value"":0}]",p15,0,18.2
"lightpoacher",unique,"[{""key"":""sixLink"",""value"":false},{""key"":""corrupted"",""value"":false},{""key"":""foilVariation"",""value"":0}]",p15,0,2
"chaos orb",currency,"[]",p15,100,1.003839529574823
"wyrmsign",unique,"[{""key"":""sixLink"",""value"":false},{""key"":""corrupted"",""value"":false},{""key"":""foilVariation"",""value"":0}]",p15,0,2.2
"mightflay",unique,"[{""key"":""sixLink"",""value"":false},{""key"":""corrupted"",""value"":false},{""key"":""foilVariation"",""value"":0}]",p15,0,1
"summon raging spirit",gem,"[{""key"":""lvl"",""value"":""20""},{""key"":""corrupted"",""value"":true},{""key"":""quality"",""value"":""20""}]",p15,0,6.5
"vaal orb",currency,"[]",p15,18,0.6798850574712644
"armoursmith's delirium orb",delirium orb,"[]",p15,0,6.5
"great old one's tentacles",unique,"[{""key"":""sixLink"",""value"":false},{""key"":""corrupted"",""value"":false},{""key"":""foilVariation"",""value"":0}]",p15,0,2.5
"poorjoy's asylum",unique,"[{""key"":""sixLink"",""value"":false},{""key"":""corrupted"",""value"":false},{""key"":""foilVariation"",""value"":0}]",p15,0,5.6
"essence of horror",essence,"[]",p15,0,34.6
"the darkest dream",card,"[]",p15,0,4
"orb of fusing",currency,"[]",p15,9,0.6665889953075785
"arcanist brand support",gem,"[{""key"":""lvl"",""value"":""1-18""},{""key"":""corrupted""},{""key"":""quality"",""value"":""1-18""}]",p15,0,7.75
"deafening essence of rage",essence,"[]",p15,0,6
"the eternal apple",unique,"[{""key"":""sixLink"",""value"":false},{""key"":""corrupted"",""value"":false},{""key"":""foilVariation"",""value"":0}]",p15,0,1
"victario's flight",unique,"[{""key"":""sixLink"",""value"":false},{""key"":""corrupted"",""value"":false},{""key"":""foilVariation"",""value"":0}]",p15,0,1
"summon chaos golem",gem,"[{""key"":""lvl"",""value"":""21""},{""key"":""corrupted"",""value"":true},{""key"":""quality"",""value"":""0""}]",p15,0,12.4
"asenath's gentle touch",unique,"[{""key"":""sixLink"",""value"":false},{""key"":""corrupted"",""value"":true},{""key"":""foilVariation"",""value"":0}]",p15,0,50.66666666666667
"potent chaotic resonator",resonator,"[]",p15,9,1.3
"kitava's thirst",unique,"[{""key"":""sixLink"",""value"":false},{""key"":""corrupted"",""value"":false},{""key"":""foilVariation"",""value"":0}]",p15,0,1
"jeweller's orb",currency,"[]",p15,100,0.1662371134020619
"tavukai",unique,"[{""key"":""sixLink"",""value"":false},{""key"":""corrupted"",""value"":false},{""key"":""foilVariation"",""value"":0}]",p15,0,10
"invictus solaris",unique,"[{""key"":""sixLink"",""value"":false},{""key"":""corrupted"",""value"":false},{""key"":""foilVariation"",""value"":0}]",p15,0,13
"voice of the storm",unique,"[{""key"":""sixLink"",""value"":false},{""key"":""corrupted"",""value"":false},{""key"":""foilVariation"",""value"":0}]",p15,0,13.8
"divine vessel",fragment,"[]",p15,18,3.3
"armourer's scrap",currency,"[]",p15,100,0.03205325140809012
"armourer's scrap",currency,"[]",p15,9,0.03205325140809012
"armourer's scrap",currency,"[]",p15,18,0.03205325140809012
"verdant oil",oil,"[]",p15,18,0.6799999999999999
"powerful chaotic resonator",resonator,"[]",p15,0,1
"harbinger's orb",currency,"[]",p15,18,2.725
"great old one's ward",unique,"[{""key"":""sixLink"",""value"":false},{""key"":""corrupted"",""value"":false},{""key"":""foilVariation"",""value"":0}]",p15,0,1.8
"armourer's scrap",currency,"[]",p15,50,0.03205325140809012
"armourer's scrap",currency,"[]",p15,0,0.03205325140809012
"armourer's scrap",currency,"[]",p15,30,0.03205325140809012
"instilling orb",currency,"[]",p15,30,0.7142857142857143
"the balance of terror",unique,"[{""key"":""sixLink"",""value"":false},{""key"":""corrupted"",""value"":false},{""key"":""foilVariation"",""value"":0}]",p15,0,31.41166666666667
"orb of scouring",currency,"[]",p15,50,0.5835784313725491
"eber's unification",unique,"[{""key"":""sixLink"",""value"":false},{""key"":""corrupted"",""value"":false},{""key"":""foilVariation"",""value"":0}]",p15,0,1.9
"alberon's warpath",unique,"[{""key"":""sixLink"",""value"":false},{""key"":""corrupted"",""value"":true},{""key"":""foilVariation"",""value"":0}]",p15,0,9.2
"stormcharger",unique,"[{""key"":""sixLink"",""value"":false},{""key"":""corrupted"",""value"":false},{""key"":""foilVariation"",""value"":0}]",p15,0,1
"winterheart",unique,"[{""key"":""sixLink"",""value"":false},{""key"":""corrupted"",""value"":true},{""key"":""foilVariation"",""value"":0}]",p15,0,12.4
"retaliation charm",unique,"[{""key"":""sixLink"",""value"":false},{""key"":""corrupted"",""value"":false},{""key"":""foilVariation"",""value"":0}]",p15,0,1
"orb of scouring",currency,"[]",p15,30,0.5835784313725491
"rusted shaper scarab",scarab,"[]",p15,18,0.9722222222222222
"simulacrum splinter",fragment,"[]",p15,18,0.2
"the anvil",unique,"[{""key"":""sixLink"",""value"":false},{""key"":""corrupted"",""value"":false},{""key"":""foilVariation"",""value"":0}]",p15,0,3.4
"divergent precision",gem,"[{""key"":""lvl"",""value"":""1-18""},{""key"":""corrupted""},{""key"":""quality"",""value"":""1-18""}]",p15,0,62
"prejudice",card,"[]",p15,0,5
"blight",gem,"[{""key"":""lvl"",""value"":""1-18""},{""key"":""corrupted""},{""key"":""quality"",""value"":""1-18""}]",p15,0,4.641999999999999
"wheel of the stormsail",unique,"[{""key"":""sixLink"",""value"":false},{""key"":""corrupted"",""value"":false},{""key"":""foilVariation"",""value"":0}]",p15,0,2.2
"tombfist",unique,"[{""key"":""sixLink"",""value"":false},{""key"":""corrupted"",""value"":false},{""key"":""foilVariation"",""value"":0}]",p15,0,5
"sadima's touch",unique,"[{""key"":""sixLink"",""value"":false},{""key"":""corrupted"",""value"":false},{""key"":""foilVariation"",""value"":0}]",p15,0,1.9
"moonbender's wing",unique,"[{""key"":""sixLink"",""value"":false},{""key"":""corrupted"",""value"":false},{""key"":""foilVariation"",""value"":0}]",p15,0,1
"loreweave",unique,"[{""key"":""sixLink"",""value"":false},{""key"":""corrupted"",""value"":false},{""key"":""foilVariation"",""value"":0}]",p15,0,63.99999999999999
"reverberation rod",unique,"[{""key"":""sixLink"",""value"":false},{""key"":""corrupted"",""value"":false},{""key"":""foilVariation"",""value"":0}]",p15,0,10
"widowmaker",unique,"[{""key"":""sixLink"",""value"":false},{""key"":""corrupted"",""value"":false},{""key"":""foilVariation"",""value"":0}]",p15,0,2.75
"clear oil",oil,"[]",p15,50,0.5
"the oppressor",unique,"[{""key"":""sixLink"",""value"":false},{""key"":""corrupted"",""value"":false},{""key"":""foilVariation"",""value"":0}]",p15,0,1
"clear oil",oil,"[]",p15,18,0.5
"fractal thoughts",unique,"[{""key"":""sixLink"",""value"":false},{""key"":""corrupted"",""value"":false},{""key"":""foilVariation"",""value"":0}]",p15,0,4.6
"daresso's passion",unique,"[{""key"":""sixLink"",""value"":false},{""key"":""corrupted"",""value"":false},{""key"":""foilVariation"",""value"":0}]",p15,0,1.6
"kalisa's grace",unique,"[{""key"":""sixLink"",""value"":false},{""key"":""corrupted"",""value"":false},{""key"":""foilVariation"",""value"":0}]",p15,0,1
"eclipse solaris",unique,"[{""key"":""sixLink"",""value"":false},{""key"":""corrupted"",""value"":false},{""key"":""foilVariation"",""value"":0}]",p15,0,1
"maven's invitation: the hidden",invitation,"[]",p15,0,51.2
"summon flame golem",gem,"[{""key"":""lvl"",""value"":""21""},{""key"":""corrupted"",""value"":true},{""key"":""quality"",""value"":""0""}]",p15,0,4.6
"seven years bad luck",card,"[]",p15,0,94
"the chains that bind",card,"[]",p15,0,4
"ungil's harmony",unique,"[{""key"":""sixLink"",""value"":false},{""key"":""corrupted"",""value"":false},{""key"":""foilVariation"",""value"":0}]",p15,0,12.4
"shroud of the lightless",unique,"[{""key"":""sixLink"",""value"":false},{""key"":""corrupted"",""value"":false},{""key"":""foilVariation"",""value"":0}]",p15,0,21.8
"aetheric fossil",fossil,"[]",p15,0,3
"rigwald's crest",unique,"[{""key"":""sixLink"",""value"":false},{""key"":""corrupted"",""value"":false},{""key"":""foilVariation"",""value"":0}]",p15,0,5.8
"the eldritch decay",card,"[]",p15,0,5
"stormfire",unique,"[{""key"":""sixLink"",""value"":false},{""key"":""corrupted"",""value"":false},{""key"":""foilVariation"",""value"":0}]",p15,0,3.9
"storm brand",gem,"[{""key"":""lvl"",""value"":""1-18""},{""key"":""corrupted""},{""key"":""quality"",""value"":""20""}]",p15,0,10
"shrieking essence of doubt",essence,"[]",p15,18,1.695
"geofri's baptism",unique,"[{""key"":""sixLink"",""value"":false},{""key"":""corrupted"",""value"":false},{""key"":""foilVariation"",""value"":0}]",p15,0,2.2
"gloomfang",unique,"[{""key"":""sixLink"",""value"":false},{""key"":""corrupted"",""value"":false},{""key"":""foilVariation"",""value"":0}]",p15,0,9.9
"replica alpha's howl",unique,"[{""key"":""sixLink"",""value"":false},{""key"":""corrupted"",""value"":false},{""key"":""foilVariation"",""value"":0}]",p15,0,17.2
"doedre's tenure",unique,"[{""key"":""sixLink"",""value"":false},{""key"":""corrupted"",""value"":false},{""key"":""foilVariation"",""value"":0}]",p15,0,1.6
"jaws of agony",unique,"[{""key"":""sixLink"",""value"":false},{""key"":""corrupted"",""value"":false},{""key"":""foilVariation"",""value"":0}]",p15,0,1
"infernal mantle",unique,"[{""key"":""sixLink"",""value"":false},{""key"":""corrupted"",""value"":false},{""key"":""foilVariation"",""value"":0}]",p15,0,4
"lori's lantern",unique,"[{""key"":""sixLink"",""value"":false},{""key"":""corrupted"",""value"":false},{""key"":""foilVariation"",""value"":0}]",p15,0,3
"the ephemeral bond",unique,"[{""key"":""sixLink"",""value"":false},{""key"":""corrupted"",""value"":false},{""key"":""foilVariation"",""value"":0}]",p15,0,3
"saemus' gift",unique,"[{""key"":""sixLink"",""value"":false},{""key"":""corrupted"",""value"":false},{""key"":""foilVariation"",""value"":0}]",p15,0,1
"rigwald's savagery",unique,"[{""key"":""sixLink"",""value"":false},{""key"":""corrupted"",""value"":false},{""key"":""foilVariation"",""value"":0}]",p15,0,2.2
"shavronne's wrappings",unique,"[{""key"":""sixLink"",""value"":false},{""key"":""corrupted"",""value"":false},{""key"":""foilVariation"",""value"":0}]",p15,0,80
"axiom perpetuum",unique,"[{""key"":""sixLink"",""value"":false},{""key"":""corrupted"",""value"":false},{""key"":""foilVariation"",""value"":0}]",p15,0,2
"the embalmer",unique,"[{""key"":""sixLink"",""value"":false},{""key"":""corrupted"",""value"":true},{""key"":""foilVariation"",""value"":0}]",p15,0,25
"aukuna's will",unique,"[{""key"":""sixLink"",""value"":false},{""key"":""corrupted"",""value"":false},{""key"":""foilVariation"",""value"":0}]",p15,0,1.6